county_fips,name,area_km2,tdepth_C,tdepth_n,tdepth_std_mean,T_3000m_mean,T_4000m_mean,T_5000m_mean,tdepth_km,measured_vs_model,tdepth_source_col,thermal_control_n,thermal_control_source,substation_dist_km,substation_n_tx,eia_plant_dist_km,eia_plant_n_tx,well_density,well_density_band,well_density_note,rrc_vintage,texnet_event_n,texnet_risk_flag,texnet_status,texnet_vintage,texnet_data_present,padus_gap12_n,padus_frac,padus_protected_flag,padus_status,padus_vintage,padus_data_present,crs_analysis
48355,Nueces,2256.0331830289083,140.08299392308945,117,10.055170307811508,110.3833270602756,140.08299392308945,172.1278064434345,4.0,model_stanford,T_4000m,87.0,smu_gdr_1704,1.6772580345844588,4939,7.507827803089054,1513,0.03856326256832597,High,smu_control_density_proxy_rrc_pending,proxy_smu_control_not_rrc_digital_map,0,False,loaded,texnet_arcgis_mge2.5,True,12,0.004308406945235469,False,loaded,padus_2.1_fee_gap12_frac01,True,EPSG:3083
48215,Hidalgo,4102.361000626274,146.0308696896422,204,10.701989414645176,116.36473842695648,146.0308696896422,177.36246438119926,4.0,model_stanford,T_4000m,160.0,smu_gdr_1704,4.437943598966559,4939,4.331974118862445,1513,0.039001930833384504,High,smu_control_density_proxy_rrc_pending,proxy_smu_control_not_rrc_digital_map,0,False,loaded,texnet_arcgis_mge2.5,True,18,0.02695702213365351,True,loaded,padus_2.1_fee_gap12_frac01,True,EPSG:3083
48061,Cameron,2606.502858191316,129.2097223038064,133,11.067986488342285,102.38595552372753,129.2097223038064,158.04523772046082,4.0,model_stanford,T_4000m,19.0,smu_gdr_1704,4.0110671819694,4939,3.9481474413462485,1513,0.007289460642749623,Medium,smu_control_density_proxy_rrc_pending,proxy_smu_control_not_rrc_digital_map,0,False,loaded,texnet_arcgis_mge2.5,True,18,0.17019057881856153,True,loaded,padus_2.1_fee_gap12_frac01,True,EPSG:3083
48479,Webb,8746.315333703658,145.28364262645601,442,9.892215871163623,118.10224904194138,145.28364262645601,172.8059923681199,4.0,model_stanford,T_4000m,2051.0,smu_gdr_1704,16.9049784355118,4939,11.050713868699926,1513,0.23449874852974192,High,smu_control_density_proxy_rrc_pending,proxy_smu_control_not_rrc_digital_map,1,True,loaded,texnet_arcgis_mge2.5,True,0,0.0,False,loaded,padus_2.1_fee_gap12_frac01,True,EPSG:3083
48057,Calhoun,1928.9026950744862,134.99676853595395,101,10.530195240927215,107.00431098560296,134.99676853595395,164.91128086807703,4.0,model_stanford,T_4000m,44.0,smu_gdr_1704,6.9614126265346075,4939,20.953850953768143,1513,0.02281089663690936,High,smu_control_density_proxy_rrc_pending,proxy_smu_control_not_rrc_digital_map,0,False,loaded,texnet_arcgis_mge2.5,True,5,0.08630285748312427,True,loaded,padus_2.1_fee_gap12_frac01,True,EPSG:3083
48323,Maverick,3345.824972526838,124.83159127346305,172,10.15595272252726,100.80782220529956,124.83159127346305,149.6947680628577,4.0,model_stanford,T_4000m,59.0,smu_gdr_1704,6.3576134523933465,4939,13.67069545606191,1513,0.017633917041225845,High,smu_control_density_proxy_rrc_pending,proxy_smu_control_not_rrc_digital_map,13,True,loaded,texnet_arcgis_mge2.5,True,0,0.0,False,loaded,padus_2.1_fee_gap12_frac01,True,EPSG:3083
48465,Val Verde,8373.027409996075,117.06044254124721,428,11.15650943729365,96.65810219595366,117.06044254124721,138.12663454430125,4.0,model_stanford,T_4000m,36.0,smu_gdr_1704,8.818002715293822,4939,9.080127768180269,1513,0.004299520142143769,Low,smu_control_density_proxy_rrc_pending,proxy_smu_control_not_rrc_digital_map,0,False,loaded,texnet_arcgis_mge2.5,True,2,0.011987833337135767,True,loaded,padus_2.1_fee_gap12_frac01,True,EPSG:3083
48039,Brazoria,3774.790934800249,131.9129504776001,200,9.812113468647004,104.03207202911376,131.9129504776001,161.94067703247072,4.0,model_stanford,T_4000m,74.0,smu_gdr_1704,4.030761455777481,4939,1.2411939003191663,1513,0.019603734691048754,High,smu_control_density_proxy_rrc_pending,proxy_smu_control_not_rrc_digital_map,0,False,loaded,texnet_arcgis_mge2.5,True,16,0.12705216639130762,True,loaded,padus_2.1_fee_gap12_frac01,True,EPSG:3083
48229,Hudspeth,11841.213879632816,105.26847380435828,660,11.759092075174506,82.57030121774385,105.26847380435828,128.95890749151056,4.0,model_stanford,T_4000m,81.0,smu_gdr_1704,16.401283092860773,4939,64.94745956337697,1513,0.006840514901881979,Medium,smu_control_density_proxy_rrc_pending,proxy_smu_control_not_rrc_digital_map,5,True,loaded,texnet_arcgis_mge2.5,True,2,0.009701380506242595,False,loaded,padus_2.1_fee_gap12_frac01,True,EPSG:3083
48203,Harrison,2371.8690826726497,137.64423442450095,127,9.065121759579876,114.15167362483467,137.64423442450095,160.17361810639147,4.0,model_stanford,T_4000m,453.0,smu_gdr_1704,2.0257256157811394,4939,2.6583091812464867,1513,0.19098861876877046,High,smu_control_density_proxy_rrc_pending,proxy_smu_control_not_rrc_digital_map,0,False,loaded,texnet_arcgis_mge2.5,True,2,0.014335960895234472,True,loaded,padus_2.1_fee_gap12_frac01,True,EPSG:3083
48387,Red River,2738.086002399365,121.70797371002566,166,9.451171797442148,98.61531043914427,121.70797371002566,144.03644653687994,4.0,model_stanford,T_4000m,16.0,smu_gdr_1704,3.4037716327958902,4939,28.428489510501898,1513,0.005843497971202992,Low,smu_control_density_proxy_rrc_pending,proxy_smu_control_not_rrc_digital_map,0,False,loaded,texnet_arcgis_mge2.5,True,3,0.0020532121096182923,False,loaded,padus_2.1_fee_gap12_frac01,True,EPSG:3083
48315,Marion,1088.8155694375455,135.04356581164944,62,9.444113608329527,111.57114582677042,135.04356581164944,157.86933455928678,4.0,model_stanford,T_4000m,17.0,smu_gdr_1704,1.4559044203176592,4939,17.50039492514822,1513,0.01561329620661263,High,smu_control_density_proxy_rrc_pending,proxy_smu_control_not_rrc_digital_map,0,False,loaded,texnet_arcgis_mge2.5,True,2,0.027418607911817838,True,loaded,padus_2.1_fee_gap12_frac01,True,EPSG:3083
48481,Wharton,2834.188133148447,136.34221374096515,147,9.437400814627303,107.94322194209715,136.34221374096515,165.2919473453444,4.0,model_stanford,T_4000m,114.0,smu_gdr_1704,9.161131279886856,4939,9.838950554978757,1513,0.04022315902979931,High,smu_control_density_proxy_rrc_pending,proxy_smu_control_not_rrc_digital_map,0,False,loaded,texnet_arcgis_mge2.5,True,2,0.00037817532685406683,False,loaded,padus_2.1_fee_gap12_frac01,True,EPSG:3083
48001,Anderson,2791.991352727155,130.08715346591924,153,9.101128067066467,107.9328997742896,130.08715346591924,151.4606849820006,4.0,model_stanford,T_4000m,33.0,smu_gdr_1704,8.545950588047749,4939,13.26044068272925,1513,0.011819520847643863,Medium,smu_control_density_proxy_rrc_pending,proxy_smu_control_not_rrc_digital_map,0,False,loaded,texnet_arcgis_mge2.5,True,5,0.02380773328179417,True,loaded,padus_2.1_fee_gap12_frac01,True,EPSG:3083
48157,Fort Bend,2292.6365263168987,134.03404916127522,120,9.140002922217052,106.20068238576253,134.03404916127522,163.20700861612957,4.0,model_stanford,T_4000m,67.0,smu_gdr_1704,4.798987288425339,4939,4.167653057047102,1513,0.029223995705780253,High,smu_control_density_proxy_rrc_pending,proxy_smu_control_not_rrc_digital_map,0,False,loaded,texnet_arcgis_mge2.5,True,3,0.004367800278214533,False,loaded,padus_2.1_fee_gap12_frac01,True,EPSG:3083
48257,Kaufman,2091.4655491312315,121.5060315813337,119,9.86421783831941,98.63685133477219,121.5060315813337,143.25819653422892,4.0,model_stanford,T_4000m,12.0,smu_gdr_1704,2.74676535230771,4939,10.154844698845173,1513,0.005737603473786431,Low,smu_control_density_proxy_rrc_pending,proxy_smu_control_not_rrc_digital_map,0,False,loaded,texnet_arcgis_mge2.5,True,4,0.00044609003460385695,False,loaded,padus_2.1_fee_gap12_frac01,True,EPSG:3083
48471,Walker,2075.9650732691907,130.13796570923952,111,9.299423217773438,106.3931328713357,130.13796570923952,152.63845082875844,4.0,model_stanford,T_4000m,20.0,smu_gdr_1704,5.727034565047164,4939,9.830313969889087,1513,0.009634073452162842,Medium,smu_control_density_proxy_rrc_pending,proxy_smu_control_not_rrc_digital_map,0,False,loaded,texnet_arcgis_mge2.5,True,4,0.0004742500777376964,False,loaded,padus_2.1_fee_gap12_frac01,True,EPSG:3083
48495,Winkler,2177.5258165407968,88.80161730448405,120,11.79469173749288,71.54968757629395,88.80161730448405,107.1878116607666,4.0,model_stanford,T_4000m,9.0,smu_gdr_1704,1.850049224906009,4939,20.6863771511289,1513,0.004133131249987814,Low,smu_control_density_proxy_rrc_pending,proxy_smu_control_not_rrc_digital_map,10,True,loaded,texnet_arcgis_mge2.5,True,0,0.0,False,loaded,padus_2.1_fee_gap12_frac01,True,EPSG:3083
48125,Dickens,2345.9656855747294,85.78931868371885,121,11.534807926367137,67.3060543596252,85.78931868371885,105.55570523600933,4.0,model_stanford,T_4000m,25.0,smu_gdr_1704,9.312293559098746,4939,22.004226331349848,1513,0.010656592359267754,Medium,smu_control_density_proxy_rrc_pending,proxy_smu_control_not_rrc_digital_map,0,False,loaded,texnet_arcgis_mge2.5,True,2,0.0005718238994918052,False,loaded,padus_2.1_fee_gap12_frac01,True,EPSG:3083
48053,Burnet,2646.4321942280435,111.16754600985739,149,11.36960070245218,90.80203554294253,111.16754600985739,130.22889617305475,4.0,model_stanford,T_4000m,1.0,smu_gdr_1704,5.7137182741274355,4939,6.120915151892401,1513,0.0003778672290115852,Low,smu_control_density_proxy_rrc_pending,proxy_smu_control_not_rrc_digital_map,0,False,loaded,texnet_arcgis_mge2.5,True,4,0.012525438797117098,True,loaded,padus_2.1_fee_gap12_frac01,True,EPSG:3083
48267,Kimble,3240.66005998884,100.88156625126184,178,11.745068426882282,81.50950875443019,100.88156625126184,119.83445023954584,4.0,model_stanford,T_4000m,16.0,smu_gdr_1704,3.6331689819257664,4939,5.780657229902433,1513,0.004937265774200055,Low,smu_control_density_proxy_rrc_pending,proxy_smu_control_not_rrc_digital_map,0,False,loaded,texnet_arcgis_mge2.5,True,0,0.0,False,loaded,padus_2.1_fee_gap12_frac01,True,EPSG:3083
48287,Lee,1642.442016472825,123.5517266091336,89,9.628658492913408,100.72339767284608,123.5517266091336,146.28873777925298,4.0,model_stanford,T_4000m,15.0,smu_gdr_1704,13.02518592472308,4939,16.43292935470027,1513,0.009132742495356264,Medium,smu_control_density_proxy_rrc_pending,proxy_smu_control_not_rrc_digital_map,0,False,loaded,texnet_arcgis_mge2.5,True,0,0.0,False,loaded,padus_2.1_fee_gap12_frac01,True,EPSG:3083
48289,Leon,2798.9560609650102,135.73798510902807,152,9.447012377412696,111.77246675993267,135.73798510902807,157.8802537416157,4.0,model_stanford,T_4000m,51.0,smu_gdr_1704,10.186910684063843,4939,25.271701150511056,1513,0.018221079177075925,High,smu_control_density_proxy_rrc_pending,proxy_smu_control_not_rrc_digital_map,2,True,loaded,texnet_arcgis_mge2.5,True,1,0.0021744926572976556,False,loaded,padus_2.1_fee_gap12_frac01,True,EPSG:3083
48063,Camp,526.3309817278899,125.71000427246094,25,9.66665843963623,102.22895874023438,125.71000427246094,148.463876953125,4.0,model_stanford,T_4000m,3.0,smu_gdr_1704,2.8879543085426995,4939,12.827474336024196,1513,0.005699835472636081,Low,smu_control_density_proxy_rrc_pending,proxy_smu_control_not_rrc_digital_map,0,False,loaded,texnet_arcgis_mge2.5,True,0,0.0,False,loaded,padus_2.1_fee_gap12_frac01,True,EPSG:3083
48449,Titus,1102.4083747926443,121.77671338691086,61,9.378161344371858,98.16288507180136,121.77671338691086,144.80580039102523,4.0,model_stanford,T_4000m,10.0,smu_gdr_1704,4.458941802874933,4939,14.300645735979865,1513,0.009071048650080269,Medium,smu_control_density_proxy_rrc_pending,proxy_smu_control_not_rrc_digital_map,0,False,loaded,texnet_arcgis_mge2.5,True,0,0.0,False,loaded,padus_2.1_fee_gap12_frac01,True,EPSG:3083
48455,Trinity,1849.5346395038923,125.94069730888293,103,8.87700536876049,102.52961264304744,125.94069730888293,149.10140931953504,4.0,model_stanford,T_4000m,14.0,smu_gdr_1704,15.976196837656657,4939,12.903298910056979,1513,0.007569471639501314,Medium,smu_control_density_proxy_rrc_pending,proxy_smu_control_not_rrc_digital_map,0,False,loaded,texnet_arcgis_mge2.5,True,0,0.0,False,loaded,padus_2.1_fee_gap12_frac01,True,EPSG:3083
48477,Washington,1610.328924615194,128.74812856534632,82,9.910370832536278,105.87736650792564,128.74812856534632,147.5580236853623,4.0,model_stanford,T_4000m,13.0,smu_gdr_1704,5.916802312845675,4939,10.22205636261537,1513,0.00807288486301424,Medium,smu_control_density_proxy_rrc_pending,proxy_smu_control_not_rrc_digital_map,0,False,loaded,texnet_arcgis_mge2.5,True,0,0.0,False,loaded,padus_2.1_fee_gap12_frac01,True,EPSG:3083
48341,Moore,2355.741878388351,95.67802959018283,144,9.848544226752388,76.49472750557794,95.67802959018283,114.60050005382962,4.0,model_stanford,T_4000m,17.0,smu_gdr_1704,6.1178147592807015,4939,8.363853133154956,1513,0.007216410318956643,Medium,smu_control_density_proxy_rrc_pending,proxy_smu_control_not_rrc_digital_map,1,True,loaded,texnet_arcgis_mge2.5,True,0,0.0,False,loaded,padus_2.1_fee_gap12_frac01,True,EPSG:3083
48155,Foard,1833.273843274399,98.45095314235863,109,9.985647337152324,79.66028685963482,98.45095314235863,117.65662594016538,4.0,model_stanford,T_4000m,9.0,smu_gdr_1704,1.506851974503986,4939,4.662278570072558,1513,0.00490925020995508,Low,smu_control_density_proxy_rrc_pending,proxy_smu_control_not_rrc_digital_map,0,False,loaded,texnet_arcgis_mge2.5,True,0,0.0,False,loaded,padus_2.1_fee_gap12_frac01,True,EPSG:3083
48071,Chambers,1637.4876916743438,127.38982626108023,78,10.389105466695932,100.00143051147461,127.38982626108023,156.68817510360327,4.0,model_stanford,T_4000m,41.0,smu_gdr_1704,15.177670234724697,4939,34.032475890650424,1513,0.02503835614060536,High,smu_control_density_proxy_rrc_pending,proxy_smu_control_not_rrc_digital_map,0,False,loaded,texnet_arcgis_mge2.5,True,4,0.0905992665441776,True,loaded,padus_2.1_fee_gap12_frac01,True,EPSG:3083
48167,Galveston,1065.6528185896882,132.67638975998452,58,9.808946913686292,104.61182153636011,132.67638975998452,162.58375549316406,4.0,model_stanford,T_4000m,27.0,smu_gdr_1704,0.7874388977694288,4939,2.149827223910553,1513,0.025336581979609907,High,smu_control_density_proxy_rrc_pending,proxy_smu_control_not_rrc_digital_map,0,False,loaded,texnet_arcgis_mge2.5,True,21,0.04133045530572475,True,loaded,padus_2.1_fee_gap12_frac01,True,EPSG:3083
48003,Andrews,3888.2178849317215,85.40861136453194,228,11.754777481681423,69.23066162644771,85.40861136453194,102.31499611703973,4.0,model_stanford,T_4000m,19.0,smu_gdr_1704,0.6887682608203939,4939,9.20083061520094,1513,0.004886557431267422,Low,smu_control_density_proxy_rrc_pending,proxy_smu_control_not_rrc_digital_map,12,True,loaded,texnet_arcgis_mge2.5,True,1,1.4227527323669869e-05,False,loaded,padus_2.1_fee_gap12_frac01,True,EPSG:3083
48037,Bowie,2390.7638909485227,125.65933640558917,133,9.657935425751191,102.13303489971878,125.65933640558917,148.4121668535964,4.0,model_stanford,T_4000m,14.0,smu_gdr_1704,0.8273376706753084,4939,38.595685516466006,1513,0.005855868935031295,Low,smu_control_density_proxy_rrc_pending,proxy_smu_control_not_rrc_digital_map,1,True,loaded,texnet_arcgis_mge2.5,True,1,0.0004922844294969462,False,loaded,padus_2.1_fee_gap12_frac01,True,EPSG:3083
48205,Hartley,3789.3606691543873,94.85136629740397,240,9.971065972248713,75.57316853205363,94.85136629740397,114.59404703776042,4.0,model_stanford,T_4000m,27.0,smu_gdr_1704,25.722413793047348,4939,54.736837493780186,1513,0.007125212498187767,Medium,smu_control_density_proxy_rrc_pending,proxy_smu_control_not_rrc_digital_map,3,True,loaded,texnet_arcgis_mge2.5,True,0,0.0,False,loaded,padus_2.1_fee_gap12_frac01,True,EPSG:3083
48043,Brewster,16038.832464597901,106.73957702707443,863,12.496371323926976,84.99275275149738,106.73957702707443,129.75101635381492,4.0,model_stanford,T_4000m,15.0,smu_gdr_1704,12.950596294386571,4939,79.71199911125012,1513,0.0009352301692226732,Low,smu_control_density_proxy_rrc_pending,proxy_smu_control_not_rrc_digital_map,4,True,loaded,texnet_arcgis_mge2.5,True,5,0.23086992035173934,True,loaded,padus_2.1_fee_gap12_frac01,True,EPSG:3083
48453,Travis,2654.78877511014,119.57620772781905,143,10.437290111621776,97.29562559327879,119.57620772781905,140.95598212822333,4.0,model_stanford,T_4000m,3.0,smu_gdr_1704,1.0233730578892484,4939,3.4206664696421067,1513,0.001130033405341462,Low,smu_control_density_proxy_rrc_pending,proxy_smu_control_not_rrc_digital_map,0,False,loaded,texnet_arcgis_mge2.5,True,138,0.06445612971351518,True,loaded,padus_2.1_fee_gap12_frac01,True,EPSG:3083
48339,Montgomery,2789.2634194316074,134.69121336456914,149,9.662307723256566,109.04939925430605,134.69121336456914,158.6781648981491,4.0,model_stanford,T_4000m,46.0,smu_gdr_1704,2.1692380143758743,4939,6.801274910573095,1513,0.016491809156330535,High,smu_control_density_proxy_rrc_pending,proxy_smu_control_not_rrc_digital_map,0,False,loaded,texnet_arcgis_mge2.5,True,4,1.1271036064750722e-05,False,loaded,padus_2.1_fee_gap12_frac01,True,EPSG:3083
48187,Guadalupe,1851.1011241114497,120.97198933302754,99,10.424015868793834,98.29171698984473,120.97198933302754,143.20066725605665,4.0,model_stanford,T_4000m,12.0,smu_gdr_1704,1.9661352235975793,4939,2.479999992695731,1513,0.006482628011886785,Medium,smu_control_density_proxy_rrc_pending,proxy_smu_control_not_rrc_digital_map,0,False,loaded,texnet_arcgis_mge2.5,True,1,1.5470442430371337e-05,False,loaded,padus_2.1_fee_gap12_frac01,True,EPSG:3083
48423,Smith,2459.7836251926865,133.35089606960324,137,9.013661889264183,111.09677664206846,133.35089606960324,154.59945467092695,4.0,model_stanford,T_4000m,135.0,smu_gdr_1704,1.2591507100052457,4939,23.27845265200648,1513,0.054882876126726314,High,smu_control_density_proxy_rrc_pending,proxy_smu_control_not_rrc_digital_map,0,False,loaded,texnet_arcgis_mge2.5,True,5,0.009970319495911284,False,loaded,padus_2.1_fee_gap12_frac01,True,EPSG:3083
48475,Ward,2165.4274715421084,90.51807128405962,122,12.065906813887299,72.12420119613897,90.51807128405962,109.48774506615811,4.0,model_stanford,T_4000m,3.0,smu_gdr_1704,3.1174197407978372,4939,3.151823726032456,1513,0.0013854077494747728,Low,smu_control_density_proxy_rrc_pending,proxy_smu_control_not_rrc_digital_map,9,True,loaded,texnet_arcgis_mge2.5,True,0,0.0,False,loaded,padus_2.1_fee_gap12_frac01,True,EPSG:3083
48103,Crane,2036.6663771255228,87.15426695450492,115,12.29627917745839,68.16981871231742,87.15426695450492,106.08683113429858,4.0,model_stanford,T_4000m,15.0,smu_gdr_1704,2.8089210845168853,4939,25.140155205535375,1513,0.0073649764971180295,Medium,smu_control_density_proxy_rrc_pending,proxy_smu_control_not_rrc_digital_map,0,False,loaded,texnet_arcgis_mge2.5,True,0,0.0,False,loaded,padus_2.1_fee_gap12_frac01,True,EPSG:3083
48437,Swisher,2333.327602690475,92.01950348748102,144,10.063846223884159,71.5313884417216,92.01950348748102,112.86316972308688,4.0,model_stanford,T_4000m,8.0,smu_gdr_1704,4.720427654748994,4939,18.607727012484936,1513,0.003428579849128554,Low,smu_control_density_proxy_rrc_pending,proxy_smu_control_not_rrc_digital_map,0,False,loaded,texnet_arcgis_mge2.5,True,0,0.0,False,loaded,padus_2.1_fee_gap12_frac01,True,EPSG:3083
48223,Hopkins,2053.147742642564,119.59430127439246,113,9.42382780851516,97.46187989901652,119.59430127439246,140.7512489251331,4.0,model_stanford,T_4000m,13.0,smu_gdr_1704,3.007576037025471,4939,8.755613251443403,1513,0.006331741126075987,Medium,smu_control_density_proxy_rrc_pending,proxy_smu_control_not_rrc_digital_map,0,False,loaded,texnet_arcgis_mge2.5,True,0,0.0,False,loaded,padus_2.1_fee_gap12_frac01,True,EPSG:3083
48015,Austin,1700.0981311428445,137.11768681952293,94,9.538461142397942,110.93590294046605,137.11768681952293,160.83330811845497,4.0,model_stanford,T_4000m,46.0,smu_gdr_1704,8.56817769285761,4939,8.750166379857294,1513,0.027057261670582367,High,smu_control_density_proxy_rrc_pending,proxy_smu_control_not_rrc_digital_map,0,False,loaded,texnet_arcgis_mge2.5,True,1,0.0031090274476619577,False,loaded,padus_2.1_fee_gap12_frac01,True,EPSG:3083
48059,Callahan,2334.1211981301503,103.94111725591844,124,11.276534634251748,84.03678223394579,103.94111725591844,123.40753918309366,4.0,model_stanford,T_4000m,35.0,smu_gdr_1704,13.223241137464553,4939,7.748644137824874,1513,0.014994936864477422,High,smu_control_density_proxy_rrc_pending,proxy_smu_control_not_rrc_digital_map,0,False,loaded,texnet_arcgis_mge2.5,True,0,0.0,False,loaded,padus_2.1_fee_gap12_frac01,True,EPSG:3083
48073,Cherokee,2750.9441271605097,133.92300830244207,147,8.910147936165739,110.8023667108445,133.92300830244207,156.4486517873751,4.0,model_stanford,T_4000m,53.0,smu_gdr_1704,2.1423474446764086,4939,24.758643100625946,1513,0.019266112850756422,High,smu_control_density_proxy_rrc_pending,proxy_smu_control_not_rrc_digital_map,0,False,loaded,texnet_arcgis_mge2.5,True,2,0.008884127400204929,False,loaded,padus_2.1_fee_gap12_frac01,True,EPSG:3083
48499,Wood,1801.831223226072,129.01574025570767,103,8.979267495349774,107.35116703070483,129.01574025570767,149.7304671204206,4.0,model_stanford,T_4000m,27.0,smu_gdr_1704,2.893824764176572,4939,26.78581759253304,1513,0.014984755315571733,High,smu_control_density_proxy_rrc_pending,proxy_smu_control_not_rrc_digital_map,0,False,loaded,texnet_arcgis_mge2.5,True,2,0.006613163435924039,False,loaded,padus_2.1_fee_gap12_frac01,True,EPSG:3083
48333,Mills,1941.8381251638623,107.07291160439546,106,11.234460637254536,86.62187864195626,107.07291160439546,126.55257653290371,4.0,model_stanford,T_4000m,10.0,smu_gdr_1704,9.482917128850346,4939,16.626238910010912,1513,0.005149759843733704,Low,smu_control_density_proxy_rrc_pending,proxy_smu_control_not_rrc_digital_map,0,False,loaded,texnet_arcgis_mge2.5,True,0,0.0,False,loaded,padus_2.1_fee_gap12_frac01,True,EPSG:3083
48083,Coleman,3318.9954115115684,101.28336221795333,190,11.705348993602552,82.16962400737562,101.28336221795333,119.4278185794228,4.0,model_stanford,T_4000m,49.0,smu_gdr_1704,12.954362856963634,4939,6.504433704918194,1513,0.014763503387214372,High,smu_control_density_proxy_rrc_pending,proxy_smu_control_not_rrc_digital_map,0,False,loaded,texnet_arcgis_mge2.5,True,0,0.0,False,loaded,padus_2.1_fee_gap12_frac01,True,EPSG:3083
48317,Martin,2371.594685538028,93.39880868160364,132,10.901459383242058,79.03848653851134,93.39880868160364,108.8359611973618,4.0,model_stanford,T_4000m,12.0,smu_gdr_1704,14.903714477878177,4939,13.75237859066739,1513,0.005059886528324564,Low,smu_control_density_proxy_rrc_pending,proxy_smu_control_not_rrc_digital_map,236,True,loaded,texnet_arcgis_mge2.5,True,0,0.0,False,loaded,padus_2.1_fee_gap12_frac01,True,EPSG:3083
48051,Burleson,1753.1389731289075,127.28509890648627,93,9.552646816417734,104.46736981791835,127.28509890648627,149.14756545200143,4.0,model_stanford,T_4000m,12.0,smu_gdr_1704,14.342202295763416,4939,21.730814391119825,1513,0.006844865229698847,Medium,smu_control_density_proxy_rrc_pending,proxy_smu_control_not_rrc_digital_map,0,False,loaded,texnet_arcgis_mge2.5,True,0,0.0,False,loaded,padus_2.1_fee_gap12_frac01,True,EPSG:3083
48469,Victoria,2302.0819536659906,140.11520476260426,118,9.643816697395454,110.9765012708761,140.11520476260426,170.42359833798167,4.0,model_stanford,T_4000m,115.0,smu_gdr_1704,2.8563915752357216,4939,4.242120712600739,1513,0.04995478106974699,High,smu_control_density_proxy_rrc_pending,proxy_smu_control_not_rrc_digital_map,0,False,loaded,texnet_arcgis_mge2.5,True,3,0.001503943799107783,False,loaded,padus_2.1_fee_gap12_frac01,True,EPSG:3083
48399,Runnels,2737.7958886699603,98.96300138460172,143,11.525109084336075,80.07133334499973,98.96300138460172,116.99249833113663,4.0,model_stanford,T_4000m,42.0,smu_gdr_1704,11.288706918459136,4939,31.05037492502252,1513,0.015340807608708875,High,smu_control_density_proxy_rrc_pending,proxy_smu_control_not_rrc_digital_map,0,False,loaded,texnet_arcgis_mge2.5,True,0,0.0,False,loaded,padus_2.1_fee_gap12_frac01,True,EPSG:3083
48379,Rains,670.4358943187026,129.58824734571505,41,9.518464076809767,107.36740298387481,129.58824734571505,150.11081341999332,4.0,model_stanford,T_4000m,2.0,smu_gdr_1704,10.431750658141976,4939,6.150244733588365,1513,0.00298313383419365,Low,smu_control_density_proxy_rrc_pending,proxy_smu_control_not_rrc_digital_map,0,False,loaded,texnet_arcgis_mge2.5,True,0,0.0,False,loaded,padus_2.1_fee_gap12_frac01,True,EPSG:3083
48065,Carson,2392.8377796259033,99.20262098312378,144,10.046154134803349,78.65190876854791,99.20262098312378,119.91880215538873,4.0,model_stanford,T_4000m,20.0,smu_gdr_1704,4.461474829920244,4939,4.4300896207344165,1513,0.008358276591205778,Medium,smu_control_density_proxy_rrc_pending,proxy_smu_control_not_rrc_digital_map,3,True,loaded,texnet_arcgis_mge2.5,True,0,0.0,False,loaded,padus_2.1_fee_gap12_frac01,True,EPSG:3083
48047,Brooks,2443.6589340362593,146.46524341289813,130,10.688435862614558,116.35277610191932,146.46524341289813,177.9457268348107,4.0,model_stanford,T_4000m,99.0,smu_gdr_1704,15.668149593798393,4939,15.623990699853312,1513,0.04051301866274724,High,smu_control_density_proxy_rrc_pending,proxy_smu_control_not_rrc_digital_map,0,False,loaded,texnet_arcgis_mge2.5,True,0,0.0,False,loaded,padus_2.1_fee_gap12_frac01,True,EPSG:3083
48243,Jeff Davis,5864.407962006336,99.2430803805967,316,13.315246717839301,76.19714443593085,99.2430803805967,123.74853998498071,4.0,model_stanford,T_4000m,16.0,smu_gdr_1704,34.90944655086979,4939,58.55804528298194,1513,0.002728323149354375,Low,smu_control_density_proxy_rrc_pending,proxy_smu_control_not_rrc_digital_map,9,True,loaded,texnet_arcgis_mge2.5,True,13,0.022860166514200392,True,loaded,padus_2.1_fee_gap12_frac01,True,EPSG:3083
48007,Aransas,751.0613273392812,132.86914882659912,40,10.513466572761535,104.78834838867188,132.86914882659912,163.68248710632324,4.0,model_stanford,T_4000m,12.0,smu_gdr_1704,3.8113047326798313,4939,15.959561957311552,1513,0.01597739034508852,High,smu_control_density_proxy_rrc_pending,proxy_smu_control_not_rrc_digital_map,0,False,loaded,texnet_arcgis_mge2.5,True,4,0.28914835832939473,True,loaded,padus_2.1_fee_gap12_frac01,True,EPSG:3083
48409,San Patricio,1827.8232808583207,140.1570757794124,93,9.857766233464723,110.14786184987715,140.1570757794124,172.03321018013904,4.0,model_stanford,T_4000m,52.0,smu_gdr_1704,3.421607132809583,4939,3.567932117570018,1513,0.028449139774377703,High,smu_control_density_proxy_rrc_pending,proxy_smu_control_not_rrc_digital_map,0,False,loaded,texnet_arcgis_mge2.5,True,1,0.0016260006722657683,False,loaded,padus_2.1_fee_gap12_frac01,True,EPSG:3083
48141,El Paso,2629.0489970229964,125.96902904771778,146,12.021687533757458,97.23692865241064,125.96902904771778,156.5437595942249,4.0,model_stanford,T_4000m,54.0,smu_gdr_1704,3.1580208753954095,4939,13.08068647535526,1513,0.020539746524749786,High,smu_control_density_proxy_rrc_pending,proxy_smu_control_not_rrc_digital_map,0,False,loaded,texnet_arcgis_mge2.5,True,6,0.0010262674630177706,False,loaded,padus_2.1_fee_gap12_frac01,True,EPSG:3083
48321,Matagorda,3581.0059146956864,135.67892876702385,185,9.996005006738612,106.81520076442409,135.67892876702385,166.65551592852617,4.0,model_stanford,T_4000m,86.0,smu_gdr_1704,1.9427978356806122,4939,1.043306418350966,1513,0.02401559842363686,High,smu_control_density_proxy_rrc_pending,proxy_smu_control_not_rrc_digital_map,0,False,loaded,texnet_arcgis_mge2.5,True,11,0.04209431570199926,True,loaded,padus_2.1_fee_gap12_frac01,True,EPSG:3083
48377,Presidio,9987.604406652692,106.88998068295993,520,13.144491448769202,82.39137942974384,106.88998068295993,132.65695991516114,4.0,model_stanford,T_4000m,143.0,smu_gdr_1704,40.753360966762216,4939,39.35818046244956,1513,0.014317747697811143,High,smu_control_density_proxy_rrc_pending,proxy_smu_control_not_rrc_digital_map,8,True,loaded,texnet_arcgis_mge2.5,True,1,0.015202451766161106,True,loaded,padus_2.1_fee_gap12_frac01,True,EPSG:3083
48269,King,2364.973257583222,94.23556795987216,132,10.797963756503481,75.9205431504683,94.23556795987216,113.73387804898348,4.0,model_stanford,T_4000m,24.0,smu_gdr_1704,7.032949534887588,4939,41.05828622587426,1513,0.01014810629382157,Medium,smu_control_density_proxy_rrc_pending,proxy_smu_control_not_rrc_digital_map,0,False,loaded,texnet_arcgis_mge2.5,True,0,0.0,False,loaded,padus_2.1_fee_gap12_frac01,True,EPSG:3083
48245,Jefferson,2552.902886346641,126.56432812030499,143,10.146038975748983,99.667624893722,126.56432812030499,156.25456163099597,4.0,model_stanford,T_4000m,37.0,smu_gdr_1704,2.4090881350054496,4939,11.407460778951222,1513,0.014493304934505067,High,smu_control_density_proxy_rrc_pending,proxy_smu_control_not_rrc_digital_map,0,False,loaded,texnet_arcgis_mge2.5,True,6,0.14501231795261618,True,loaded,padus_2.1_fee_gap12_frac01,True,EPSG:3083
48067,Cass,2487.308741255077,124.91401875813803,135,9.796093075363725,100.18585741961444,124.91401875813803,148.9882689299407,4.0,model_stanford,T_4000m,21.0,smu_gdr_1704,7.0041654437380965,4939,31.566330335030923,1513,0.00844286020938581,Medium,smu_control_density_proxy_rrc_pending,proxy_smu_control_not_rrc_digital_map,0,False,loaded,texnet_arcgis_mge2.5,True,0,0.0,False,loaded,padus_2.1_fee_gap12_frac01,True,EPSG:3083
48395,Robertson,2242.374617388186,143.15838077204015,123,10.149962045312897,119.28914338398755,143.15838077204015,163.89899227483485,4.0,model_stanford,T_4000m,110.0,smu_gdr_1704,2.9236330172376537,4939,12.355554463820887,1513,0.04905513964839778,High,smu_control_density_proxy_rrc_pending,proxy_smu_control_not_rrc_digital_map,0,False,loaded,texnet_arcgis_mge2.5,True,0,0.0,False,loaded,padus_2.1_fee_gap12_frac01,True,EPSG:3083
48225,Houston,3202.525276764902,129.69120298732412,176,8.991169439120727,106.65205396305431,129.69120298732412,151.99235950816762,4.0,model_stanford,T_4000m,33.0,smu_gdr_1704,11.923017940201625,4939,12.954235252508791,1513,0.010304368318159111,Medium,smu_control_density_proxy_rrc_pending,proxy_smu_control_not_rrc_digital_map,0,False,loaded,texnet_arcgis_mge2.5,True,2,0.00015324597200205503,False,loaded,padus_2.1_fee_gap12_frac01,True,EPSG:3083
48373,Polk,2873.874520002974,132.37936967256053,151,9.161177906769002,107.07462305738436,132.37936967256053,155.97768679991464,4.0,model_stanford,T_4000m,45.0,smu_gdr_1704,8.523279899076657,4939,20.516734008232483,1513,0.01565830368959652,High,smu_control_density_proxy_rrc_pending,proxy_smu_control_not_rrc_digital_map,0,False,loaded,texnet_arcgis_mge2.5,True,1,0.026690216879170288,True,loaded,padus_2.1_fee_gap12_frac01,True,EPSG:3083
48491,Williamson,2931.434520717969,119.71190055705006,161,10.217591004342026,97.0707697424089,119.71190055705006,141.6304638785605,4.0,model_stanford,T_4000m,11.0,smu_gdr_1704,3.0633349929516176,4939,9.452708850188763,1513,0.003752429031676229,Low,smu_control_density_proxy_rrc_pending,proxy_smu_control_not_rrc_digital_map,0,False,loaded,texnet_arcgis_mge2.5,True,56,0.022554727524424723,True,loaded,padus_2.1_fee_gap12_frac01,True,EPSG:3083
48411,San Saba,2948.718377838956,105.58160745414199,157,12.030793511943452,85.36659002607794,105.58160745414199,124.59175955414013,4.0,model_stanford,T_4000m,1.0,smu_gdr_1704,13.411834607997696,4939,39.91728345609891,1513,0.0003391303854296441,Low,smu_control_density_proxy_rrc_pending,proxy_smu_control_not_rrc_digital_map,0,False,loaded,texnet_arcgis_mge2.5,True,0,0.0,False,loaded,padus_2.1_fee_gap12_frac01,True,EPSG:3083
48503,Young,2410.6038491798467,102.70196962356567,144,9.921108533938726,82.85541396670871,102.70196962356567,122.84309392505222,4.0,model_stanford,T_4000m,27.0,smu_gdr_1704,8.55178575286045,4939,8.615145044891657,1513,0.011200513103464154,Medium,smu_control_density_proxy_rrc_pending,proxy_smu_control_not_rrc_digital_map,1,True,loaded,texnet_arcgis_mge2.5,True,0,0.0,False,loaded,padus_2.1_fee_gap12_frac01,True,EPSG:3083
48419,Shelby,2161.880628000625,134.9611711173222,116,9.264949075106916,112.7518353955499,134.9611711173222,156.8450663336392,4.0,model_stanford,T_4000m,49.0,smu_gdr_1704,4.854643521085042,4939,53.472976520722646,1513,0.022665451258202324,High,smu_control_density_proxy_rrc_pending,proxy_smu_control_not_rrc_digital_map,4,True,loaded,texnet_arcgis_mge2.5,True,2,0.005066697211976731,False,loaded,padus_2.1_fee_gap12_frac01,True,EPSG:3083
48457,Tyler,2423.533457281665,133.58436154966,135,9.581484042273628,108.09629776566116,133.58436154966,158.00514062952112,4.0,model_stanford,T_4000m,37.0,smu_gdr_1704,5.672806843251138,4939,7.316882907372328,1513,0.015266964806626076,High,smu_control_density_proxy_rrc_pending,proxy_smu_control_not_rrc_digital_map,0,False,loaded,texnet_arcgis_mge2.5,True,3,0.02557576663786186,True,loaded,padus_2.1_fee_gap12_frac01,True,EPSG:3083
48241,Jasper,2511.19466632439,129.32456108477476,139,9.89296400975838,103.52898840595492,129.32456108477476,155.2709544339626,4.0,model_stanford,T_4000m,30.0,smu_gdr_1704,6.334656663565527,4939,19.919315394687764,1513,0.01194650514446604,Medium,smu_control_density_proxy_rrc_pending,proxy_smu_control_not_rrc_digital_map,0,False,loaded,texnet_arcgis_mge2.5,True,4,0.011825505757412,True,loaded,padus_2.1_fee_gap12_frac01,True,EPSG:3083
48089,Colorado,2522.1338372828795,135.1163664153128,132,9.606774200092662,108.96492697975852,135.1163664153128,159.5089413613984,4.0,model_stanford,T_4000m,61.0,smu_gdr_1704,7.90957863731838,4939,5.481060014347829,1513,0.02418586955945047,High,smu_control_density_proxy_rrc_pending,proxy_smu_control_not_rrc_digital_map,0,False,loaded,texnet_arcgis_mge2.5,True,1,0.014863412464160099,True,loaded,padus_2.1_fee_gap12_frac01,True,EPSG:3083
48025,Bee,2280.186354195579,142.91933575011137,114,9.534761658886023,113.68011568303695,142.91933575011137,172.58654892235472,4.0,model_stanford,T_4000m,79.0,smu_gdr_1704,4.4010547470556265,4939,0.5758492610540145,1513,0.03464629101680165,High,smu_control_density_proxy_rrc_pending,proxy_smu_control_not_rrc_digital_map,0,False,loaded,texnet_arcgis_mge2.5,True,0,0.0,False,loaded,padus_2.1_fee_gap12_frac01,True,EPSG:3083
48313,Madison,1223.4242367850009,128.06611189201698,67,8.78937292098999,104.62598259769268,128.06611189201698,150.72425045184235,4.0,model_stanford,T_4000m,12.0,smu_gdr_1704,6.490102815822672,4939,8.6736342305221,1513,0.009808535452538061,Medium,smu_control_density_proxy_rrc_pending,proxy_smu_control_not_rrc_digital_map,0,False,loaded,texnet_arcgis_mge2.5,True,0,0.0,False,loaded,padus_2.1_fee_gap12_frac01,True,EPSG:3083
48109,Culberson,9875.077241451872,98.58690457844602,543,11.712454311096867,77.0175173849032,98.58690457844602,121.22911924639679,4.0,model_stanford,T_4000m,47.0,smu_gdr_1704,15.160374588727175,4939,26.67757586719,1513,0.004759456442802454,Low,smu_control_density_proxy_rrc_pending,proxy_smu_control_not_rrc_digital_map,2331,True,loaded,texnet_arcgis_mge2.5,True,2,0.029166458934987812,True,loaded,padus_2.1_fee_gap12_frac01,True,EPSG:3083
48327,Menard,2336.603711920689,98.35671656059496,132,11.348147963032577,79.38629711035526,98.35671656059496,116.92394268151486,4.0,model_stanford,T_4000m,19.0,smu_gdr_1704,7.287468175911566,4939,23.43166427017488,1513,0.008131460162913974,Medium,smu_control_density_proxy_rrc_pending,proxy_smu_control_not_rrc_digital_map,0,False,loaded,texnet_arcgis_mge2.5,True,0,0.0,False,loaded,padus_2.1_fee_gap12_frac01,True,EPSG:3083
48401,Rusk,2430.9095030292488,140.7178527832031,135,8.805660512712267,118.81930982801649,140.7178527832031,161.77212275752314,4.0,model_stanford,T_4000m,460.0,smu_gdr_1704,2.1555118588244606,4939,10.741222863086366,1513,0.18922958646826488,High,smu_control_density_proxy_rrc_pending,proxy_smu_control_not_rrc_digital_map,1,True,loaded,texnet_arcgis_mge2.5,True,0,0.0,False,loaded,padus_2.1_fee_gap12_frac01,True,EPSG:3083
48041,Brazos,1531.1800442664219,126.73231015886579,84,9.561887894357953,103.44627389453706,126.73231015886579,148.57371048700242,4.0,model_stanford,T_4000m,10.0,smu_gdr_1704,1.1831004432112866,4939,1.1220081832960231,1513,0.006530910612011622,Medium,smu_control_density_proxy_rrc_pending,proxy_smu_control_not_rrc_digital_map,0,False,loaded,texnet_arcgis_mge2.5,True,1,0.0014665819940062978,False,loaded,padus_2.1_fee_gap12_frac01,True,EPSG:3083
48119,Delta,720.0346844956015,115.65158862602419,41,9.629218031720418,93.68132595899628,115.65158862602419,136.55909989519816,4.0,model_stanford,T_4000m,2.0,smu_gdr_1704,8.178152420874026,4939,12.871561126674884,1513,0.002777643970583222,Low,smu_control_density_proxy_rrc_pending,proxy_smu_control_not_rrc_digital_map,0,False,loaded,texnet_arcgis_mge2.5,True,1,0.001006105433617035,False,loaded,padus_2.1_fee_gap12_frac01,True,EPSG:3083
48219,Hockley,2353.3417345731295,88.03155225388547,141,10.918989651592065,72.76308857802803,88.03155225388547,103.6395978454157,4.0,model_stanford,T_4000m,8.0,smu_gdr_1704,0.5902588809523989,4939,26.46869626637073,1513,0.0033994212920594436,Low,smu_control_density_proxy_rrc_pending,proxy_smu_control_not_rrc_digital_map,0,False,loaded,texnet_arcgis_mge2.5,True,0,0.0,False,loaded,padus_2.1_fee_gap12_frac01,True,EPSG:3083
48407,San Jacinto,1625.9479946283122,134.67873793381912,91,9.231223546541655,109.38012510865599,134.67873793381912,158.77481548602765,4.0,model_stanford,T_4000m,34.0,smu_gdr_1704,3.5408637153883458,4939,16.47132418517818,1513,0.020910877907735492,High,smu_control_density_proxy_rrc_pending,proxy_smu_control_not_rrc_digital_map,0,False,loaded,texnet_arcgis_mge2.5,True,3,0.0005246256221251323,False,loaded,padus_2.1_fee_gap12_frac01,True,EPSG:3083
48467,Van Zandt,2226.3373285040334,126.04493637667358,131,9.187709244152972,103.66834649238878,126.04493637667358,147.86026664908604,4.0,model_stanford,T_4000m,18.0,smu_gdr_1704,5.301990427578762,4939,16.930403484194734,1513,0.008085028162419095,Medium,smu_control_density_proxy_rrc_pending,proxy_smu_control_not_rrc_digital_map,0,False,loaded,texnet_arcgis_mge2.5,True,1,0.0007312385403314077,False,loaded,padus_2.1_fee_gap12_frac01,True,EPSG:3083
48161,Freestone,2309.902954866437,134.06104189157486,128,9.419147081673145,111.84920644760132,134.06104189157486,153.5912810564041,4.0,model_stanford,T_4000m,388.0,smu_gdr_1704,1.9113268628789706,4939,2.500193453913585,1513,0.16797242463479808,High,smu_control_density_proxy_rrc_pending,proxy_smu_control_not_rrc_digital_map,0,False,loaded,texnet_arcgis_mge2.5,True,2,0.022327562567197857,True,loaded,padus_2.1_fee_gap12_frac01,True,EPSG:3083
48405,San Augustine,1533.9979968491937,133.88993081592378,84,9.296930937539964,110.23632785252163,133.88993081592378,156.68370128813245,4.0,model_stanford,T_4000m,8.0,smu_gdr_1704,15.254682717375466,4939,35.19839173893458,1513,0.0052151306692915286,Low,smu_control_density_proxy_rrc_pending,proxy_smu_control_not_rrc_digital_map,9,True,loaded,texnet_arcgis_mge2.5,True,0,0.0,False,loaded,padus_2.1_fee_gap12_frac01,True,EPSG:3083
48345,Motley,2563.509640228693,92.68992556058444,143,10.64852509465251,73.68706000268043,92.68992556058444,112.21004763516513,4.0,model_stanford,T_4000m,19.0,smu_gdr_1704,8.076895394386728,4939,23.659518251428988,1513,0.007411713887022868,Medium,smu_control_density_proxy_rrc_pending,proxy_smu_control_not_rrc_digital_map,0,False,loaded,texnet_arcgis_mge2.5,True,0,0.0,False,loaded,padus_2.1_fee_gap12_frac01,True,EPSG:3083
48427,Starr,3181.123856932481,149.8432726976348,164,10.707511529689882,118.71076421039861,149.8432726976348,181.99588766330626,4.0,model_stanford,T_4000m,119.0,smu_gdr_1704,7.965096507148582,4939,4.42502202496425,1513,0.037408163074401715,High,smu_control_density_proxy_rrc_pending,proxy_smu_control_not_rrc_digital_map,0,False,loaded,texnet_arcgis_mge2.5,True,3,0.018375262013833514,True,loaded,padus_2.1_fee_gap12_frac01,True,EPSG:3083
48361,Orange,982.8998505225914,128.09043211095474,51,9.662412914575315,100.79952718697342,128.09043211095474,156.85583196901808,4.0,model_stanford,T_4000m,25.0,smu_gdr_1704,2.430955655845207,4939,3.7733333429007403,1513,0.025434941298147436,High,smu_control_density_proxy_rrc_pending,proxy_smu_control_not_rrc_digital_map,0,False,loaded,texnet_arcgis_mge2.5,True,8,0.08273348866684486,True,loaded,padus_2.1_fee_gap12_frac01,True,EPSG:3083
48201,Harris,4586.967768276095,130.90487172652263,245,9.760288222955198,103.83647778569436,130.90487172652263,158.6251137246891,4.0,model_stanford,T_4000m,69.0,smu_gdr_1704,2.455980939097203,4939,1.3217696598940067,1513,0.015042617146170192,High,smu_control_density_proxy_rrc_pending,proxy_smu_control_not_rrc_digital_map,0,False,loaded,texnet_arcgis_mge2.5,True,29,0.0022163420408852085,False,loaded,padus_2.1_fee_gap12_frac01,True,EPSG:3083
48403,Sabine,1493.833302892613,129.2457712510053,85,9.570522734698127,104.7438793406767,129.2457712510053,153.2519692813649,4.0,model_stanford,T_4000m,10.0,smu_gdr_1704,1.4819902098625641,4939,33.572006562005335,1513,0.006694187350513814,Medium,smu_control_density_proxy_rrc_pending,proxy_smu_control_not_rrc_digital_map,0,False,loaded,texnet_arcgis_mge2.5,True,0,0.0,False,loaded,padus_2.1_fee_gap12_frac01,True,EPSG:3083
48349,Navarro,2813.0543391202596,124.28300963371031,155,10.070577559932586,101.8455096829322,124.28300963371031,145.26985877252395,4.0,model_stanford,T_4000m,29.0,smu_gdr_1704,0.8951337923967085,4939,5.957414708239288,1513,0.010309079208569187,Medium,smu_control_density_proxy_rrc_pending,proxy_smu_control_not_rrc_digital_map,0,False,loaded,texnet_arcgis_mge2.5,True,1,0.0021021104115704,False,loaded,padus_2.1_fee_gap12_frac01,True,EPSG:3083
48069,Castro,2328.6815556824804,94.02839943856904,132,9.949105967174876,73.72831749193597,94.02839943856904,115.42238767219312,4.0,model_stanford,T_4000m,8.0,smu_gdr_1704,2.2460172454533844,4939,17.406228356359925,1513,0.0034354203478265594,Low,smu_control_density_proxy_rrc_pending,proxy_smu_control_not_rrc_digital_map,0,False,loaded,texnet_arcgis_mge2.5,True,1,0.0007273407830874788,False,loaded,padus_2.1_fee_gap12_frac01,True,EPSG:3083
48273,Kleberg,2351.781278665873,138.6484832127889,120,10.409257598718007,110.24604930877686,138.6484832127889,169.66146011352538,4.0,model_stanford,T_4000m,59.0,smu_gdr_1704,12.352910691678513,4939,15.157005930826683,1513,0.025087366982302767,High,smu_control_density_proxy_rrc_pending,proxy_smu_control_not_rrc_digital_map,0,False,loaded,texnet_arcgis_mge2.5,True,2,0.045098909024941965,True,loaded,padus_2.1_fee_gap12_frac01,True,EPSG:3083
48459,Upshur,1534.8772199455916,140.13629064667091,89,9.592899279647998,118.0840319515614,140.13629064667091,160.0999556980776,4.0,model_stanford,T_4000m,62.0,smu_gdr_1704,1.996637831362999,4939,23.598347736898674,1513,0.04039411048279013,High,smu_control_density_proxy_rrc_pending,proxy_smu_control_not_rrc_digital_map,1,True,loaded,texnet_arcgis_mge2.5,True,3,0.004686241475177748,False,loaded,padus_2.1_fee_gap12_frac01,True,EPSG:3083
48381,Randall,2389.774800460495,95.02311017778185,144,10.14068212442928,73.43045043945312,95.02311017778185,116.34510718451605,4.0,model_stanford,T_4000m,11.0,smu_gdr_1704,4.2039500483917545,4939,10.531928414651334,1513,0.00460294417611248,Low,smu_control_density_proxy_rrc_pending,proxy_smu_control_not_rrc_digital_map,1,True,loaded,texnet_arcgis_mge2.5,True,1,0.013068944242727351,True,loaded,padus_2.1_fee_gap12_frac01,True,EPSG:3083
48343,Morris,670.1436593715636,121.94766356728293,44,9.782988732511347,97.88726217096502,121.94766356728293,145.62539187344638,4.0,model_stanford,T_4000m,6.0,smu_gdr_1704,9.661551236551354,4939,11.319310389231031,1513,0.008953304140229549,Medium,smu_control_density_proxy_rrc_pending,proxy_smu_control_not_rrc_digital_map,0,False,loaded,texnet_arcgis_mge2.5,True,0,0.0,False,loaded,padus_2.1_fee_gap12_frac01,True,EPSG:3083
48301,Loving,1752.3943754512702,100.18429437014136,101,11.69224769290131,80.49371220805857,100.18429437014136,119.84828979190033,4.0,model_stanford,T_4000m,14.0,smu_gdr_1704,6.777471261262411,4939,35.98105091400728,1513,0.007989069239277129,Medium,smu_control_density_proxy_rrc_pending,proxy_smu_control_not_rrc_digital_map,79,True,loaded,texnet_arcgis_mge2.5,True,0,0.0,False,loaded,padus_2.1_fee_gap12_frac01,True,EPSG:3083
48261,Kenedy,3998.19485130932,134.6047470557508,197,10.767650696226788,106.89905799826995,134.6047470557508,163.64139731160276,4.0,model_stanford,T_4000m,66.0,smu_gdr_1704,7.110018498562566,4939,7.5938299516205365,1513,0.016507449600258094,High,smu_control_density_proxy_rrc_pending,proxy_smu_control_not_rrc_digital_map,0,False,loaded,texnet_arcgis_mge2.5,True,1,0.03865469561502349,True,loaded,padus_2.1_fee_gap12_frac01,True,EPSG:3083
48035,Bosque,2596.552616341382,114.35281075371637,144,10.778089450465309,93.49640772077773,114.35281075371637,134.83762529161243,4.0,model_stanford,T_4000m,3.0,smu_gdr_1704,3.843937628307138,4939,4.0862956854386745,1513,0.0011553780890552826,Low,smu_control_density_proxy_rrc_pending,proxy_smu_control_not_rrc_digital_map,0,False,loaded,texnet_arcgis_mge2.5,True,0,0.0,False,loaded,padus_2.1_fee_gap12_frac01,True,EPSG:3083
48091,Comal,1489.2437077265765,121.75476288213963,82,11.23261491263785,100.11794234485161,121.75476288213963,141.59327772187024,4.0,model_stanford,T_4000m,,,4.662161721692287,4939,11.26912925413119,1513,0.0,Low,smu_control_density_proxy_rrc_pending,proxy_smu_control_not_rrc_digital_map,0,False,loaded,texnet_arcgis_mge2.5,True,5,0.013863759049843766,True,loaded,padus_2.1_fee_gap12_frac01,True,EPSG:3083
48239,Jackson,2219.180707113414,136.63550876585904,121,9.58266379222397,108.34128614693634,136.63550876585904,165.88241476263883,4.0,model_stanford,T_4000m,218.0,smu_gdr_1704,7.371194354822077,4939,7.183769334843333,1513,0.09823445170608129,High,smu_control_density_proxy_rrc_pending,proxy_smu_control_not_rrc_digital_map,0,False,loaded,texnet_arcgis_mge2.5,True,1,0.01022611128807503,True,loaded,padus_2.1_fee_gap12_frac01,True,EPSG:3083
48105,Crockett,7274.360139164888,103.34241752141638,395,10.898759509943709,87.14749004508876,103.34241752141638,120.69659653675707,4.0,model_stanford,T_4000m,3490.0,smu_gdr_1704,16.880841294089546,4939,13.369192868122102,1513,0.4797672830645225,High,smu_control_density_proxy_rrc_pending,proxy_smu_control_not_rrc_digital_map,0,False,loaded,texnet_arcgis_mge2.5,True,1,1.5433390556221885e-06,False,loaded,padus_2.1_fee_gap12_frac01,True,EPSG:3083
48175,Goliad,2225.254267776531,147.82788351026633,118,9.91425024452856,117.44628117448192,147.82788351026633,178.1803025067863,4.0,model_stanford,T_4000m,122.0,smu_gdr_1704,23.535069460497454,4939,24.864534133722714,1513,0.054825195379538415,High,smu_control_density_proxy_rrc_pending,proxy_smu_control_not_rrc_digital_map,0,False,loaded,texnet_arcgis_mge2.5,True,1,0.0005091743843225826,False,loaded,padus_2.1_fee_gap12_frac01,True,EPSG:3083
48391,Refugio,2034.0277114343855,135.77515670488467,106,9.956096208320474,106.83000722921119,135.77515670488467,166.6313334051168,4.0,model_stanford,T_4000m,69.0,smu_gdr_1704,10.331099089824592,4939,17.05722050009022,1513,0.03392284166637118,High,smu_control_density_proxy_rrc_pending,proxy_smu_control_not_rrc_digital_map,0,False,loaded,texnet_arcgis_mge2.5,True,4,0.0053155982563767145,False,loaded,padus_2.1_fee_gap12_frac01,True,EPSG:3083
48029,Bexar,3253.326030592317,117.5461346856479,174,10.634452904777966,95.34033496900537,117.5461346856479,139.15655508808706,4.0,model_stanford,T_4000m,12.0,smu_gdr_1704,0.515759309212182,4939,4.280887259105481,1513,0.0036885328697951678,Low,smu_control_density_proxy_rrc_pending,proxy_smu_control_not_rrc_digital_map,0,False,loaded,texnet_arcgis_mge2.5,True,24,0.03290403972852062,True,loaded,padus_2.1_fee_gap12_frac01,True,EPSG:3083
48055,Caldwell,1415.3399267203665,120.53111426035564,72,9.78625750541687,97.82785012986925,120.53111426035564,143.09134822421603,4.0,model_stanford,T_4000m,11.0,smu_gdr_1704,4.137570753334083,4939,17.643077430098703,1513,0.007771984519287363,Medium,smu_control_density_proxy_rrc_pending,proxy_smu_control_not_rrc_digital_map,0,False,loaded,texnet_arcgis_mge2.5,True,0,0.0,False,loaded,padus_2.1_fee_gap12_frac01,True,EPSG:3083
48429,Stephens,2386.491222554512,106.1303261121114,144,10.514339337746302,85.63039541244507,106.1303261121114,126.44317870669894,4.0,model_stanford,T_4000m,18.0,smu_gdr_1704,6.437049719398527,4939,18.566915799952923,1513,0.007542453887901883,Medium,smu_control_density_proxy_rrc_pending,proxy_smu_control_not_rrc_digital_map,0,False,loaded,texnet_arcgis_mge2.5,True,0,0.0,False,loaded,padus_2.1_fee_gap12_frac01,True,EPSG:3083
48369,Parmer,2292.0298689368096,98.35054567125108,144,10.461773743232092,75.9403222931756,98.35054567125108,122.09746318393283,4.0,model_stanford,T_4000m,6.0,smu_gdr_1704,5.218379876856924,4939,9.93330720442651,1513,0.002617766932846815,Low,smu_control_density_proxy_rrc_pending,proxy_smu_control_not_rrc_digital_map,0,False,loaded,texnet_arcgis_mge2.5,True,0,0.0,False,loaded,padus_2.1_fee_gap12_frac01,True,EPSG:3083
48371,Pecos,12339.54220638867,98.70543187308382,674,11.77840931974462,78.93113069506003,98.70543187308382,119.04512902324915,4.0,model_stanford,T_4000m,61.0,smu_gdr_1704,6.528638692635005,4939,14.91300201919262,1513,0.004943457300094802,Low,smu_control_density_proxy_rrc_pending,proxy_smu_control_not_rrc_digital_map,83,True,loaded,texnet_arcgis_mge2.5,True,2,0.0013386921298040805,False,loaded,padus_2.1_fee_gap12_frac01,True,EPSG:3083
48135,Ector,2335.3296851517766,84.50518388984617,121,11.330920061789268,66.66112915543485,84.50518388984617,103.57833250692067,4.0,model_stanford,T_4000m,11.0,smu_gdr_1704,1.6777898647520977,4939,7.730977117186363,1513,0.004710255716757651,Low,smu_control_density_proxy_rrc_pending,proxy_smu_control_not_rrc_digital_map,58,True,loaded,texnet_arcgis_mge2.5,True,0,0.0,False,loaded,padus_2.1_fee_gap12_frac01,True,EPSG:3083
48185,Grimes,2076.297343116925,130.2033806528364,112,9.293718797819954,106.58757979529244,130.2033806528364,152.16369983128138,4.0,model_stanford,T_4000m,15.0,smu_gdr_1704,6.984390991993124,4939,8.76333910782269,1513,0.007224398783597195,Medium,smu_control_density_proxy_rrc_pending,proxy_smu_control_not_rrc_digital_map,0,False,loaded,texnet_arcgis_mge2.5,True,0,0.0,False,loaded,padus_2.1_fee_gap12_frac01,True,EPSG:3083
48023,Baylor,2334.102011723438,100.75990282799587,121,10.376424091906587,80.76085114282024,100.75990282799587,121.66782328708113,4.0,model_stanford,T_4000m,36.0,smu_gdr_1704,3.9781410346989445,4939,3.628085580274147,1513,0.015423490412665627,High,smu_control_density_proxy_rrc_pending,proxy_smu_control_not_rrc_digital_map,0,False,loaded,texnet_arcgis_mge2.5,True,0,0.0,False,loaded,padus_2.1_fee_gap12_frac01,True,EPSG:3083
48075,Childress,1847.996936475467,97.68338669670953,108,10.668836483248958,78.07987714696813,97.68338669670953,117.97252732736094,4.0,model_stanford,T_4000m,15.0,smu_gdr_1704,8.406541785014326,4939,17.505004659865758,1513,0.008116896572679536,Medium,smu_control_density_proxy_rrc_pending,proxy_smu_control_not_rrc_digital_map,0,False,loaded,texnet_arcgis_mge2.5,True,1,3.886749625277523e-05,False,loaded,padus_2.1_fee_gap12_frac01,True,EPSG:3083
48311,McMullen,2995.646071691476,143.34843560269005,152,9.50605742241207,116.4680333890413,143.34843560269005,168.54791470577842,4.0,model_stanford,T_4000m,128.0,smu_gdr_1704,13.846810178759059,4939,36.21928929153039,1513,0.042728679201987786,High,smu_control_density_proxy_rrc_pending,proxy_smu_control_not_rrc_digital_map,9,True,loaded,texnet_arcgis_mge2.5,True,0,0.0,False,loaded,padus_2.1_fee_gap12_frac01,True,EPSG:3083
48153,Floyd,2570.536729283775,93.44385156876001,156,10.418151577313742,74.47688107612805,93.44385156876001,112.32845565600273,4.0,model_stanford,T_4000m,12.0,smu_gdr_1704,9.522451802040624,4939,2.2723758423868388,1513,0.004668285756548416,Low,smu_control_density_proxy_rrc_pending,proxy_smu_control_not_rrc_digital_map,0,False,loaded,texnet_arcgis_mge2.5,True,0,0.0,False,loaded,padus_2.1_fee_gap12_frac01,True,EPSG:3083
48351,Newton,2433.70322437587,128.28897401058313,132,10.429411407672998,102.09715323014693,128.28897401058313,155.36848519065163,4.0,model_stanford,T_4000m,36.0,smu_gdr_1704,4.870092133293527,4939,42.06077204338194,1513,0.014792271974423793,High,smu_control_density_proxy_rrc_pending,proxy_smu_control_not_rrc_digital_map,0,False,loaded,texnet_arcgis_mge2.5,True,0,0.0,False,loaded,padus_2.1_fee_gap12_frac01,True,EPSG:3083
48005,Angelina,2239.741221236026,128.44316547672923,123,9.329199569981272,104.9422210445249,128.44316547672923,151.63641965292334,4.0,model_stanford,T_4000m,15.0,smu_gdr_1704,6.2055261595914555,4939,8.858821137914383,1513,0.006697202273985065,Medium,smu_control_density_proxy_rrc_pending,proxy_smu_control_not_rrc_digital_map,0,False,loaded,texnet_arcgis_mge2.5,True,3,0.0009577435822090295,False,loaded,padus_2.1_fee_gap12_frac01,True,EPSG:3083
48347,Nacogdoches,2540.811228800191,135.54630274130096,141,9.030110721047043,112.73950503734832,135.54630274130096,157.7746227075022,4.0,model_stanford,T_4000m,146.0,smu_gdr_1704,4.800003363548275,4939,18.156377276984504,1513,0.05746196267754349,High,smu_control_density_proxy_rrc_pending,proxy_smu_control_not_rrc_digital_map,7,True,loaded,texnet_arcgis_mge2.5,True,4,0.00340965628322406,False,loaded,padus_2.1_fee_gap12_frac01,True,EPSG:3083
48085,Collin,2294.5407892358367,109.75286066532135,128,10.323219072073698,88.95437115430832,109.75286066532135,129.94680297374725,4.0,model_stanford,T_4000m,7.0,smu_gdr_1704,5.265447953178525,4939,11.442180519156299,1513,0.003050719356499759,Low,smu_control_density_proxy_rrc_pending,proxy_smu_control_not_rrc_digital_map,0,False,loaded,texnet_arcgis_mge2.5,True,15,0.0031436151812853546,False,loaded,padus_2.1_fee_gap12_frac01,True,EPSG:3083
48099,Coryell,2737.5741160837574,112.15688873291016,150,10.790649258295694,90.3424516805013,112.15688873291016,133.70027486165364,4.0,model_stanford,T_4000m,7.0,smu_gdr_1704,7.37375951231083,4939,16.315400539857055,1513,0.002557008396183211,Low,smu_control_density_proxy_rrc_pending,proxy_smu_control_not_rrc_digital_map,0,False,loaded,texnet_arcgis_mge2.5,True,1,0.00011511237500253307,False,loaded,padus_2.1_fee_gap12_frac01,True,EPSG:3083
48143,Erath,2822.4196573076356,112.6027084449669,154,10.409885087570586,93.14345174021535,112.6027084449669,130.9939751067719,4.0,model_stanford,T_4000m,21.0,smu_gdr_1704,1.3414679966981324,4939,6.915171770944963,1513,0.007440424369787849,Medium,smu_control_density_proxy_rrc_pending,proxy_smu_control_not_rrc_digital_map,0,False,loaded,texnet_arcgis_mge2.5,True,0,0.0,False,loaded,padus_2.1_fee_gap12_frac01,True,EPSG:3083
48139,Ellis,2465.197837609661,120.88923200920446,134,9.870969509010884,99.05991881640989,120.88923200920446,141.77613409241633,4.0,model_stanford,T_4000m,11.0,smu_gdr_1704,1.3346672333884233,4939,9.37684702235812,1513,0.0044621165215145454,Low,smu_control_density_proxy_rrc_pending,proxy_smu_control_not_rrc_digital_map,0,False,loaded,texnet_arcgis_mge2.5,True,2,0.0001145224547668379,False,loaded,padus_2.1_fee_gap12_frac01,True,EPSG:3083
48331,Milam,2644.150578915313,122.75940634499133,142,10.02763074552509,99.4742760994065,122.75940634499133,145.4014554090903,4.0,model_stanford,T_4000m,16.0,smu_gdr_1704,4.170080906461724,4939,16.29417139841327,1513,0.006051092599485594,Low,smu_control_density_proxy_rrc_pending,proxy_smu_control_not_rrc_digital_map,0,False,loaded,texnet_arcgis_mge2.5,True,0,0.0,False,loaded,padus_2.1_fee_gap12_frac01,True,EPSG:3083
48281,Lampasas,1847.585938433918,110.33063292503357,96,10.864287575085958,88.48300059636433,110.33063292503357,131.66393184661865,4.0,model_stanford,T_4000m,2.0,smu_gdr_1704,10.591511303537548,4939,18.7295824983963,1513,0.0010824936250030533,Low,smu_control_density_proxy_rrc_pending,proxy_smu_control_not_rrc_digital_map,0,False,loaded,texnet_arcgis_mge2.5,True,0,0.0,False,loaded,padus_2.1_fee_gap12_frac01,True,EPSG:3083
48227,Howard,2341.7666155816128,95.59785816404555,144,11.094286892149183,79.6088048087226,95.59785816404555,112.5450800259908,4.0,model_stanford,T_4000m,15.0,smu_gdr_1704,11.071986730585946,4939,12.542417203086424,1513,0.0064054205488254965,Medium,smu_control_density_proxy_rrc_pending,proxy_smu_control_not_rrc_digital_map,53,True,loaded,texnet_arcgis_mge2.5,True,0,0.0,False,loaded,padus_2.1_fee_gap12_frac01,True,EPSG:3083
48131,Duval,4650.50218902522,151.4331618557457,238,10.261928077505416,121.47766039551807,151.4331618557457,181.62356836655562,4.0,model_stanford,T_4000m,101.0,smu_gdr_1704,20.42227222708059,4939,28.395477732302982,1513,0.021718084605647794,High,smu_control_density_proxy_rrc_pending,proxy_smu_control_not_rrc_digital_map,0,False,loaded,texnet_arcgis_mge2.5,True,1,0.0006161248725518863,False,loaded,padus_2.1_fee_gap12_frac01,True,EPSG:3083
48389,Reeves,6842.210223811528,99.08452768961588,375,12.057621870676677,77.7178777364095,99.08452768961588,121.32962620035808,4.0,model_stanford,T_4000m,48.0,smu_gdr_1704,3.7270678261306722,4939,3.333335436963008,1513,0.00701527699820674,Medium,smu_control_density_proxy_rrc_pending,proxy_smu_control_not_rrc_digital_map,710,True,loaded,texnet_arcgis_mge2.5,True,2,0.00015847548852563424,False,loaded,padus_2.1_fee_gap12_frac01,True,EPSG:3083
48397,Rockwall,385.74238317327865,119.23083099365235,25,9.926187343597412,97.06302703857422,119.23083099365235,140.18229919433594,4.0,model_stanford,T_4000m,,,2.442936561590759,4939,9.774117053715411,1513,0.0,Low,smu_control_density_proxy_rrc_pending,proxy_smu_control_not_rrc_digital_map,0,False,loaded,texnet_arcgis_mge2.5,True,1,0.0004717812065468096,False,loaded,padus_2.1_fee_gap12_frac01,True,EPSG:3083
48277,Lamar,2416.718217957177,115.2705318616784,138,9.740182244259378,93.1917603534201,115.2705318616784,137.03368034915647,4.0,model_stanford,T_4000m,7.0,smu_gdr_1704,1.430958081051087,4939,3.2499185552603618,1513,0.002896489937464458,Low,smu_control_density_proxy_rrc_pending,proxy_smu_control_not_rrc_digital_map,0,False,loaded,texnet_arcgis_mge2.5,True,5,0.006388552509405713,False,loaded,padus_2.1_fee_gap12_frac01,True,EPSG:3083
48021,Bastrop,2319.4926463820975,120.58187219238282,125,10.030971355438233,97.57373272705078,120.58187219238282,143.33520275878905,4.0,model_stanford,T_4000m,41.0,smu_gdr_1704,2.0651101041345727,4939,5.831256285947543,1513,0.017676279363916525,High,smu_control_density_proxy_rrc_pending,proxy_smu_control_not_rrc_digital_map,0,False,loaded,texnet_arcgis_mge2.5,True,1,0.002301636390383581,False,loaded,padus_2.1_fee_gap12_frac01,True,EPSG:3083
48253,Jones,2427.547283040539,101.20886917696654,131,10.809405669001222,82.11210422661468,101.20886917696654,119.8433077280758,4.0,model_stanford,T_4000m,46.0,smu_gdr_1704,0.2960686493998354,4939,6.42336678638857,1513,0.018949167466836864,High,smu_control_density_proxy_rrc_pending,proxy_smu_control_not_rrc_digital_map,0,False,loaded,texnet_arcgis_mge2.5,True,0,0.0,False,loaded,padus_2.1_fee_gap12_frac01,True,EPSG:3083
48237,Jack,2383.6114462480987,104.59296478494241,137,9.473344051054795,84.42077675701057,104.59296478494241,124.94262455849751,4.0,model_stanford,T_4000m,19.0,smu_gdr_1704,7.933234805455814,4939,9.678717470944903,1513,0.007971097818776954,Medium,smu_control_density_proxy_rrc_pending,proxy_smu_control_not_rrc_digital_map,0,False,loaded,texnet_arcgis_mge2.5,True,0,0.0,False,loaded,padus_2.1_fee_gap12_frac01,True,EPSG:3083
48199,Hardin,2324.4014951128274,130.1111678436023,119,9.83044783007197,102.35617661676487,130.1111678436023,159.30357732692687,4.0,model_stanford,T_4000m,63.0,smu_gdr_1704,2.306064606214176,4939,9.719289514653891,1513,0.02710375128068912,High,smu_control_density_proxy_rrc_pending,proxy_smu_control_not_rrc_digital_map,0,False,loaded,texnet_arcgis_mge2.5,True,15,0.10408210946361228,True,loaded,padus_2.1_fee_gap12_frac01,True,EPSG:3083
48265,Kerr,2867.9202021622805,101.1530324909049,142,12.17115674891942,81.35370582258197,101.1530324909049,120.12656359605386,4.0,model_stanford,T_4000m,8.0,smu_gdr_1704,5.945356574166363,4939,25.11287633329299,1513,0.0027894778920167884,Low,smu_control_density_proxy_rrc_pending,proxy_smu_control_not_rrc_digital_map,0,False,loaded,texnet_arcgis_mge2.5,True,2,0.009390584347259472,False,loaded,padus_2.1_fee_gap12_frac01,True,EPSG:3083
48283,La Salle,3866.3961206456434,137.99025158906102,199,9.975706634809024,112.90428782707482,137.99025158906102,162.63726545937698,4.0,model_stanford,T_4000m,98.0,smu_gdr_1704,20.182045919004896,4939,14.886044038040895,1513,0.02534660105742997,High,smu_control_density_proxy_rrc_pending,proxy_smu_control_not_rrc_digital_map,2,True,loaded,texnet_arcgis_mge2.5,True,1,0.006444189416017064,False,loaded,padus_2.1_fee_gap12_frac01,True,EPSG:3083
48207,Haskell,2357.942802487923,98.10103236304388,144,10.809876494937473,79.61747450298733,98.10103236304388,117.07606591118707,4.0,model_stanford,T_4000m,23.0,smu_gdr_1704,0.6696081189639711,4939,13.268585499604454,1513,0.009754265445172012,Medium,smu_control_density_proxy_rrc_pending,proxy_smu_control_not_rrc_digital_map,0,False,loaded,texnet_arcgis_mge2.5,True,0,0.0,False,loaded,padus_2.1_fee_gap12_frac01,True,EPSG:3083
48393,Roberts,2391.826491249947,101.39012569851346,144,9.70033867491616,83.5618224143982,101.39012569851346,119.74795198440552,4.0,model_stanford,T_4000m,21.0,smu_gdr_1704,13.932642987459175,4939,20.007144340039424,1513,0.008779901082634798,Medium,smu_control_density_proxy_rrc_pending,proxy_smu_control_not_rrc_digital_map,3,True,loaded,texnet_arcgis_mge2.5,True,0,0.0,False,loaded,padus_2.1_fee_gap12_frac01,True,EPSG:3083
48137,Edwards,5492.878619225003,113.99149622982496,292,11.263000764258921,94.97144401236756,113.99149622982496,133.42340560808574,4.0,model_stanford,T_4000m,64.0,smu_gdr_1704,15.07779584689592,4939,47.73869696678902,1513,0.011651449892957919,Medium,smu_control_density_proxy_rrc_pending,proxy_smu_control_not_rrc_digital_map,0,False,loaded,texnet_arcgis_mge2.5,True,1,0.0013734805251892847,False,loaded,padus_2.1_fee_gap12_frac01,True,EPSG:3083
48293,Limestone,2416.8929394016754,128.15960636423594,134,9.885946102996371,105.86021878826084,128.15960636423594,149.05080630174325,4.0,model_stanford,T_4000m,78.0,smu_gdr_1704,1.1669667987526693,4939,11.99948681460172,1513,0.032272840359784255,High,smu_control_density_proxy_rrc_pending,proxy_smu_control_not_rrc_digital_map,0,False,loaded,texnet_arcgis_mge2.5,True,0,0.0,False,loaded,padus_2.1_fee_gap12_frac01,True,EPSG:3083
48081,Coke,2403.873705883511,94.87320192953698,133,11.661328380269216,76.2317748392435,94.87320192953698,112.97784068172139,4.0,model_stanford,T_4000m,34.0,smu_gdr_1704,5.24836837129643,4939,21.015253791325758,1513,0.014143837888315254,High,smu_control_density_proxy_rrc_pending,proxy_smu_control_not_rrc_digital_map,1,True,loaded,texnet_arcgis_mge2.5,True,0,0.0,False,loaded,padus_2.1_fee_gap12_frac01,True,EPSG:3083
48011,Armstrong,2366.565037119129,97.79421181148953,144,10.071410679154926,76.31549130545721,97.79421181148953,118.88708194096883,4.0,model_stanford,T_4000m,7.0,smu_gdr_1704,31.8175999442954,4939,7.661907875758853,1513,0.0029578734960613007,Low,smu_control_density_proxy_rrc_pending,proxy_smu_control_not_rrc_digital_map,1,True,loaded,texnet_arcgis_mge2.5,True,0,0.0,False,loaded,padus_2.1_fee_gap12_frac01,True,EPSG:3083
48319,Mason,2413.7052209184985,96.66167738943389,132,12.839348583510429,78.60050802519827,96.66167738943389,114.00532976786296,4.0,model_stanford,T_4000m,,,3.2025868685921997,4939,3.1414711028828197,1513,0.0,Low,smu_control_density_proxy_rrc_pending,proxy_smu_control_not_rrc_digital_map,0,False,loaded,texnet_arcgis_mge2.5,True,2,0.008914473575451064,False,loaded,padus_2.1_fee_gap12_frac01,True,EPSG:3083
48435,Sutton,3764.9720059561832,105.4057150297758,209,11.286753403513055,89.52956620357824,105.4057150297758,122.42139467668305,4.0,model_stanford,T_4000m,34.0,smu_gdr_1704,19.019491808940934,4939,69.28259422700317,1513,0.009030611634352665,Medium,smu_control_density_proxy_rrc_pending,proxy_smu_control_not_rrc_digital_map,0,False,loaded,texnet_arcgis_mge2.5,True,0,0.0,False,loaded,padus_2.1_fee_gap12_frac01,True,EPSG:3083
48195,Hansford,2383.2307427204746,97.98427576488919,144,9.866393165455925,80.90574985080295,97.98427576488919,114.80506896972656,4.0,model_stanford,T_4000m,17.0,smu_gdr_1704,5.562610562972625,4939,14.554266796347632,1513,0.0071331741804380976,Medium,smu_control_density_proxy_rrc_pending,proxy_smu_control_not_rrc_digital_map,0,False,loaded,texnet_arcgis_mge2.5,True,0,0.0,False,loaded,padus_2.1_fee_gap12_frac01,True,EPSG:3083
48017,Bailey,2142.8988617285236,88.51404430682842,130,10.198914025380061,69.71455248319185,88.51404430682842,107.42964782714844,4.0,model_stanford,T_4000m,10.0,smu_gdr_1704,17.2186591643043,4939,15.697917763856303,1513,0.0046665758140044524,Low,smu_control_density_proxy_rrc_pending,proxy_smu_control_not_rrc_digital_map,0,False,loaded,texnet_arcgis_mge2.5,True,1,0.012060630614221695,True,loaded,padus_2.1_fee_gap12_frac01,True,EPSG:3083
48295,Lipscomb,2414.510370761228,101.05883126788669,144,8.979288617769877,86.10557916429308,101.05883126788669,116.95889647801717,4.0,model_stanford,T_4000m,15.0,smu_gdr_1704,0.8059189547846779,4939,66.14789391985539,1513,0.006212439665467627,Medium,smu_control_density_proxy_rrc_pending,proxy_smu_control_not_rrc_digital_map,1,True,loaded,texnet_arcgis_mge2.5,True,1,0.0014719588231047827,False,loaded,padus_2.1_fee_gap12_frac01,True,EPSG:3083
48489,Willacy,1631.4391733425898,133.8941536880121,82,10.780692333128394,106.2381844869474,133.8941536880121,163.57819980528296,4.0,model_stanford,T_4000m,45.0,smu_gdr_1704,1.9335000531978697,4939,1.8563866188163527,1513,0.0275830081410889,High,smu_control_density_proxy_rrc_pending,proxy_smu_control_not_rrc_digital_map,0,False,loaded,texnet_arcgis_mge2.5,True,5,0.04002869772017023,True,loaded,padus_2.1_fee_gap12_frac01,True,EPSG:3083
48271,Kinney,3534.8900564085257,118.4178826032366,175,10.84706566129412,95.23741659981864,118.4178826032366,141.81944684709822,4.0,model_stanford,T_4000m,1.0,smu_gdr_1704,3.803624315349675,4939,3.4144117574666386,1513,0.0002828942298182839,Low,smu_control_density_proxy_rrc_pending,proxy_smu_control_not_rrc_digital_map,0,False,loaded,texnet_arcgis_mge2.5,True,0,0.0,False,loaded,padus_2.1_fee_gap12_frac01,True,EPSG:3083
48443,Terrell,6106.92817720749,106.93981783814226,326,11.570603063501464,87.29801653060446,106.93981783814226,126.97740056324591,4.0,model_stanford,T_4000m,18.0,smu_gdr_1704,23.12809833354976,4939,59.59123042305937,1513,0.002947472031385646,Low,smu_control_density_proxy_rrc_pending,proxy_smu_control_not_rrc_digital_map,0,False,loaded,texnet_arcgis_mge2.5,True,3,0.013268368581843536,True,loaded,padus_2.1_fee_gap12_frac01,True,EPSG:3083
48177,Gonzales,2771.296959981576,124.11770850872172,145,9.62493659710062,100.9241315644363,124.11770850872172,147.53204272040006,4.0,model_stanford,T_4000m,37.0,smu_gdr_1704,1.6209096530684515,4939,1.6516275925947403,1513,0.013351149492202374,High,smu_control_density_proxy_rrc_pending,proxy_smu_control_not_rrc_digital_map,37,True,loaded,texnet_arcgis_mge2.5,True,1,0.00014382561312253726,False,loaded,padus_2.1_fee_gap12_frac01,True,EPSG:3083
48367,Parker,2357.0510323765766,116.18081127513538,132,10.220892880902145,98.42105946396336,116.18081127513538,134.45370708812368,4.0,model_stanford,T_4000m,18.0,smu_gdr_1704,0.9652357188501396,4939,24.47455865534531,1513,0.007636661129840235,Medium,smu_control_density_proxy_rrc_pending,proxy_smu_control_not_rrc_digital_map,1,True,loaded,texnet_arcgis_mge2.5,True,0,0.0,False,loaded,padus_2.1_fee_gap12_frac01,True,EPSG:3083
48325,Medina,3456.412251059688,112.35939856937954,168,11.210668498561496,90.5304807027181,112.35939856937954,133.9028316679455,4.0,model_stanford,T_4000m,6.0,smu_gdr_1704,6.218098351603307,4939,8.135744114897513,1513,0.0017359040427427264,Low,smu_control_density_proxy_rrc_pending,proxy_smu_control_not_rrc_digital_map,0,False,loaded,texnet_arcgis_mge2.5,True,3,0.0028092974559403927,False,loaded,padus_2.1_fee_gap12_frac01,True,EPSG:3083
48303,Lubbock,2332.9825349192774,87.87131800614004,127,10.623077550272303,69.9131686593604,87.87131800614004,106.13854121410941,4.0,model_stanford,T_4000m,15.0,smu_gdr_1704,1.8995792359769843,4939,12.48475953914277,1513,0.006429538059323281,Medium,smu_control_density_proxy_rrc_pending,proxy_smu_control_not_rrc_digital_map,1,True,loaded,texnet_arcgis_mge2.5,True,7,0.0011170163059145777,False,loaded,padus_2.1_fee_gap12_frac01,True,EPSG:3083
48497,Wise,2389.6842322508282,110.31440009011163,144,9.780866142776278,91.17730628119574,110.31440009011163,129.60805643929376,4.0,model_stanford,T_4000m,47.0,smu_gdr_1704,2.476538466670355,4939,13.907157133245603,1513,0.01966787049338774,High,smu_control_density_proxy_rrc_pending,proxy_smu_control_not_rrc_digital_map,1,True,loaded,texnet_arcgis_mge2.5,True,0,0.0,False,loaded,padus_2.1_fee_gap12_frac01,True,EPSG:3083
48031,Blanco,1847.8908730285982,122.29251824173272,102,12.619622632568957,105.05486424763997,122.29251824173272,139.01160647822363,4.0,model_stanford,T_4000m,,,4.194644458702284,4939,9.816272973484287,1513,0.0,Low,smu_control_density_proxy_rrc_pending,proxy_smu_control_not_rrc_digital_map,0,False,loaded,texnet_arcgis_mge2.5,True,0,0.0,False,loaded,padus_2.1_fee_gap12_frac01,True,EPSG:3083
48231,Hunt,2284.272907076304,120.7564867771033,132,9.794098337491354,98.77417951641661,120.7564867771033,141.540746977835,4.0,model_stanford,T_4000m,14.0,smu_gdr_1704,3.9663392990546544,4939,7.500899877833452,1513,0.006128864881525447,Low,smu_control_density_proxy_rrc_pending,proxy_smu_control_not_rrc_digital_map,0,False,loaded,texnet_arcgis_mge2.5,True,14,0.005353260409471969,False,loaded,padus_2.1_fee_gap12_frac01,True,EPSG:3083
48493,Wilson,2093.531027086888,122.74913045709783,110,9.844711728529496,99.20425609241832,122.74913045709783,146.97624608820135,4.0,model_stanford,T_4000m,27.0,smu_gdr_1704,6.877470253400999,4939,1.5119842176825353,1513,0.012896871195441527,High,smu_control_density_proxy_rrc_pending,proxy_smu_control_not_rrc_digital_map,17,True,loaded,texnet_arcgis_mge2.5,True,0,0.0,False,loaded,padus_2.1_fee_gap12_frac01,True,EPSG:3083
48375,Potter,2388.1279187631444,96.45497708850436,144,10.06722558206982,76.3020485772027,96.45497708850436,116.57612064149644,4.0,model_stanford,T_4000m,16.0,smu_gdr_1704,11.992052594026719,4939,20.54210638823108,1513,0.006699808613387299,Medium,smu_control_density_proxy_rrc_pending,proxy_smu_control_not_rrc_digital_map,9,True,loaded,texnet_arcgis_mge2.5,True,1,0.0018309402945522054,False,loaded,padus_2.1_fee_gap12_frac01,True,EPSG:3083
48279,Lamb,2635.6828395743414,88.9785225608132,143,10.15190228548917,70.95400254042832,88.9785225608132,107.04806982720649,4.0,model_stanford,T_4000m,21.0,smu_gdr_1704,5.55580994837851,4939,11.505748765329933,1513,0.007967574734216302,Medium,smu_control_density_proxy_rrc_pending,proxy_smu_control_not_rrc_digital_map,0,False,loaded,texnet_arcgis_mge2.5,True,0,0.0,False,loaded,padus_2.1_fee_gap12_frac01,True,EPSG:3083
48149,Fayette,2485.89530799763,128.42188212076823,135,9.524065515730117,105.8800368697555,128.42188212076823,149.4295826099537,4.0,model_stanford,T_4000m,16.0,smu_gdr_1704,4.2936561691878765,4939,14.794404469669399,1513,0.006436312884345833,Medium,smu_control_density_proxy_rrc_pending,proxy_smu_control_not_rrc_digital_map,1,True,loaded,texnet_arcgis_mge2.5,True,0,0.0,False,loaded,padus_2.1_fee_gap12_frac01,True,EPSG:3083
48019,Bandera,2065.8009469317326,105.27374267578125,115,11.78291599854179,85.54796958591628,105.27374267578125,124.13059586234715,4.0,model_stanford,T_4000m,7.0,smu_gdr_1704,8.590802576306249,4939,9.994510923581782,1513,0.003388516212269567,Low,smu_control_density_proxy_rrc_pending,proxy_smu_control_not_rrc_digital_map,0,False,loaded,texnet_arcgis_mge2.5,True,8,0.02053624004558042,True,loaded,padus_2.1_fee_gap12_frac01,True,EPSG:3083
48335,Mitchell,2373.3770382405987,93.32188427087033,132,11.329331621979222,75.05119017398718,93.32188427087033,111.42587182016084,4.0,model_stanford,T_4000m,29.0,smu_gdr_1704,3.685780100807178,4939,3.9523966249322884,1513,0.01221887611312609,High,smu_control_density_proxy_rrc_pending,proxy_smu_control_not_rrc_digital_map,60,True,loaded,texnet_arcgis_mge2.5,True,0,0.0,False,loaded,padus_2.1_fee_gap12_frac01,True,EPSG:3083
48009,Archer,2397.516488262336,101.98283449808757,132,9.635140093890103,82.34273026206277,101.98283449808757,122.0729577035615,4.0,model_stanford,T_4000m,20.0,smu_gdr_1704,9.023437395420894,4939,8.178380101742409,1513,0.008341965570587391,Medium,smu_control_density_proxy_rrc_pending,proxy_smu_control_not_rrc_digital_map,0,False,loaded,texnet_arcgis_mge2.5,True,0,0.0,False,loaded,padus_2.1_fee_gap12_frac01,True,EPSG:3083
48193,Hamilton,2166.0730600619117,110.78244298299154,120,10.891427958011628,89.45913187662761,110.78244298299154,131.39608224232992,4.0,model_stanford,T_4000m,11.0,smu_gdr_1704,3.1896889432835196,4939,11.779076301962318,1513,0.005078314394291757,Low,smu_control_density_proxy_rrc_pending,proxy_smu_control_not_rrc_digital_map,0,False,loaded,texnet_arcgis_mge2.5,True,0,0.0,False,loaded,padus_2.1_fee_gap12_frac01,True,EPSG:3083
48145,Falls,2004.206131315819,121.6737550908869,110,9.946440310911699,98.7373612837358,121.6737550908869,143.73371373956854,4.0,model_stanford,T_4000m,10.0,smu_gdr_1704,6.643129654843478,4939,6.9761658983641235,1513,0.004989506739725775,Low,smu_control_density_proxy_rrc_pending,proxy_smu_control_not_rrc_digital_map,0,False,loaded,texnet_arcgis_mge2.5,True,1,8.209562272365674e-05,False,loaded,padus_2.1_fee_gap12_frac01,True,EPSG:3083
48095,Concho,2572.860455180273,97.9832664938534,153,11.729274039174996,79.82887113483903,97.9832664938534,115.1764004277248,4.0,model_stanford,T_4000m,25.0,smu_gdr_1704,11.313465201904593,4939,6.07065173027292,1513,0.009716811477149591,Medium,smu_control_density_proxy_rrc_pending,proxy_smu_control_not_rrc_digital_map,0,False,loaded,texnet_arcgis_mge2.5,True,0,0.0,False,loaded,padus_2.1_fee_gap12_frac01,True,EPSG:3083
48249,Jim Wells,2249.577970910285,140.15879834493,120,9.955652912457785,110.17181809743245,140.15879834493,171.82122879028321,4.0,model_stanford,T_4000m,33.0,smu_gdr_1704,3.2368947707243265,4939,9.724205866917767,1513,0.014669418187201865,High,smu_control_density_proxy_rrc_pending,proxy_smu_control_not_rrc_digital_map,0,False,loaded,texnet_arcgis_mge2.5,True,2,0.0014249218251014186,False,loaded,padus_2.1_fee_gap12_frac01,True,EPSG:3083
48129,Donley,2416.4825561499983,96.32909276750352,144,10.34398650460773,75.60578547583685,96.32909276750352,116.74682633082072,4.0,model_stanford,T_4000m,15.0,smu_gdr_1704,8.033915715855382,4939,25.307324899972045,1513,0.0062073694518607996,Medium,smu_control_density_proxy_rrc_pending,proxy_smu_control_not_rrc_digital_map,0,False,loaded,texnet_arcgis_mge2.5,True,1,0.0008968337955421346,False,loaded,padus_2.1_fee_gap12_frac01,True,EPSG:3083
48291,Liberty,3047.3248531161075,127.43002179773842,164,9.52583324036947,100.25110054016113,127.43002179773842,155.95882341338367,4.0,model_stanford,T_4000m,85.0,smu_gdr_1704,9.363540558958888,4939,25.111978958451818,1513,0.0278933176136707,High,smu_control_density_proxy_rrc_pending,proxy_smu_control_not_rrc_digital_map,0,False,loaded,texnet_arcgis_mge2.5,True,6,0.04163051385473798,True,loaded,padus_2.1_fee_gap12_frac01,True,EPSG:3083
48121,Denton,2464.7577725048477,114.67674742963978,133,10.324227709519235,96.59121772938205,114.67674742963978,132.48100527426354,4.0,model_stanford,T_4000m,3.0,smu_gdr_1704,1.0464451527359513,4939,1.3897445347400774,1513,0.0012171581457074397,Low,smu_control_density_proxy_rrc_pending,proxy_smu_control_not_rrc_digital_map,6,True,loaded,texnet_arcgis_mge2.5,True,1,0.00032249929715180464,False,loaded,padus_2.1_fee_gap12_frac01,True,EPSG:3083
48217,Hill,2552.893376222406,120.62544980962225,141,10.189734783578427,100.63016948294133,120.62544980962225,140.43021571382562,4.0,model_stanford,T_4000m,6.0,smu_gdr_1704,2.974211410115941,4939,4.810037057558372,1513,0.0023502744203435484,Low,smu_control_density_proxy_rrc_pending,proxy_smu_control_not_rrc_digital_map,1,True,loaded,texnet_arcgis_mge2.5,True,1,0.016324793331750513,True,loaded,padus_2.1_fee_gap12_frac01,True,EPSG:3083
48181,Grayson,2535.5661989670452,106.73023153032575,140,10.023758636202132,85.80171394348145,106.73023153032575,127.33753106253488,4.0,model_stanford,T_4000m,15.0,smu_gdr_1704,2.946374760915189,4939,5.0873252471815,1513,0.005915838445121564,Low,smu_control_density_proxy_rrc_pending,proxy_smu_control_not_rrc_digital_map,3,True,loaded,texnet_arcgis_mge2.5,True,0,0.0,False,loaded,padus_2.1_fee_gap12_frac01,True,EPSG:3083
48197,Hardeman,1804.8132888755242,98.96730557194462,108,9.891652093993294,80.39747266416197,98.96730557194462,118.02706393489132,4.0,model_stanford,T_4000m,15.0,smu_gdr_1704,4.580688669876838,4939,15.138698461646392,1513,0.008311109017457224,Medium,smu_control_density_proxy_rrc_pending,proxy_smu_control_not_rrc_digital_map,0,False,loaded,texnet_arcgis_mge2.5,True,0,0.0,False,loaded,padus_2.1_fee_gap12_frac01,True,EPSG:3083
48147,Fannin,2328.322576231665,116.53760871334353,138,9.452440755954687,94.3065257417983,116.53760871334353,138.0951091379359,4.0,model_stanford,T_4000m,5.0,smu_gdr_1704,3.897889360941443,4939,3.792987376873986,1513,0.002147468761863909,Low,smu_control_density_proxy_rrc_pending,proxy_smu_control_not_rrc_digital_map,0,False,loaded,texnet_arcgis_mge2.5,True,0,0.0,False,loaded,padus_2.1_fee_gap12_frac01,True,EPSG:3083
48501,Yoakum,2071.827395905652,84.08833091042258,110,11.64811181155118,68.71246910095215,84.08833091042258,99.94807607477361,4.0,model_stanford,T_4000m,10.0,smu_gdr_1704,2.5678295347598104,4939,18.00175414209331,1513,0.004826656901903128,Low,smu_control_density_proxy_rrc_pending,proxy_smu_control_not_rrc_digital_map,1,True,loaded,texnet_arcgis_mge2.5,True,3,0.01586505322677066,True,loaded,padus_2.1_fee_gap12_frac01,True,EPSG:3083
48359,Oldham,3888.0628323850606,95.65382372538248,240,10.544380021095275,74.59511636098226,95.65382372538248,117.16121575037639,4.0,model_stanford,T_4000m,21.0,smu_gdr_1704,10.398884569434202,4939,13.913419248693296,1513,0.005401147282159001,Low,smu_control_density_proxy_rrc_pending,proxy_smu_control_not_rrc_digital_map,4,True,loaded,texnet_arcgis_mge2.5,True,0,0.0,False,loaded,padus_2.1_fee_gap12_frac01,True,EPSG:3083
48079,Cochran,2008.0926134009587,84.4525597890218,120,11.036195929845174,67.83659947713217,84.4525597890218,100.85468641916911,4.0,model_stanford,T_4000m,15.0,smu_gdr_1704,10.425029335350795,4939,11.221129361149146,1513,0.00746977499936898,Medium,smu_control_density_proxy_rrc_pending,proxy_smu_control_not_rrc_digital_map,0,False,loaded,texnet_arcgis_mge2.5,True,1,0.0026606740556012845,False,loaded,padus_2.1_fee_gap12_frac01,True,EPSG:3083
48077,Clay,2891.6931773229194,102.19601499117337,169,9.428147476805737,82.15506207167044,102.19601499117337,122.45437942595171,4.0,model_stanford,T_4000m,11.0,smu_gdr_1704,6.359111173014684,4939,14.371390489576534,1513,0.003803999707252349,Low,smu_control_density_proxy_rrc_pending,proxy_smu_control_not_rrc_digital_map,0,False,loaded,texnet_arcgis_mge2.5,True,0,0.0,False,loaded,padus_2.1_fee_gap12_frac01,True,EPSG:3083
48357,Ochiltree,2378.009048501945,99.75520261128743,144,9.336714016066658,83.8145973417494,99.75520261128743,117.02780596415202,4.0,model_stanford,T_4000m,18.0,smu_gdr_1704,1.0807058256260937,4939,18.226163031008404,1513,0.007569357236609051,Medium,smu_control_density_proxy_rrc_pending,proxy_smu_control_not_rrc_digital_map,0,False,loaded,texnet_arcgis_mge2.5,True,0,0.0,False,loaded,padus_2.1_fee_gap12_frac01,True,EPSG:3083
48431,Sterling,2391.277288303323,94.09275634306714,133,11.121361083554145,75.97072569768231,94.09275634306714,112.2646330639832,4.0,model_stanford,T_4000m,25.0,smu_gdr_1704,10.071034936135213,4939,13.595730131566974,1513,0.010454663757434082,Medium,smu_control_density_proxy_rrc_pending,proxy_smu_control_not_rrc_digital_map,0,False,loaded,texnet_arcgis_mge2.5,True,0,0.0,False,loaded,padus_2.1_fee_gap12_frac01,True,EPSG:3083
48165,Gaines,3891.825446739966,84.7282510054739,209,12.281148157621685,69.33068803851114,84.7282510054739,99.92548702550276,4.0,model_stanford,T_4000m,18.0,smu_gdr_1704,4.224005058521265,4939,27.35593299605889,1513,0.004625078962644102,Low,smu_control_density_proxy_rrc_pending,proxy_smu_control_not_rrc_digital_map,0,False,loaded,texnet_arcgis_mge2.5,True,0,0.0,False,loaded,padus_2.1_fee_gap12_frac01,True,EPSG:3083
48421,Sherman,2390.5322977607157,93.45604785283406,144,10.28376923335923,75.11177396774292,93.45604785283406,111.4942979812622,4.0,model_stanford,T_4000m,27.0,smu_gdr_1704,10.321007615430139,4939,18.46946400319818,1513,0.011294555620642199,Medium,smu_control_density_proxy_rrc_pending,proxy_smu_control_not_rrc_digital_map,0,False,loaded,texnet_arcgis_mge2.5,True,0,0.0,False,loaded,padus_2.1_fee_gap12_frac01,True,EPSG:3083
48169,Garza,2321.2925391993476,86.77211154831781,144,12.038558108939064,70.52006136046515,86.77211154831781,103.77376895480685,4.0,model_stanford,T_4000m,28.0,smu_gdr_1704,8.798597133321818,4939,31.562330251973126,1513,0.012062245291003979,High,smu_control_density_proxy_rrc_pending,proxy_smu_control_not_rrc_digital_map,0,False,loaded,texnet_arcgis_mge2.5,True,1,0.004089161685211173,False,loaded,padus_2.1_fee_gap12_frac01,True,EPSG:3083
48275,Knox,2215.3793001835948,95.07718198261564,126,10.852090491188896,76.70214886135525,95.07718198261564,114.41529955182757,4.0,model_stanford,T_4000m,25.0,smu_gdr_1704,5.712545222431059,4939,14.055249255105897,1513,0.011284749296848706,Medium,smu_control_density_proxy_rrc_pending,proxy_smu_control_not_rrc_digital_map,0,False,loaded,texnet_arcgis_mge2.5,True,0,0.0,False,loaded,padus_2.1_fee_gap12_frac01,True,EPSG:3083
48353,Nolan,2366.0963574581747,98.02848766519011,139,11.41523334448286,80.3744599596202,98.02848766519011,114.89572868072729,4.0,model_stanford,T_4000m,57.0,smu_gdr_1704,4.7006152608020235,4939,1.6418397761823738,1513,0.02409031222263212,High,smu_control_density_proxy_rrc_pending,proxy_smu_control_not_rrc_digital_map,0,False,loaded,texnet_arcgis_mge2.5,True,0,0.0,False,loaded,padus_2.1_fee_gap12_frac01,True,EPSG:3083
48417,Shackelford,2371.310106339293,103.73939519458347,144,10.741442150539822,83.58195230695937,103.73939519458347,123.79617410235934,4.0,model_stanford,T_4000m,36.0,smu_gdr_1704,3.3838052243007937,4939,7.795812347870811,1513,0.015181481284864492,High,smu_control_density_proxy_rrc_pending,proxy_smu_control_not_rrc_digital_map,0,False,loaded,texnet_arcgis_mge2.5,True,0,0.0,False,loaded,padus_2.1_fee_gap12_frac01,True,EPSG:3083
48507,Zavala,3371.1913902617116,120.40505560239156,192,10.87036935488383,96.66465310255687,120.40505560239156,144.65531770388284,4.0,model_stanford,T_4000m,27.0,smu_gdr_1704,9.008578201578004,4939,10.277641739901142,1513,0.00800903801486748,Medium,smu_control_density_proxy_rrc_pending,proxy_smu_control_not_rrc_digital_map,0,False,loaded,texnet_arcgis_mge2.5,True,0,0.0,False,loaded,padus_2.1_fee_gap12_frac01,True,EPSG:3083
48247,Jim Hogg,2943.1699550333256,149.58209071747245,146,10.797774922357847,118.36458582420872,149.58209071747245,181.54054176644104,4.0,model_stanford,T_4000m,44.0,smu_gdr_1704,21.67756007863862,4939,23.66878338679143,1513,0.014949867208569608,High,smu_control_density_proxy_rrc_pending,proxy_smu_control_not_rrc_digital_map,0,False,loaded,texnet_arcgis_mge2.5,True,0,0.0,False,loaded,padus_2.1_fee_gap12_frac01,True,EPSG:3083
48173,Glasscock,2333.7826922552595,90.44913309270686,132,11.064881743806781,73.16190936348654,90.44913309270686,108.97425281640255,4.0,model_stanford,T_4000m,19.0,smu_gdr_1704,6.452573875235376,4939,4.874385447411449,1513,0.008141289273869487,Medium,smu_control_density_proxy_rrc_pending,proxy_smu_control_not_rrc_digital_map,37,True,loaded,texnet_arcgis_mge2.5,True,0,0.0,False,loaded,padus_2.1_fee_gap12_frac01,True,EPSG:3083
48413,Schleicher,3393.1572988173853,94.41418465062192,190,11.66701623515079,76.11734360142758,94.41418465062192,112.97643533003958,4.0,model_stanford,T_4000m,32.0,smu_gdr_1704,4.083724084261951,4939,18.090186764406035,1513,0.009430744637495273,Medium,smu_control_density_proxy_rrc_pending,proxy_smu_control_not_rrc_digital_map,0,False,loaded,texnet_arcgis_mge2.5,True,0,0.0,False,loaded,padus_2.1_fee_gap12_frac01,True,EPSG:3083
48329,Midland,2336.014883868788,88.17337773851126,121,11.037455944975546,72.62933970679921,88.17337773851126,105.22402462289352,4.0,model_stanford,T_4000m,11.0,smu_gdr_1704,5.169198861085411,4939,13.391754998396483,1513,0.004708874106907387,Low,smu_control_density_proxy_rrc_pending,proxy_smu_control_not_rrc_digital_map,28,True,loaded,texnet_arcgis_mge2.5,True,1,0.0001659027412134948,False,loaded,padus_2.1_fee_gap12_frac01,True,EPSG:3083
48093,Comanche,2454.834214898993,107.68321261686437,136,11.08151205147014,87.20187944524429,107.68321261686437,127.31132585862103,4.0,model_stanford,T_4000m,21.0,smu_gdr_1704,7.113650096786508,4939,17.31602242229585,1513,0.008554549171812023,Medium,smu_control_density_proxy_rrc_pending,proxy_smu_control_not_rrc_digital_map,0,False,loaded,texnet_arcgis_mge2.5,True,0,0.0,False,loaded,padus_2.1_fee_gap12_frac01,True,EPSG:3083
48305,Lynn,2313.6496470616717,86.92056487327399,129,10.713864274727282,70.30740802971891,86.92056487327399,104.52089904075446,4.0,model_stanford,T_4000m,14.0,smu_gdr_1704,2.59439006435017,4939,13.988129097135877,1513,0.006051045808850082,Low,smu_control_density_proxy_rrc_pending,proxy_smu_control_not_rrc_digital_map,0,False,loaded,texnet_arcgis_mge2.5,True,0,0.0,False,loaded,padus_2.1_fee_gap12_frac01,True,EPSG:3083
48385,Real,1813.3312689769466,108.50716894240607,105,11.045231592087518,87.96255936395555,108.50716894240607,128.59954063778832,4.0,model_stanford,T_4000m,14.0,smu_gdr_1704,19.683105000443074,4939,19.685870001548835,1513,0.007720597024667524,Medium,smu_control_density_proxy_rrc_pending,proxy_smu_control_not_rrc_digital_map,0,False,loaded,texnet_arcgis_mge2.5,True,1,0.0013911963342285462,False,loaded,padus_2.1_fee_gap12_frac01,True,EPSG:3083
48297,Live Oak,2794.2924507437983,145.86651938302177,140,9.52353709425245,117.32465177263532,145.86651938302177,173.19675990513392,4.0,model_stanford,T_4000m,76.0,smu_gdr_1704,5.698861915505666,4939,24.26461606082611,1513,0.02719829843857967,High,smu_control_density_proxy_rrc_pending,proxy_smu_control_not_rrc_digital_map,17,True,loaded,texnet_arcgis_mge2.5,True,0,0.0,False,loaded,padus_2.1_fee_gap12_frac01,True,EPSG:3083
48307,McCulloch,2780.8940995043226,101.93416239420573,150,11.893333371480306,82.72471745808919,101.93416239420573,120.12794240315755,4.0,model_stanford,T_4000m,11.0,smu_gdr_1704,3.320024040594222,4939,9.584070363367008,1513,0.003955562350238609,Low,smu_control_density_proxy_rrc_pending,proxy_smu_control_not_rrc_digital_map,0,False,loaded,texnet_arcgis_mge2.5,True,0,0.0,False,loaded,padus_2.1_fee_gap12_frac01,True,EPSG:3083
48151,Fisher,2335.318130290216,96.42214133522727,132,10.957899512666645,78.63983836318508,96.42214133522727,113.99429933952563,4.0,model_stanford,T_4000m,51.0,smu_gdr_1704,2.3310173967166308,4939,20.230411328107667,1513,0.021838566377105163,High,smu_control_density_proxy_rrc_pending,proxy_smu_control_not_rrc_digital_map,75,True,loaded,texnet_arcgis_mge2.5,True,0,0.0,False,loaded,padus_2.1_fee_gap12_frac01,True,EPSG:3083
48045,Briscoe,2335.4045515205785,94.76662683486938,144,10.4228864841991,74.06233782238431,94.76662683486938,114.85388008753459,4.0,model_stanford,T_4000m,11.0,smu_gdr_1704,10.96998797596578,4939,9.230473523280216,1513,0.004710104719474798,Low,smu_control_density_proxy_rrc_pending,proxy_smu_control_not_rrc_digital_map,0,False,loaded,texnet_arcgis_mge2.5,True,0,0.0,False,loaded,padus_2.1_fee_gap12_frac01,True,EPSG:3083
48505,Zapata,2739.623505951449,156.38739771122556,139,10.584310473297997,125.4833584243445,156.38739771122556,187.4824157275742,4.0,model_stanford,T_4000m,245.0,smu_gdr_1704,6.329221418976139,4939,5.327078711313931,1513,0.08942834643803127,High,smu_control_density_proxy_rrc_pending,proxy_smu_control_not_rrc_digital_map,0,False,loaded,texnet_arcgis_mge2.5,True,0,0.0,False,loaded,padus_2.1_fee_gap12_frac01,True,EPSG:3083
48383,Reagan,3046.1990197650393,90.69940481293068,178,11.23344971624653,73.6864714461766,90.69940481293068,108.92105402571431,4.0,model_stanford,T_4000m,24.0,smu_gdr_1704,18.428315349786573,4939,21.050185938601675,1513,0.007878671040295711,Medium,smu_control_density_proxy_rrc_pending,proxy_smu_control_not_rrc_digital_map,0,False,loaded,texnet_arcgis_mge2.5,True,0,0.0,False,loaded,padus_2.1_fee_gap12_frac01,True,EPSG:3083
48117,Deaf Smith,3881.2929772950597,95.4439073562622,240,10.434049566586813,73.53078762690227,95.4439073562622,118.19572003682454,4.0,model_stanford,T_4000m,9.0,smu_gdr_1704,9.256775944857274,4939,0.32511514558193405,1513,0.0023188149033449815,Low,smu_control_density_proxy_rrc_pending,proxy_smu_control_not_rrc_digital_map,1,True,loaded,texnet_arcgis_mge2.5,True,0,0.0,False,loaded,padus_2.1_fee_gap12_frac01,True,EPSG:3083
48485,Wichita,1638.6012399798453,101.64388252258301,100,9.835512609481812,82.14127006530762,101.64388252258301,121.54210769653321,4.0,model_stanford,T_4000m,17.0,smu_gdr_1704,3.6100014838591377,4939,10.444508929922916,1513,0.010374702267532215,Medium,smu_control_density_proxy_rrc_pending,proxy_smu_control_not_rrc_digital_map,0,False,loaded,texnet_arcgis_mge2.5,True,1,0.00023518251036894737,False,loaded,padus_2.1_fee_gap12_frac01,True,EPSG:3083
48255,Karnes,1952.08454334884,136.63139522776885,102,9.353362471449609,110.47920907712451,136.63139522776885,161.39758375579237,4.0,model_stanford,T_4000m,49.0,smu_gdr_1704,8.400364872274316,4939,16.455571018966868,1513,0.02510137184731739,High,smu_control_density_proxy_rrc_pending,proxy_smu_control_not_rrc_digital_map,142,True,loaded,texnet_arcgis_mge2.5,True,0,0.0,False,loaded,padus_2.1_fee_gap12_frac01,True,EPSG:3083
48049,Brown,2478.468857067032,104.93138128382559,131,11.595328840590616,85.02852578199547,104.93138128382559,123.81218620475012,4.0,model_stanford,T_4000m,8.0,smu_gdr_1704,5.9226641223372765,4939,11.886428960953447,1513,0.0032277992830892508,Low,smu_control_density_proxy_rrc_pending,proxy_smu_control_not_rrc_digital_map,0,False,loaded,texnet_arcgis_mge2.5,True,1,0.0032091976178149173,False,loaded,padus_2.1_fee_gap12_frac01,True,EPSG:3083
48483,Wheeler,2370.2094155679533,97.591582192315,144,10.500751554965973,79.3143212530348,97.591582192315,115.63771655824449,4.0,model_stanford,T_4000m,13.0,smu_gdr_1704,2.9457331431479292,4939,36.790832092255684,1513,0.005484747429747645,Low,smu_control_density_proxy_rrc_pending,proxy_smu_control_not_rrc_digital_map,4,True,loaded,texnet_arcgis_mge2.5,True,0,0.0,False,loaded,padus_2.1_fee_gap12_frac01,True,EPSG:3083
48299,Llano,2501.826257994744,103.27618000919658,133,13.68370833432764,85.90378960630947,103.27618000919658,119.97509042840255,4.0,model_stanford,T_4000m,,,6.7137448406005875,4939,26.403906416073582,1513,0.0,Low,smu_control_density_proxy_rrc_pending,proxy_smu_control_not_rrc_digital_map,0,False,loaded,texnet_arcgis_mge2.5,True,0,0.0,False,loaded,padus_2.1_fee_gap12_frac01,True,EPSG:3083
48209,Hays,1758.088107946008,123.09550151419133,94,11.27336262642069,101.24035652647628,123.09550151419133,143.11004330249543,4.0,model_stanford,T_4000m,1.0,smu_gdr_1704,7.944958339744275,4939,16.08736530407928,1513,0.000568799706613288,Low,smu_control_density_proxy_rrc_pending,proxy_smu_control_not_rrc_digital_map,0,False,loaded,texnet_arcgis_mge2.5,True,10,0.005018460663734062,False,loaded,padus_2.1_fee_gap12_frac01,True,EPSG:3083
48191,Hall,2341.3035080859863,95.78974474800958,144,10.733728018071917,75.44744385613336,95.78974474800958,116.39862193001642,4.0,model_stanford,T_4000m,11.0,smu_gdr_1704,21.288514258726856,4939,52.14260647473075,1513,0.004698237525382812,Low,smu_control_density_proxy_rrc_pending,proxy_smu_control_not_rrc_digital_map,0,False,loaded,texnet_arcgis_mge2.5,True,0,0.0,False,loaded,padus_2.1_fee_gap12_frac01,True,EPSG:3083
48235,Irion,2722.984977650019,90.5647009120268,136,11.479318723959082,72.9626002592199,90.5647009120268,109.21157562031465,4.0,model_stanford,T_4000m,24.0,smu_gdr_1704,4.187301755407737,4939,17.484145084228448,1513,0.008813856924290635,Medium,smu_control_density_proxy_rrc_pending,proxy_smu_control_not_rrc_digital_map,1,True,loaded,texnet_arcgis_mge2.5,True,0,0.0,False,loaded,padus_2.1_fee_gap12_frac01,True,EPSG:3083
48033,Borden,2346.6895152713596,90.85587281891794,132,11.028658942742782,74.66150344501843,90.85587281891794,108.2437858581543,4.0,model_stanford,T_4000m,24.0,smu_gdr_1704,5.9200306749951075,4939,6.976375088139645,1513,0.01022717314916062,Medium,smu_control_density_proxy_rrc_pending,proxy_smu_control_not_rrc_digital_map,0,False,loaded,texnet_arcgis_mge2.5,True,0,0.0,False,loaded,padus_2.1_fee_gap12_frac01,True,EPSG:3083
48309,McLennan,2746.2157069839723,115.93388371751799,151,10.409213031364592,94.37685581232539,115.93388371751799,137.10650745922368,4.0,model_stanford,T_4000m,9.0,smu_gdr_1704,1.349665794301559,4939,7.533802861880783,1513,0.003277237100170925,Low,smu_control_density_proxy_rrc_pending,proxy_smu_control_not_rrc_digital_map,0,False,loaded,texnet_arcgis_mge2.5,True,2,0.0006827377821003467,False,loaded,padus_2.1_fee_gap12_frac01,True,EPSG:3083
48251,Johnson,1901.736182478418,119.6123046148391,105,10.218434996831984,101.25309273856027,119.6123046148391,138.90322527204242,4.0,model_stanford,T_4000m,5.0,smu_gdr_1704,2.5012027341082455,4939,8.166059483189574,1513,0.00262917645784275,Low,smu_control_density_proxy_rrc_pending,proxy_smu_control_not_rrc_digital_map,10,True,loaded,texnet_arcgis_mge2.5,True,1,0.00030959093299191934,False,loaded,padus_2.1_fee_gap12_frac01,True,EPSG:3083
48451,Tom Green,3990.529805586315,92.59622062955584,224,11.744361174958092,74.68807937417712,92.59622062955584,110.1277448790414,4.0,model_stanford,T_4000m,47.0,smu_gdr_1704,4.723501518106362,4939,19.40847114452038,1513,0.011777884714507088,Medium,smu_control_density_proxy_rrc_pending,proxy_smu_control_not_rrc_digital_map,0,False,loaded,texnet_arcgis_mge2.5,True,3,0.0003161334684234227,False,loaded,padus_2.1_fee_gap12_frac01,True,EPSG:3083
48133,Eastland,2413.926925550862,105.00640705249927,135,10.838660360265662,85.0232263635706,105.00640705249927,124.57858643708406,4.0,model_stanford,T_4000m,33.0,smu_gdr_1704,9.076444475114554,4939,19.6354983038088,1513,0.013670670661444876,High,smu_control_density_proxy_rrc_pending,proxy_smu_control_not_rrc_digital_map,0,False,loaded,texnet_arcgis_mge2.5,True,0,0.0,False,loaded,padus_2.1_fee_gap12_frac01,True,EPSG:3083
48285,Lavaca,2513.2674572970095,138.7382953528202,132,9.713289343949521,111.63957832798813,138.7382953528202,163.8005255496863,4.0,model_stanford,T_4000m,117.0,smu_gdr_1704,11.34771636833887,4939,32.33764151090815,1513,0.04655294431967546,High,smu_control_density_proxy_rrc_pending,proxy_smu_control_not_rrc_digital_map,0,False,loaded,texnet_arcgis_mge2.5,True,0,0.0,False,loaded,padus_2.1_fee_gap12_frac01,True,EPSG:3083
48113,Dallas,2353.490247466862,119.13541077122544,132,9.995865507559342,97.43117367137562,119.13541077122544,140.3082062692353,4.0,model_stanford,T_4000m,11.0,smu_gdr_1704,0.928807144440595,4939,5.147491673301522,1513,0.004673909319080314,Low,smu_control_density_proxy_rrc_pending,proxy_smu_control_not_rrc_digital_map,3,True,loaded,texnet_arcgis_mge2.5,True,24,0.006675934996144532,False,loaded,padus_2.1_fee_gap12_frac01,True,EPSG:3083
48013,Atascosa,3163.783667186886,126.49037501164254,173,9.762943717096583,102.2109466288131,126.49037501164254,151.61127317571916,4.0,model_stanford,T_4000m,48.0,smu_gdr_1704,4.044669340803968,4939,16.598417356341233,1513,0.015171707376149313,High,smu_control_density_proxy_rrc_pending,proxy_smu_control_not_rrc_digital_map,43,True,loaded,texnet_arcgis_mge2.5,True,0,0.0,False,loaded,padus_2.1_fee_gap12_frac01,True,EPSG:3083
48101,Cottle,2334.604320144093,96.6354781052162,145,10.258516380704682,78.33554487557247,96.6354781052162,115.59341630606816,4.0,model_stanford,T_4000m,20.0,smu_gdr_1704,6.787510402010638,4939,26.560710939737984,1513,0.008566762182109553,Medium,smu_control_density_proxy_rrc_pending,proxy_smu_control_not_rrc_digital_map,0,False,loaded,texnet_arcgis_mge2.5,True,1,0.04904271126039586,True,loaded,padus_2.1_fee_gap12_frac01,True,EPSG:3083
48183,Gregg,714.2304006127932,135.8529023912218,45,8.881970437367757,112.96896599663629,135.8529023912218,157.22505764431423,4.0,model_stanford,T_4000m,744.0,smu_gdr_1704,2.7585307431060313,4939,16.336392895433548,1513,1.0416806668571725,High,smu_control_density_proxy_rrc_pending,proxy_smu_control_not_rrc_digital_map,0,False,loaded,texnet_arcgis_mge2.5,True,0,0.0,False,loaded,padus_2.1_fee_gap12_frac01,True,EPSG:3083
48233,Hutchinson,2318.5385286339597,97.56759182612102,144,10.258766144514084,78.32940769195557,97.56759182612102,116.96864154603746,4.0,model_stanford,T_4000m,30.0,smu_gdr_1704,9.03216766312272,4939,16.458799927012766,1513,0.012939185452171653,High,smu_control_density_proxy_rrc_pending,proxy_smu_control_not_rrc_digital_map,0,False,loaded,texnet_arcgis_mge2.5,True,0,0.0,False,loaded,padus_2.1_fee_gap12_frac01,True,EPSG:3083
48127,Dimmit,3456.405765534088,132.8049532283436,176,10.179519482634284,108.27394177696921,132.8049532283436,159.01539065621117,4.0,model_stanford,T_4000m,72.0,smu_gdr_1704,5.868752074195101,4939,5.858329156288404,1513,0.020830887599469813,High,smu_control_density_proxy_rrc_pending,proxy_smu_control_not_rrc_digital_map,1,True,loaded,texnet_arcgis_mge2.5,True,1,0.010579019043360593,True,loaded,padus_2.1_fee_gap12_frac01,True,EPSG:3083
48447,Throckmorton,2371.1306340409724,102.17800805062959,132,10.541877016876683,82.3139222462972,102.17800805062959,122.49157258236048,4.0,model_stanford,T_4000m,16.0,smu_gdr_1704,6.376179351302199,4939,8.24786497058274,1513,0.006747835724568318,Medium,smu_control_density_proxy_rrc_pending,proxy_smu_control_not_rrc_digital_map,0,False,loaded,texnet_arcgis_mge2.5,True,0,0.0,False,loaded,padus_2.1_fee_gap12_frac01,True,EPSG:3083
48337,Montague,2430.5399596398297,103.96688337887035,136,10.46727740764618,84.04081395093132,103.96688337887035,124.25172413096709,4.0,model_stanford,T_4000m,17.0,smu_gdr_1704,8.414784914576714,4939,28.1810082477544,1513,0.006994330594144665,Medium,smu_control_density_proxy_rrc_pending,proxy_smu_control_not_rrc_digital_map,0,False,loaded,texnet_arcgis_mge2.5,True,1,0.0013693852634606336,False,loaded,padus_2.1_fee_gap12_frac01,True,EPSG:3083
48159,Franklin,763.4768658387305,122.57477409895077,43,8.897772855536882,99.88443667389626,122.57477409895077,144.41123926916788,4.0,model_stanford,T_4000m,8.0,smu_gdr_1704,0.6418892235596729,4939,8.877476150332827,1513,0.010478379055024101,Medium,smu_control_density_proxy_rrc_pending,proxy_smu_control_not_rrc_digital_map,0,False,loaded,texnet_arcgis_mge2.5,True,0,0.0,False,loaded,padus_2.1_fee_gap12_frac01,True,EPSG:3083
48445,Terry,2307.3860891999097,85.19531406055798,132,11.954091635617344,70.40022864486232,85.19531406055798,99.24451371395227,4.0,model_stanford,T_4000m,11.0,smu_gdr_1704,4.30311899404522,4939,40.40838016814097,1513,0.004767299261916877,Low,smu_control_density_proxy_rrc_pending,proxy_smu_control_not_rrc_digital_map,0,False,loaded,texnet_arcgis_mge2.5,True,2,0.0017588168842027363,False,loaded,padus_2.1_fee_gap12_frac01,True,EPSG:3083
48461,Upton,3213.828783359388,89.23402577200852,177,11.594998316576252,72.19708230401163,89.23402577200852,107.63607960501633,4.0,model_stanford,T_4000m,24.0,smu_gdr_1704,16.615467524435296,4939,16.58280648316551,1513,0.007467728251196071,Medium,smu_control_density_proxy_rrc_pending,proxy_smu_control_not_rrc_digital_map,0,False,loaded,texnet_arcgis_mge2.5,True,0,0.0,False,loaded,padus_2.1_fee_gap12_frac01,True,EPSG:3083
48163,Frio,2937.606887713717,122.86296100980917,157,10.796749081581261,98.5225753298231,122.86296100980917,147.381214214738,4.0,model_stanford,T_4000m,33.0,smu_gdr_1704,4.198044746309722,4939,7.42267147693653,1513,0.01123363379151227,Medium,smu_control_density_proxy_rrc_pending,proxy_smu_control_not_rrc_digital_map,35,True,loaded,texnet_arcgis_mge2.5,True,0,0.0,False,loaded,padus_2.1_fee_gap12_frac01,True,EPSG:3083
48179,Gray,2406.9712570550014,97.93699359893799,144,10.571173816919327,78.57607470618353,97.93699359893799,117.89880688985188,4.0,model_stanford,T_4000m,19.0,smu_gdr_1704,0.678858156896936,4939,3.0477827160383777,1513,0.007893737801940788,Medium,smu_control_density_proxy_rrc_pending,proxy_smu_control_not_rrc_digital_map,1,True,loaded,texnet_arcgis_mge2.5,True,0,0.0,False,loaded,padus_2.1_fee_gap12_frac01,True,EPSG:3083
48425,Somervell,496.4719873160305,115.78707970513238,27,10.80293189154731,96.91762768780744,115.78707970513238,134.29240813078704,4.0,model_stanford,T_4000m,2.0,smu_gdr_1704,4.59789258535931,4939,10.74591868359885,1513,0.004028424666640647,Low,smu_control_density_proxy_rrc_pending,proxy_smu_control_not_rrc_digital_map,0,False,loaded,texnet_arcgis_mge2.5,True,0,0.0,False,loaded,padus_2.1_fee_gap12_frac01,True,EPSG:3083
48211,Hemphill,2363.7365828316442,103.11905198627048,144,9.880706363254124,86.58426978853014,103.11905198627048,120.27630700005426,4.0,model_stanford,T_4000m,8.0,smu_gdr_1704,15.391501016122032,4939,30.181902164772257,1513,0.003384471881556438,Low,smu_control_density_proxy_rrc_pending,proxy_smu_control_not_rrc_digital_map,1,True,loaded,texnet_arcgis_mge2.5,True,1,0.00906019731399497,False,loaded,padus_2.1_fee_gap12_frac01,True,EPSG:3083
48107,Crosby,2334.847538851461,87.36456215020382,132,12.036139130592346,68.26013683550286,87.36456215020382,107.56952210628626,4.0,model_stanford,T_4000m,19.0,smu_gdr_1704,4.57765830286491,4939,9.875049792808342,1513,0.008137576301597116,Medium,smu_control_density_proxy_rrc_pending,proxy_smu_control_not_rrc_digital_map,0,False,loaded,texnet_arcgis_mge2.5,True,0,0.0,False,loaded,padus_2.1_fee_gap12_frac01,True,EPSG:3083
48433,Stonewall,2384.646823934263,94.86631594763861,144,11.221772991948658,76.58972708384196,94.86631594763861,114.08116441302829,4.0,model_stanford,T_4000m,25.0,smu_gdr_1704,2.557480481960391,4939,4.71550242173084,1513,0.010483732747792915,Medium,smu_control_density_proxy_rrc_pending,proxy_smu_control_not_rrc_digital_map,0,False,loaded,texnet_arcgis_mge2.5,True,0,0.0,False,loaded,padus_2.1_fee_gap12_frac01,True,EPSG:3083
48463,Uvalde,4038.0773412738595,110.85624881891104,208,11.083098739385605,88.72668658770047,110.85624881891104,132.93773067914523,4.0,model_stanford,T_4000m,,,7.998173329737645,4939,15.35432541874839,1513,0.0,Low,smu_control_density_proxy_rrc_pending,proxy_smu_control_not_rrc_digital_map,0,False,loaded,texnet_arcgis_mge2.5,True,0,0.0,False,loaded,padus_2.1_fee_gap12_frac01,True,EPSG:3083
48415,Scurry,2350.4013754066664,94.20991377397017,121,10.735081294351373,76.28938154740767,94.20991377397017,112.23298096459759,4.0,model_stanford,T_4000m,28.0,smu_gdr_1704,4.003198131385676,4939,6.724715905499048,1513,0.01191285892400205,Medium,smu_control_density_proxy_rrc_pending,proxy_smu_control_not_rrc_digital_map,165,True,loaded,texnet_arcgis_mge2.5,True,0,0.0,False,loaded,padus_2.1_fee_gap12_frac01,True,EPSG:3083
48213,Henderson,2456.55370449204,129.42903838438147,136,9.27865628635182,107.74872589111328,129.42903838438147,149.9197508868049,4.0,model_stanford,T_4000m,22.0,smu_gdr_1704,4.889175587786861,4939,5.793827381812047,1513,0.008955635677645037,Medium,smu_control_density_proxy_rrc_pending,proxy_smu_control_not_rrc_digital_map,0,False,loaded,texnet_arcgis_mge2.5,True,3,3.5320822311392164e-05,False,loaded,padus_2.1_fee_gap12_frac01,True,EPSG:3083
48189,Hale,2602.2750263033254,88.52087216499524,156,10.243441361647387,69.45549162840231,88.52087216499524,107.86114047123836,4.0,model_stanford,T_4000m,12.0,smu_gdr_1704,3.1537533097309742,4939,19.840555421418593,1513,0.004611349637800067,Low,smu_control_density_proxy_rrc_pending,proxy_smu_control_not_rrc_digital_map,0,False,loaded,texnet_arcgis_mge2.5,True,1,0.0007583878004435979,False,loaded,padus_2.1_fee_gap12_frac01,True,EPSG:3083
48487,Wilbarger,2532.9353367556423,102.50660037994385,144,9.740938627057606,82.1717176437378,102.50660037994385,123.33875947528415,4.0,model_stanford,T_4000m,18.0,smu_gdr_1704,6.511223793373771,4939,8.271812963167372,1513,0.00710637959793148,Medium,smu_control_density_proxy_rrc_pending,proxy_smu_control_not_rrc_digital_map,0,False,loaded,texnet_arcgis_mge2.5,True,0,0.0,False,loaded,padus_2.1_fee_gap12_frac01,True,EPSG:3083
48263,Kent,2337.4161961494556,91.24167812231815,132,11.13817104065057,72.89147171829686,91.24167812231815,110.62226578683564,4.0,model_stanford,T_4000m,23.0,smu_gdr_1704,8.368374420630753,4939,23.295065444845974,1513,0.009839924972663863,Medium,smu_control_density_proxy_rrc_pending,proxy_smu_control_not_rrc_digital_map,4,True,loaded,texnet_arcgis_mge2.5,True,1,0.0018074873138290409,False,loaded,padus_2.1_fee_gap12_frac01,True,EPSG:3083
48363,Palo Pinto,2552.0633037961525,108.59379653930664,140,10.558576028687613,88.42816004071916,108.59379653930664,128.800424684797,4.0,model_stanford,T_4000m,50.0,smu_gdr_1704,10.864718688252577,4939,10.947602421813851,1513,0.01959199049867839,High,smu_control_density_proxy_rrc_pending,proxy_smu_control_not_rrc_digital_map,0,False,loaded,texnet_arcgis_mge2.5,True,0,0.0,False,loaded,padus_2.1_fee_gap12_frac01,True,EPSG:3083
48221,Hood,1131.6586511267083,114.44309047011079,61,10.242880930666063,96.2431640625,114.44309047011079,132.6562093515865,4.0,model_stanford,T_4000m,5.0,smu_gdr_1704,5.620306795481331,4939,8.339363303318324,1513,0.004418293444778487,Low,smu_control_density_proxy_rrc_pending,proxy_smu_control_not_rrc_digital_map,0,False,loaded,texnet_arcgis_mge2.5,True,0,0.0,False,loaded,padus_2.1_fee_gap12_frac01,True,EPSG:3083
48027,Bell,2823.72669379786,117.88890420236895,155,10.880005128922,95.06353848365045,117.88890420236895,140.31976662912678,4.0,model_stanford,T_4000m,4.0,smu_gdr_1704,3.6713606518138753,4939,6.386212217030658,1513,0.0014165676900621265,Low,smu_control_density_proxy_rrc_pending,proxy_smu_control_not_rrc_digital_map,0,False,loaded,texnet_arcgis_mge2.5,True,0,0.0,False,loaded,padus_2.1_fee_gap12_frac01,True,EPSG:3083
48259,Kendall,1716.7138245336273,111.70413716634114,87,12.122305289082144,91.64716049720501,111.70413716634114,129.93211811986464,4.0,model_stanford,T_4000m,,,8.520056799212888,4939,20.40507379698006,1513,0.0,Low,smu_control_density_proxy_rrc_pending,proxy_smu_control_not_rrc_digital_map,0,False,loaded,texnet_arcgis_mge2.5,True,4,0.0037578117928606463,False,loaded,padus_2.1_fee_gap12_frac01,True,EPSG:3083
48365,Panola,2127.667441199631,137.8286870972723,117,9.143214873778515,115.69982401529948,137.8286870972723,159.3231661543887,4.0,model_stanford,T_4000m,260.0,smu_gdr_1704,2.6780190655645124,4939,25.7155127713291,1513,0.12219954818381093,High,smu_control_density_proxy_rrc_pending,proxy_smu_control_not_rrc_digital_map,0,False,loaded,texnet_arcgis_mge2.5,True,1,0.013489363717036395,True,loaded,padus_2.1_fee_gap12_frac01,True,EPSG:3083
48171,Gillespie,2750.061062419168,102.50114199481433,158,13.055818841427188,84.33010811141774,102.50114199481433,119.87416588505612,4.0,model_stanford,T_4000m,,,10.512558317178586,4939,47.06632939150677,1513,0.0,Low,smu_control_density_proxy_rrc_pending,proxy_smu_control_not_rrc_digital_map,0,False,loaded,texnet_arcgis_mge2.5,True,0,0.0,False,loaded,padus_2.1_fee_gap12_frac01,True,EPSG:3083
48111,Dallam,3899.3055283422837,91.24264698028564,240,10.007793337106705,72.5959064801534,91.24264698028564,110.50065479278564,4.0,model_stanford,T_4000m,24.0,smu_gdr_1704,23.26507203684796,4939,67.74395154084226,1513,0.006154942162278612,Low,smu_control_density_proxy_rrc_pending,proxy_smu_control_not_rrc_digital_map,1,True,loaded,texnet_arcgis_mge2.5,True,0,0.0,False,loaded,padus_2.1_fee_gap12_frac01,True,EPSG:3083
48441,Taylor,2380.642487336688,99.54289678138072,127,10.991334412041612,80.81614168422429,99.54289678138072,117.51871262197419,4.0,model_stanford,T_4000m,58.0,smu_gdr_1704,7.932738015351236,4939,9.748097170142799,1513,0.024363170996282907,High,smu_control_density_proxy_rrc_pending,proxy_smu_control_not_rrc_digital_map,0,False,loaded,texnet_arcgis_mge2.5,True,0,0.0,False,loaded,padus_2.1_fee_gap12_frac01,True,EPSG:3083
48473,Waller,1341.2701789589382,131.7331147330148,70,9.615786382130214,106.73614273071288,131.7331147330148,155.93202994210378,4.0,model_stanford,T_4000m,92.0,smu_gdr_1704,8.591035682020747,4939,5.542175326651206,1513,0.06859169870712267,High,smu_control_density_proxy_rrc_pending,proxy_smu_control_not_rrc_digital_map,0,False,loaded,texnet_arcgis_mge2.5,True,0,0.0,False,loaded,padus_2.1_fee_gap12_frac01,True,EPSG:3083
48087,Collingsworth,2381.759022699673,97.25966993967693,144,10.91147110859553,77.86440552605524,97.25966993967693,116.98411634233263,4.0,model_stanford,T_4000m,17.0,smu_gdr_1704,12.866336391877928,4939,65.4538419471367,1513,0.007137581861968077,Medium,smu_control_density_proxy_rrc_pending,proxy_smu_control_not_rrc_digital_map,0,False,loaded,texnet_arcgis_mge2.5,True,0,0.0,False,loaded,padus_2.1_fee_gap12_frac01,True,EPSG:3083
48439,Tarrant,2340.6581242515513,122.30320559607611,144,10.071646428770489,105.02722125583225,122.30320559607611,140.47580782572427,4.0,model_stanford,T_4000m,4.0,smu_gdr_1704,1.737288979305102,4939,0.4037853539919978,1513,0.001708921075895712,Low,smu_control_density_proxy_rrc_pending,proxy_smu_control_not_rrc_digital_map,2,True,loaded,texnet_arcgis_mge2.5,True,22,0.008634825238723007,False,loaded,padus_2.1_fee_gap12_frac01,True,EPSG:3083
48123,DeWitt,2357.8900040558383,143.83135595703126,125,9.884937549591065,117.32098248291015,143.83135595703126,167.47206372070312,4.0,model_stanford,T_4000m,61.0,smu_gdr_1704,3.3786941178489065,4939,28.12469211459516,1513,0.02587058764194813,High,smu_control_density_proxy_rrc_pending,proxy_smu_control_not_rrc_digital_map,9,True,loaded,texnet_arcgis_mge2.5,True,0,0.0,False,loaded,padus_2.1_fee_gap12_frac01,True,EPSG:3083
48115,Dawson,2336.6122245478946,86.6462676623636,121,11.725538411416299,72.62483707144241,86.6462676623636,101.74042882998127,4.0,model_stanford,T_4000m,6.0,smu_gdr_1704,1.2358290842951485,4939,1.4613028721345553,1513,0.0025678201701443745,Low,smu_control_density_proxy_rrc_pending,proxy_smu_control_not_rrc_digital_map,0,False,loaded,texnet_arcgis_mge2.5,True,0,0.0,False,loaded,padus_2.1_fee_gap12_frac01,True,EPSG:3083
48097,Cooke,2327.625718614613,104.74562425755742,134,11.270200711577687,84.39739847894924,104.74562425755742,124.7233414721133,4.0,model_stanford,T_4000m,18.0,smu_gdr_1704,1.8218945440802559,4939,7.0744562719071284,1513,0.007733202059098005,Medium,smu_control_density_proxy_rrc_pending,proxy_smu_control_not_rrc_digital_map,0,False,loaded,texnet_arcgis_mge2.5,True,0,0.0,False,loaded,padus_2.1_fee_gap12_frac01,True,EPSG:3083
