{
"type": "FeatureCollection",
"name": "geology_faults",
"crs": { "type": "name", "properties": { "name": "urn:ogc:def:crs:OGC:1.3:CRS84" } },
"features": [
{ "type": "Feature", "properties": { "faultType": "normal fault, certain" }, "geometry": { "type": "LineString", "coordinates": [ [ -102.4547, 35.6753 ], [ -102.3387, 35.6157 ], [ -102.3252, 35.582 ], [ -102.2877, 35.5559 ] ] } },
{ "type": "Feature", "properties": { "faultType": "normal fault, certain" }, "geometry": { "type": "LineString", "coordinates": [ [ -102.2723, 35.555 ], [ -102.2005, 35.5468 ] ] } },
{ "type": "Feature", "properties": { "faultType": "normal fault, certain" }, "geometry": { "type": "LineString", "coordinates": [ [ -97.2912, 33.8177 ], [ -97.3376, 33.8029 ] ] } },
{ "type": "Feature", "properties": { "faultType": "normal fault, certain" }, "geometry": { "type": "LineString", "coordinates": [ [ -95.726, 33.5044 ], [ -95.7064, 33.4945 ] ] } },
{ "type": "Feature", "properties": { "faultType": "normal fault, certain" }, "geometry": { "type": "LineString", "coordinates": [ [ -94.2535, 33.4273 ], [ -94.2333, 33.4136 ] ] } },
{ "type": "Feature", "properties": { "faultType": "normal fault, certain" }, "geometry": { "type": "LineString", "coordinates": [ [ -95.6992, 33.4919 ], [ -95.6716, 33.4788 ] ] } },
{ "type": "Feature", "properties": { "faultType": "normal fault, certain" }, "geometry": { "type": "LineString", "coordinates": [ [ -95.6452, 33.4671 ], [ -95.5752, 33.4392 ] ] } },
{ "type": "Feature", "properties": { "faultType": "normal fault, approximate" }, "geometry": { "type": "LineString", "coordinates": [ [ -95.0464, 33.4003 ], [ -95.091, 33.3976 ] ] } },
{ "type": "Feature", "properties": { "faultType": "normal fault, certain" }, "geometry": { "type": "LineString", "coordinates": [ [ -94.4506, 33.3642 ], [ -94.4436, 33.3645 ] ] } },
{ "type": "Feature", "properties": { "faultType": "normal fault, certain" }, "geometry": { "type": "LineString", "coordinates": [ [ -94.8868, 33.384 ], [ -94.8999, 33.3827 ] ] } },
{ "type": "Feature", "properties": { "faultType": "normal fault, certain" }, "geometry": { "type": "LineString", "coordinates": [ [ -94.5778, 33.3605 ], [ -94.5486, 33.3722 ] ] } },
{ "type": "Feature", "properties": { "faultType": "normal fault, approximate" }, "geometry": { "type": "LineString", "coordinates": [ [ -94.7348, 33.3626 ], [ -94.7717, 33.3637 ] ] } },
{ "type": "Feature", "properties": { "faultType": "normal fault, approximate" }, "geometry": { "type": "LineString", "coordinates": [ [ -94.7825, 33.3645 ], [ -94.7922, 33.3638 ] ] } },
{ "type": "Feature", "properties": { "faultType": "normal fault, certain" }, "geometry": { "type": "LineString", "coordinates": [ [ -94.5953, 33.3505 ], [ -94.5778, 33.3605 ] ] } },
{ "type": "Feature", "properties": { "faultType": "normal fault, certain" }, "geometry": { "type": "LineString", "coordinates": [ [ -94.5778, 33.3605 ], [ -94.5255, 33.3451 ], [ -94.4607, 33.3589 ] ] } },
{ "type": "Feature", "properties": { "faultType": "normal fault, approximate" }, "geometry": { "type": "LineString", "coordinates": [ [ -94.6656, 33.3365 ], [ -94.64, 33.3493 ] ] } },
{ "type": "Feature", "properties": { "faultType": "normal fault, approximate" }, "geometry": { "type": "LineString", "coordinates": [ [ -94.6656, 33.3365 ], [ -94.6213, 33.3386 ] ] } },
{ "type": "Feature", "properties": { "faultType": "normal fault, certain" }, "geometry": { "type": "LineString", "coordinates": [ [ -95.0795, 33.3499 ], [ -95.0638, 33.3494 ] ] } },
{ "type": "Feature", "properties": { "faultType": "normal fault, approximate" }, "geometry": { "type": "LineString", "coordinates": [ [ -94.6916, 33.3273 ], [ -94.6656, 33.3365 ] ] } },
{ "type": "Feature", "properties": { "faultType": "normal fault, certain" }, "geometry": { "type": "LineString", "coordinates": [ [ -94.8268, 33.3361 ], [ -94.872, 33.3263 ] ] } },
{ "type": "Feature", "properties": { "faultType": "normal fault, certain" }, "geometry": { "type": "LineString", "coordinates": [ [ -95.3814, 33.3449 ], [ -95.423, 33.3456 ] ] } },
{ "type": "Feature", "properties": { "faultType": "normal fault, approximate" }, "geometry": { "type": "LineString", "coordinates": [ [ -94.6727, 33.3066 ], [ -94.5973, 33.3271 ] ] } },
{ "type": "Feature", "properties": { "faultType": "normal fault, certain" }, "geometry": { "type": "LineString", "coordinates": [ [ -95.2006, 33.3304 ], [ -95.1002, 33.3494 ] ] } },
{ "type": "Feature", "properties": { "faultType": "normal fault, approximate" }, "geometry": { "type": "LineString", "coordinates": [ [ -94.8194, 33.3105 ], [ -94.7586, 33.3163 ] ] } },
{ "type": "Feature", "properties": { "faultType": "normal fault, certain" }, "geometry": { "type": "LineString", "coordinates": [ [ -95.4475, 33.3374 ], [ -95.4353, 33.3418 ] ] } },
{ "type": "Feature", "properties": { "faultType": "normal fault, certain" }, "geometry": { "type": "LineString", "coordinates": [ [ -95.2618, 33.3554 ], [ -95.3239, 33.3291 ] ] } },
{ "type": "Feature", "properties": { "faultType": "normal fault, certain" }, "geometry": { "type": "LineString", "coordinates": [ [ -95.4647, 33.333 ], [ -95.4475, 33.3374 ] ] } },
{ "type": "Feature", "properties": { "faultType": "normal fault, certain" }, "geometry": { "type": "LineString", "coordinates": [ [ -95.5576, 33.3389 ], [ -95.5558, 33.336 ] ] } },
{ "type": "Feature", "properties": { "faultType": "normal fault, certain" }, "geometry": { "type": "LineString", "coordinates": [ [ -95.3063, 33.3469 ], [ -95.4242, 33.3306 ] ] } },
{ "type": "Feature", "properties": { "faultType": "normal fault, certain" }, "geometry": { "type": "LineString", "coordinates": [ [ -95.4475, 33.3374 ], [ -95.4242, 33.3306 ] ] } },
{ "type": "Feature", "properties": { "faultType": "normal fault, certain" }, "geometry": { "type": "LineString", "coordinates": [ [ -95.4921, 33.3309 ], [ -95.4647, 33.333 ] ] } },
{ "type": "Feature", "properties": { "faultType": "normal fault, certain" }, "geometry": { "type": "LineString", "coordinates": [ [ -95.5558, 33.336 ], [ -95.5229, 33.3317 ] ] } },
{ "type": "Feature", "properties": { "faultType": "normal fault, certain" }, "geometry": { "type": "LineString", "coordinates": [ [ -95.5558, 33.336 ], [ -95.5514, 33.3295 ] ] } },
{ "type": "Feature", "properties": { "faultType": "normal fault, certain" }, "geometry": { "type": "LineString", "coordinates": [ [ -95.5514, 33.3295 ], [ -95.5216, 33.3207 ] ] } },
{ "type": "Feature", "properties": { "faultType": "normal fault, certain" }, "geometry": { "type": "LineString", "coordinates": [ [ -95.2929, 33.3084 ], [ -95.2006, 33.3304 ] ] } },
{ "type": "Feature", "properties": { "faultType": "normal fault, certain" }, "geometry": { "type": "LineString", "coordinates": [ [ -95.5514, 33.3295 ], [ -95.5824, 33.32 ] ] } },
{ "type": "Feature", "properties": { "faultType": "normal fault, certain" }, "geometry": { "type": "LineString", "coordinates": [ [ -95.4647, 33.333 ], [ -95.5164, 33.3167 ] ] } },
{ "type": "Feature", "properties": { "faultType": "normal fault, certain" }, "geometry": { "type": "LineString", "coordinates": [ [ -95.6212, 33.3087 ], [ -95.5903, 33.3174 ] ] } },
{ "type": "Feature", "properties": { "faultType": "normal fault, approximate" }, "geometry": { "type": "LineString", "coordinates": [ [ -95.6442, 33.3243 ], [ -95.702, 33.3119 ] ] } },
{ "type": "Feature", "properties": { "faultType": "normal fault, certain" }, "geometry": { "type": "LineString", "coordinates": [ [ -95.4242, 33.3306 ], [ -95.5133, 33.3022 ] ] } },
{ "type": "Feature", "properties": { "faultType": "normal fault, certain" }, "geometry": { "type": "LineString", "coordinates": [ [ -95.5223, 33.3151 ], [ -95.5862, 33.2895 ] ] } },
{ "type": "Feature", "properties": { "faultType": "normal fault, certain" }, "geometry": { "type": "LineString", "coordinates": [ [ -95.4443, 33.2753 ], [ -95.3378, 33.3056 ] ] } },
{ "type": "Feature", "properties": { "faultType": "normal fault, certain" }, "geometry": { "type": "LineString", "coordinates": [ [ -95.498, 33.2752 ], [ -95.4443, 33.2753 ] ] } },
{ "type": "Feature", "properties": { "faultType": "normal fault, certain" }, "geometry": { "type": "LineString", "coordinates": [ [ -95.834, 33.2865 ], [ -95.8209, 33.288 ] ] } },
{ "type": "Feature", "properties": { "faultType": "normal fault, certain" }, "geometry": { "type": "LineString", "coordinates": [ [ -95.8568, 33.2836 ], [ -95.8405, 33.2851 ] ] } },
{ "type": "Feature", "properties": { "faultType": "normal fault, certain" }, "geometry": { "type": "LineString", "coordinates": [ [ -95.4443, 33.2753 ], [ -95.3856, 33.2649 ], [ -95.2006, 33.3304 ] ] } },
{ "type": "Feature", "properties": { "faultType": "normal fault, certain" }, "geometry": { "type": "LineString", "coordinates": [ [ -95.7166, 33.2774 ], [ -95.7075, 33.2865 ] ] } },
{ "type": "Feature", "properties": { "faultType": "normal fault, certain" }, "geometry": { "type": "LineString", "coordinates": [ [ -95.6758, 33.2717 ], [ -95.608, 33.2932 ] ] } },
{ "type": "Feature", "properties": { "faultType": "normal fault, certain" }, "geometry": { "type": "LineString", "coordinates": [ [ -95.7317, 33.2726 ], [ -95.7166, 33.2774 ] ] } },
{ "type": "Feature", "properties": { "faultType": "normal fault, certain" }, "geometry": { "type": "LineString", "coordinates": [ [ -95.686, 33.2691 ], [ -95.6758, 33.2717 ] ] } },
{ "type": "Feature", "properties": { "faultType": "normal fault, certain" }, "geometry": { "type": "LineString", "coordinates": [ [ -95.7166, 33.2774 ], [ -95.686, 33.2691 ] ] } },
{ "type": "Feature", "properties": { "faultType": "normal fault, certain" }, "geometry": { "type": "LineString", "coordinates": [ [ -95.7406, 33.271 ], [ -95.7317, 33.2726 ] ] } },
{ "type": "Feature", "properties": { "faultType": "normal fault, certain" }, "geometry": { "type": "LineString", "coordinates": [ [ -95.7317, 33.2726 ], [ -95.686, 33.2691 ] ] } },
{ "type": "Feature", "properties": { "faultType": "normal fault, certain" }, "geometry": { "type": "LineString", "coordinates": [ [ -95.5561, 33.2599 ], [ -95.4107, 33.3077 ] ] } },
{ "type": "Feature", "properties": { "faultType": "normal fault, certain" }, "geometry": { "type": "LineString", "coordinates": [ [ -95.6758, 33.2717 ], [ -95.5561, 33.2599 ] ] } },
{ "type": "Feature", "properties": { "faultType": "normal fault, certain" }, "geometry": { "type": "LineString", "coordinates": [ [ -95.7777, 33.2636 ], [ -95.7497, 33.2676 ] ] } },
{ "type": "Feature", "properties": { "faultType": "normal fault, approximate" }, "geometry": { "type": "LineString", "coordinates": [ [ -95.83, 33.2575 ], [ -95.8023, 33.2614 ] ] } },
{ "type": "Feature", "properties": { "faultType": "normal fault, certain" }, "geometry": { "type": "LineString", "coordinates": [ [ -95.8412, 33.2561 ], [ -95.83, 33.2575 ] ] } },
{ "type": "Feature", "properties": { "faultType": "normal fault, certain" }, "geometry": { "type": "LineString", "coordinates": [ [ -95.615, 33.2462 ], [ -95.5561, 33.2599 ] ] } },
{ "type": "Feature", "properties": { "faultType": "normal fault, certain" }, "geometry": { "type": "LineString", "coordinates": [ [ -95.8857, 33.2504 ], [ -95.8412, 33.2561 ] ] } },
{ "type": "Feature", "properties": { "faultType": "normal fault, certain" }, "geometry": { "type": "LineString", "coordinates": [ [ -95.9039, 33.2213 ], [ -95.8412, 33.2561 ] ] } },
{ "type": "Feature", "properties": { "faultType": "normal fault, certain" }, "geometry": { "type": "LineString", "coordinates": [ [ -95.9324, 33.1804 ], [ -95.9005, 33.1992 ] ] } },
{ "type": "Feature", "properties": { "faultType": "normal fault, certain" }, "geometry": { "type": "LineString", "coordinates": [ [ -95.9324, 33.1804 ], [ -95.9145, 33.2115 ] ] } },
{ "type": "Feature", "properties": { "faultType": "normal fault, certain" }, "geometry": { "type": "LineString", "coordinates": [ [ -95.9819, 33.1985 ], [ -96.0523, 33.143 ] ] } },
{ "type": "Feature", "properties": { "faultType": "normal fault, certain" }, "geometry": { "type": "LineString", "coordinates": [ [ -95.974, 33.1811 ], [ -96.0128, 33.1349 ] ] } },
{ "type": "Feature", "properties": { "faultType": "normal fault, certain" }, "geometry": { "type": "LineString", "coordinates": [ [ -95.9821, 33.124 ], [ -95.9324, 33.1804 ] ] } },
{ "type": "Feature", "properties": { "faultType": "normal fault, certain" }, "geometry": { "type": "LineString", "coordinates": [ [ -96.0191, 33.0935 ], [ -95.9697, 33.143 ], [ -95.9416, 33.1879 ] ] } },
{ "type": "Feature", "properties": { "faultType": "normal fault, certain" }, "geometry": { "type": "LineString", "coordinates": [ [ -94.3554, 32.9961 ], [ -94.4108, 32.9749 ] ] } },
{ "type": "Feature", "properties": { "faultType": "normal fault, certain" }, "geometry": { "type": "LineString", "coordinates": [ [ -95.1883, 32.9839 ], [ -95.1756, 32.9686 ] ] } },
{ "type": "Feature", "properties": { "faultType": "normal fault, certain" }, "geometry": { "type": "LineString", "coordinates": [ [ -96.0745, 32.9882 ], [ -96.0606, 33.0113 ] ] } },
{ "type": "Feature", "properties": { "faultType": "normal fault, certain" }, "geometry": { "type": "LineString", "coordinates": [ [ -99.1595, 33.056 ], [ -99.1759, 33.0609 ] ] } },
{ "type": "Feature", "properties": { "faultType": "normal fault, certain" }, "geometry": { "type": "LineString", "coordinates": [ [ -99.1833, 33.0553 ], [ -99.2368, 33.0665 ] ] } },
{ "type": "Feature", "properties": { "faultType": "normal fault, certain" }, "geometry": { "type": "LineString", "coordinates": [ [ -99.2025, 33.0518 ], [ -99.2107, 33.0573 ] ] } },
{ "type": "Feature", "properties": { "faultType": "normal fault, certain" }, "geometry": { "type": "LineString", "coordinates": [ [ -95.1739, 32.9654 ], [ -95.1586, 32.9445 ] ] } },
{ "type": "Feature", "properties": { "faultType": "normal fault, certain" }, "geometry": { "type": "LineString", "coordinates": [ [ -99.0917, 33.0489 ], [ -99.1665, 33.0754 ] ] } },
{ "type": "Feature", "properties": { "faultType": "normal fault, certain" }, "geometry": { "type": "LineString", "coordinates": [ [ -99.2234, 33.0494 ], [ -99.2566, 33.0624 ] ] } },
{ "type": "Feature", "properties": { "faultType": "normal fault, certain" }, "geometry": { "type": "LineString", "coordinates": [ [ -95.9995, 32.9661 ], [ -95.9528, 33.0185 ] ] } },
{ "type": "Feature", "properties": { "faultType": "normal fault, certain" }, "geometry": { "type": "LineString", "coordinates": [ [ -99.1798, 33.0317 ], [ -99.2156, 33.0536 ] ] } },
{ "type": "Feature", "properties": { "faultType": "normal fault, certain" }, "geometry": { "type": "LineString", "coordinates": [ [ -95.3464, 32.9293 ], [ -95.3718, 32.9469 ] ] } },
{ "type": "Feature", "properties": { "faultType": "normal fault, certain" }, "geometry": { "type": "LineString", "coordinates": [ [ -99.0332, 33.0108 ], [ -99.0774, 33.0328 ] ] } },
{ "type": "Feature", "properties": { "faultType": "normal fault, certain" }, "geometry": { "type": "LineString", "coordinates": [ [ -95.3216, 32.9058 ], [ -95.3441, 32.9266 ] ] } },
{ "type": "Feature", "properties": { "faultType": "normal fault, certain" }, "geometry": { "type": "LineString", "coordinates": [ [ -96.1531, 32.8931 ], [ -96.1158, 32.9293 ] ] } },
{ "type": "Feature", "properties": { "faultType": "normal fault, certain" }, "geometry": { "type": "LineString", "coordinates": [ [ -96.0623, 32.8889 ], [ -96.0469, 32.9135 ] ] } },
{ "type": "Feature", "properties": { "faultType": "normal fault, certain" }, "geometry": { "type": "LineString", "coordinates": [ [ -96.0672, 32.8186 ], [ -96.0546, 32.8313 ] ] } },
{ "type": "Feature", "properties": { "faultType": "normal fault, certain" }, "geometry": { "type": "LineString", "coordinates": [ [ -96.111, 32.8061 ], [ -96.0753, 32.8343 ] ] } },
{ "type": "Feature", "properties": { "faultType": "normal fault, certain" }, "geometry": { "type": "LineString", "coordinates": [ [ -94.3775, 32.7074 ], [ -94.3718, 32.7436 ] ] } },
{ "type": "Feature", "properties": { "faultType": "normal fault, certain" }, "geometry": { "type": "LineString", "coordinates": [ [ -96.4823, 32.7988 ], [ -96.4733, 32.7899 ] ] } },
{ "type": "Feature", "properties": { "faultType": "normal fault, certain" }, "geometry": { "type": "LineString", "coordinates": [ [ -96.1758, 32.7559 ], [ -96.1207, 32.7993 ] ] } },
{ "type": "Feature", "properties": { "faultType": "normal fault, certain" }, "geometry": { "type": "LineString", "coordinates": [ [ -96.1995, 32.7752 ], [ -96.2287, 32.7472 ] ] } },
{ "type": "Feature", "properties": { "faultType": "normal fault, certain" }, "geometry": { "type": "LineString", "coordinates": [ [ -96.172, 32.7323 ], [ -96.0706, 32.8159 ] ] } },
{ "type": "Feature", "properties": { "faultType": "normal fault, certain" }, "geometry": { "type": "LineString", "coordinates": [ [ -96.4684, 32.781 ], [ -96.4663, 32.7233 ] ] } },
{ "type": "Feature", "properties": { "faultType": "normal fault, certain" }, "geometry": { "type": "LineString", "coordinates": [ [ -96.2431, 32.6964 ], [ -96.1836, 32.7489 ] ] } },
{ "type": "Feature", "properties": { "faultType": "normal fault, certain" }, "geometry": { "type": "LineString", "coordinates": [ [ -96.1135, 32.6716 ], [ -96.0954, 32.6996 ] ] } },
{ "type": "Feature", "properties": { "faultType": "normal fault, certain" }, "geometry": { "type": "LineString", "coordinates": [ [ -96.1569, 32.6663 ], [ -96.1452, 32.676 ] ] } },
{ "type": "Feature", "properties": { "faultType": "normal fault, certain" }, "geometry": { "type": "LineString", "coordinates": [ [ -96.1851, 32.6925 ], [ -96.2546, 32.6251 ] ] } },
{ "type": "Feature", "properties": { "faultType": "normal fault, certain" }, "geometry": { "type": "LineString", "coordinates": [ [ -96.2161, 32.6138 ], [ -96.1634, 32.6607 ] ] } },
{ "type": "Feature", "properties": { "faultType": "normal fault, certain" }, "geometry": { "type": "LineString", "coordinates": [ [ -96.1321, 32.6058 ], [ -96.1545, 32.5872 ] ] } },
{ "type": "Feature", "properties": { "faultType": "normal fault, certain" }, "geometry": { "type": "LineString", "coordinates": [ [ -96.2052, 32.5812 ], [ -96.2162, 32.5549 ] ] } },
{ "type": "Feature", "properties": { "faultType": "normal fault, certain" }, "geometry": { "type": "LineString", "coordinates": [ [ -96.1613, 32.5799 ], [ -96.1962, 32.5493 ] ] } },
{ "type": "Feature", "properties": { "faultType": "normal fault, certain" }, "geometry": { "type": "LineString", "coordinates": [ [ -96.1417, 32.6217 ], [ -96.217, 32.5355 ] ] } },
{ "type": "Feature", "properties": { "faultType": "normal fault, certain" }, "geometry": { "type": "LineString", "coordinates": [ [ -96.1308, 32.5318 ], [ -96.0944, 32.5702 ] ] } },
{ "type": "Feature", "properties": { "faultType": "normal fault, certain" }, "geometry": { "type": "LineString", "coordinates": [ [ -96.0074, 32.5522 ], [ -96.0503, 32.5261 ] ] } },
{ "type": "Feature", "properties": { "faultType": "normal fault, certain" }, "geometry": { "type": "LineString", "coordinates": [ [ -96.2669, 32.587 ], [ -96.325, 32.5319 ] ] } },
{ "type": "Feature", "properties": { "faultType": "normal fault, certain" }, "geometry": { "type": "LineString", "coordinates": [ [ -96.1603, 32.5218 ], [ -96.1364, 32.53 ] ] } },
{ "type": "Feature", "properties": { "faultType": "normal fault, certain" }, "geometry": { "type": "LineString", "coordinates": [ [ -96.1803, 32.5112 ], [ -96.1708, 32.5161 ] ] } },
{ "type": "Feature", "properties": { "faultType": "normal fault, certain" }, "geometry": { "type": "LineString", "coordinates": [ [ -96.2052, 32.4978 ], [ -96.1803, 32.5112 ] ] } },
{ "type": "Feature", "properties": { "faultType": "normal fault, certain" }, "geometry": { "type": "LineString", "coordinates": [ [ -96.1815, 32.548 ], [ -96.2052, 32.4978 ] ] } },
{ "type": "Feature", "properties": { "faultType": "normal fault, certain" }, "geometry": { "type": "LineString", "coordinates": [ [ -96.2386, 32.4794 ], [ -96.2052, 32.4978 ] ] } },
{ "type": "Feature", "properties": { "faultType": "normal fault, certain" }, "geometry": { "type": "LineString", "coordinates": [ [ -96.1856, 32.4731 ], [ -96.1718, 32.4908 ] ] } },
{ "type": "Feature", "properties": { "faultType": "normal fault, certain" }, "geometry": { "type": "LineString", "coordinates": [ [ -96.1803, 32.5112 ], [ -96.2326, 32.4747 ] ] } },
{ "type": "Feature", "properties": { "faultType": "normal fault, certain" }, "geometry": { "type": "LineString", "coordinates": [ [ -96.1295, 32.4533 ], [ -96.0609, 32.5141 ] ] } },
{ "type": "Feature", "properties": { "faultType": "normal fault, certain" }, "geometry": { "type": "LineString", "coordinates": [ [ -96.7655, 32.4706 ], [ -96.7592, 32.4759 ] ] } },
{ "type": "Feature", "properties": { "faultType": "normal fault, certain" }, "geometry": { "type": "LineString", "coordinates": [ [ -96.2118, 32.4408 ], [ -96.1877, 32.4717 ] ] } },
{ "type": "Feature", "properties": { "faultType": "normal fault, certain" }, "geometry": { "type": "LineString", "coordinates": [ [ -96.2118, 32.4408 ], [ -96.1708, 32.5161 ] ] } },
{ "type": "Feature", "properties": { "faultType": "normal fault, certain" }, "geometry": { "type": "LineString", "coordinates": [ [ -96.7869, 32.4573 ], [ -96.7655, 32.4706 ] ] } },
{ "type": "Feature", "properties": { "faultType": "normal fault, certain" }, "geometry": { "type": "LineString", "coordinates": [ [ -96.7943, 32.4532 ], [ -96.7869, 32.4573 ] ] } },
{ "type": "Feature", "properties": { "faultType": "normal fault, certain" }, "geometry": { "type": "LineString", "coordinates": [ [ -95.6889, 32.4947 ], [ -95.7594, 32.4159 ] ] } },
{ "type": "Feature", "properties": { "faultType": "normal fault, certain" }, "geometry": { "type": "LineString", "coordinates": [ [ -96.5423, 32.4834 ], [ -96.5564, 32.4331 ] ] } },
{ "type": "Feature", "properties": { "faultType": "normal fault, certain" }, "geometry": { "type": "LineString", "coordinates": [ [ -96.2261, 32.4131 ], [ -96.2118, 32.4408 ] ] } },
{ "type": "Feature", "properties": { "faultType": "normal fault, certain" }, "geometry": { "type": "LineString", "coordinates": [ [ -96.8187, 32.4233 ], [ -96.7655, 32.4706 ] ] } },
{ "type": "Feature", "properties": { "faultType": "normal fault, certain" }, "geometry": { "type": "LineString", "coordinates": [ [ -96.8187, 32.4233 ], [ -96.7869, 32.4573 ] ] } },
{ "type": "Feature", "properties": { "faultType": "normal fault, certain" }, "geometry": { "type": "LineString", "coordinates": [ [ -96.7948, 32.4044 ], [ -96.8048, 32.4154 ] ] } },
{ "type": "Feature", "properties": { "faultType": "normal fault, certain" }, "geometry": { "type": "LineString", "coordinates": [ [ -96.2478, 32.3611 ], [ -96.2576, 32.338 ] ] } },
{ "type": "Feature", "properties": { "faultType": "normal fault, certain" }, "geometry": { "type": "LineString", "coordinates": [ [ -95.704, 32.3388 ], [ -95.728, 32.3167 ] ] } },
{ "type": "Feature", "properties": { "faultType": "normal fault, certain" }, "geometry": { "type": "LineString", "coordinates": [ [ -96.2606, 32.314 ], [ -96.2665, 32.299 ] ] } },
{ "type": "Feature", "properties": { "faultType": "normal fault, certain" }, "geometry": { "type": "LineString", "coordinates": [ [ -96.2258, 32.2878 ], [ -96.1955, 32.3182 ] ] } },
{ "type": "Feature", "properties": { "faultType": "normal fault, certain" }, "geometry": { "type": "LineString", "coordinates": [ [ -96.216, 32.2737 ], [ -96.1869, 32.3069 ] ] } },
{ "type": "Feature", "properties": { "faultType": "normal fault, certain" }, "geometry": { "type": "LineString", "coordinates": [ [ -96.184, 32.2604 ], [ -96.1656, 32.2866 ] ] } },
{ "type": "Feature", "properties": { "faultType": "normal fault, certain" }, "geometry": { "type": "LineString", "coordinates": [ [ -96.1639, 32.2591 ], [ -96.1573, 32.2693 ] ] } },
{ "type": "Feature", "properties": { "faultType": "normal fault, certain" }, "geometry": { "type": "LineString", "coordinates": [ [ -96.3119, 32.2237 ], [ -96.3183, 32.2046 ] ] } },
{ "type": "Feature", "properties": { "faultType": "normal fault, certain" }, "geometry": { "type": "LineString", "coordinates": [ [ -96.4999, 32.2467 ], [ -96.4763, 32.2064 ] ] } },
{ "type": "Feature", "properties": { "faultType": "normal fault, certain" }, "geometry": { "type": "LineString", "coordinates": [ [ -96.8267, 32.2549 ], [ -96.8383, 32.2132 ] ] } },
{ "type": "Feature", "properties": { "faultType": "normal fault, certain" }, "geometry": { "type": "LineString", "coordinates": [ [ -95.6806, 32.169 ], [ -95.6751, 32.1758 ] ] } },
{ "type": "Feature", "properties": { "faultType": "normal fault, certain" }, "geometry": { "type": "LineString", "coordinates": [ [ -96.8102, 32.3253 ], [ -96.8046, 32.2364 ], [ -96.8158, 32.1907 ] ] } },
{ "type": "Feature", "properties": { "faultType": "normal fault, certain" }, "geometry": { "type": "LineString", "coordinates": [ [ -96.325, 32.1935 ], [ -96.3388, 32.1661 ] ] } },
{ "type": "Feature", "properties": { "faultType": "normal fault, certain" }, "geometry": { "type": "LineString", "coordinates": [ [ -96.2833, 32.1626 ], [ -96.2679, 32.1672 ], [ -96.2603, 32.1867 ], [ -96.2577, 32.2302 ] ] } },
{ "type": "Feature", "properties": { "faultType": "normal fault, certain" }, "geometry": { "type": "LineString", "coordinates": [ [ -96.8981, 32.1815 ], [ -96.8581, 32.2059 ] ] } },
{ "type": "Feature", "properties": { "faultType": "normal fault, certain" }, "geometry": { "type": "LineString", "coordinates": [ [ -96.9004, 32.1803 ], [ -96.8981, 32.1815 ] ] } },
{ "type": "Feature", "properties": { "faultType": "normal fault, certain" }, "geometry": { "type": "LineString", "coordinates": [ [ -96.8563, 32.2022 ], [ -96.8958, 32.1788 ] ] } },
{ "type": "Feature", "properties": { "faultType": "normal fault, certain" }, "geometry": { "type": "LineString", "coordinates": [ [ -96.8958, 32.1788 ], [ -96.8981, 32.1815 ] ] } },
{ "type": "Feature", "properties": { "faultType": "normal fault, certain" }, "geometry": { "type": "LineString", "coordinates": [ [ -95.7031, 32.1372 ], [ -95.6806, 32.169 ] ] } },
{ "type": "Feature", "properties": { "faultType": "normal fault, certain" }, "geometry": { "type": "LineString", "coordinates": [ [ -96.8958, 32.1788 ], [ -96.8991, 32.1771 ] ] } },
{ "type": "Feature", "properties": { "faultType": "normal fault, certain" }, "geometry": { "type": "LineString", "coordinates": [ [ -95.7317, 32.1327 ], [ -95.6806, 32.169 ] ] } },
{ "type": "Feature", "properties": { "faultType": "normal fault, certain" }, "geometry": { "type": "LineString", "coordinates": [ [ -96.3219, 32.1404 ], [ -96.3152, 32.1555 ] ] } },
{ "type": "Feature", "properties": { "faultType": "normal fault, certain" }, "geometry": { "type": "LineString", "coordinates": [ [ -96.3119, 32.1346 ], [ -96.2998, 32.1679 ] ] } },
{ "type": "Feature", "properties": { "faultType": "normal fault, certain" }, "geometry": { "type": "LineString", "coordinates": [ [ -96.3068, 32.1338 ], [ -96.2893, 32.1571 ] ] } },
{ "type": "Feature", "properties": { "faultType": "normal fault, certain" }, "geometry": { "type": "LineString", "coordinates": [ [ -96.374, 32.1317 ], [ -96.372, 32.1347 ] ] } },
{ "type": "Feature", "properties": { "faultType": "normal fault, certain" }, "geometry": { "type": "LineString", "coordinates": [ [ -96.8283, 32.1674 ], [ -96.838, 32.143 ] ] } },
{ "type": "Feature", "properties": { "faultType": "normal fault, certain" }, "geometry": { "type": "LineString", "coordinates": [ [ -96.3769, 32.127 ], [ -96.3752, 32.1297 ] ] } },
{ "type": "Feature", "properties": { "faultType": "normal fault, certain" }, "geometry": { "type": "LineString", "coordinates": [ [ -106.4057, 31.9956 ], [ -106.4048, 31.9976 ] ] } },
{ "type": "Feature", "properties": { "faultType": "normal fault, certain" }, "geometry": { "type": "LineString", "coordinates": [ [ -106.4896, 31.9869 ], [ -106.4797, 31.9907 ] ] } },
{ "type": "Feature", "properties": { "faultType": "normal fault, certain" }, "geometry": { "type": "LineString", "coordinates": [ [ -96.9029, 32.1461 ], [ -96.8843, 32.1314 ] ] } },
{ "type": "Feature", "properties": { "faultType": "normal fault, certain" }, "geometry": { "type": "LineString", "coordinates": [ [ -106.4207, 31.9834 ], [ -106.4114, 32.0001 ] ] } },
{ "type": "Feature", "properties": { "faultType": "normal fault, certain" }, "geometry": { "type": "LineString", "coordinates": [ [ -106.4015, 32.0001 ], [ -106.3689, 31.9859 ] ] } },
{ "type": "Feature", "properties": { "faultType": "normal fault, certain" }, "geometry": { "type": "LineString", "coordinates": [ [ -106.4134, 31.9737 ], [ -106.4057, 31.9956 ] ] } },
{ "type": "Feature", "properties": { "faultType": "normal fault, certain" }, "geometry": { "type": "LineString", "coordinates": [ [ -96.3933, 32.1049 ], [ -96.3902, 32.109 ] ] } },
{ "type": "Feature", "properties": { "faultType": "normal fault, certain" }, "geometry": { "type": "LineString", "coordinates": [ [ -96.3402, 32.0973 ], [ -96.3358, 32.1071 ] ] } },
{ "type": "Feature", "properties": { "faultType": "normal fault, certain" }, "geometry": { "type": "LineString", "coordinates": [ [ -106.2725, 32.0001 ], [ -106.2348, 31.9775 ] ] } },
{ "type": "Feature", "properties": { "faultType": "normal fault, certain" }, "geometry": { "type": "LineString", "coordinates": [ [ -96.3287, 32.095 ], [ -96.3275, 32.0983 ] ] } },
{ "type": "Feature", "properties": { "faultType": "normal fault, certain" }, "geometry": { "type": "LineString", "coordinates": [ [ -96.3226, 32.0947 ], [ -96.3151, 32.1072 ] ] } },
{ "type": "Feature", "properties": { "faultType": "normal fault, certain" }, "geometry": { "type": "LineString", "coordinates": [ [ -106.4057, 31.9956 ], [ -106.3998, 31.9847 ], [ -106.4063, 31.962 ] ] } },
{ "type": "Feature", "properties": { "faultType": "normal fault, certain" }, "geometry": { "type": "LineString", "coordinates": [ [ -96.4035, 32.0906 ], [ -96.4008, 32.0941 ] ] } },
{ "type": "Feature", "properties": { "faultType": "normal fault, certain" }, "geometry": { "type": "LineString", "coordinates": [ [ -96.9202, 32.106 ], [ -96.9371, 32.1046 ] ] } },
{ "type": "Feature", "properties": { "faultType": "normal fault, certain" }, "geometry": { "type": "LineString", "coordinates": [ [ -96.4638, 32.0859 ], [ -96.4428, 32.1379 ] ] } },
{ "type": "Feature", "properties": { "faultType": "normal fault, certain" }, "geometry": { "type": "LineString", "coordinates": [ [ -106.3911, 31.9801 ], [ -106.3539, 31.9547 ] ] } },
{ "type": "Feature", "properties": { "faultType": "normal fault, certain" }, "geometry": { "type": "LineString", "coordinates": [ [ -106.3069, 31.9572 ], [ -106.2982, 31.995 ] ] } },
{ "type": "Feature", "properties": { "faultType": "normal fault, certain" }, "geometry": { "type": "LineString", "coordinates": [ [ -106.0432, 31.9693 ], [ -106.0478, 31.9789 ] ] } },
{ "type": "Feature", "properties": { "faultType": "normal fault, certain" }, "geometry": { "type": "LineString", "coordinates": [ [ -96.4137, 32.0767 ], [ -96.4077, 32.0861 ] ] } },
{ "type": "Feature", "properties": { "faultType": "normal fault, certain" }, "geometry": { "type": "LineString", "coordinates": [ [ -94.8952, 32.0122 ], [ -94.979, 32.0222 ] ] } },
{ "type": "Feature", "properties": { "faultType": "normal fault, certain" }, "geometry": { "type": "LineString", "coordinates": [ [ -105.8767, 31.9657 ], [ -105.8766, 31.9754 ] ] } },
{ "type": "Feature", "properties": { "faultType": "normal fault, certain" }, "geometry": { "type": "LineString", "coordinates": [ [ -94.3361, 31.9759 ], [ -94.2918, 31.9812 ] ] } },
{ "type": "Feature", "properties": { "faultType": "normal fault, certain" }, "geometry": { "type": "LineString", "coordinates": [ [ -94.3361, 31.9759 ], [ -94.2883, 31.9967 ] ] } },
{ "type": "Feature", "properties": { "faultType": "normal fault, certain" }, "geometry": { "type": "LineString", "coordinates": [ [ -94.3386, 31.9758 ], [ -94.3361, 31.9759 ] ] } },
{ "type": "Feature", "properties": { "faultType": "normal fault, certain" }, "geometry": { "type": "LineString", "coordinates": [ [ -106.2854, 31.9387 ], [ -106.2968, 31.9564 ], [ -106.2899, 31.9832 ], [ -106.2953, 32.0001 ] ] } },
{ "type": "Feature", "properties": { "faultType": "normal fault, certain" }, "geometry": { "type": "LineString", "coordinates": [ [ -106.5078, 31.944 ], [ -106.493, 31.9254 ] ] } },
{ "type": "Feature", "properties": { "faultType": "normal fault, certain" }, "geometry": { "type": "LineString", "coordinates": [ [ -94.3386, 31.9758 ], [ -94.379, 31.9844 ], [ -94.4117, 31.9764 ] ] } },
{ "type": "Feature", "properties": { "faultType": "normal fault, certain" }, "geometry": { "type": "LineString", "coordinates": [ [ -106.5092, 31.9244 ], [ -106.5068, 31.9356 ], [ -106.4983, 31.9224 ] ] } },
{ "type": "Feature", "properties": { "faultType": "normal fault, certain" }, "geometry": { "type": "LineString", "coordinates": [ [ -96.4176, 32.0728 ], [ -96.4291, 32.0584 ] ] } },
{ "type": "Feature", "properties": { "faultType": "normal fault, certain" }, "geometry": { "type": "LineString", "coordinates": [ [ -94.5902, 31.9795 ], [ -94.5788, 31.9962 ] ] } },
{ "type": "Feature", "properties": { "faultType": "normal fault, certain" }, "geometry": { "type": "LineString", "coordinates": [ [ -94.5902, 31.9795 ], [ -94.6436, 31.9757 ] ] } },
{ "type": "Feature", "properties": { "faultType": "normal fault, certain" }, "geometry": { "type": "LineString", "coordinates": [ [ -94.8139, 31.9922 ], [ -94.869, 31.9859 ] ] } },
{ "type": "Feature", "properties": { "faultType": "normal fault, certain" }, "geometry": { "type": "LineString", "coordinates": [ [ -105.8755, 31.9473 ], [ -105.8768, 31.9522 ] ] } },
{ "type": "Feature", "properties": { "faultType": "normal fault, certain" }, "geometry": { "type": "LineString", "coordinates": [ [ -106.0274, 31.9613 ], [ -106.0119, 31.938 ] ] } },
{ "type": "Feature", "properties": { "faultType": "normal fault, certain" }, "geometry": { "type": "LineString", "coordinates": [ [ -94.6436, 31.9757 ], [ -94.6588, 31.9732 ] ] } },
{ "type": "Feature", "properties": { "faultType": "normal fault, certain" }, "geometry": { "type": "LineString", "coordinates": [ [ -95.0294, 31.9912 ], [ -95.0096, 31.992 ] ] } },
{ "type": "Feature", "properties": { "faultType": "normal fault, certain" }, "geometry": { "type": "LineString", "coordinates": [ [ -105.9896, 31.9708 ], [ -105.983, 31.9377 ] ] } },
{ "type": "Feature", "properties": { "faultType": "normal fault, certain" }, "geometry": { "type": "LineString", "coordinates": [ [ -106.2434, 31.9227 ], [ -106.2315, 31.9382 ] ] } },
{ "type": "Feature", "properties": { "faultType": "normal fault, certain" }, "geometry": { "type": "LineString", "coordinates": [ [ -106.2434, 31.9227 ], [ -106.2506, 31.9297 ] ] } },
{ "type": "Feature", "properties": { "faultType": "normal fault, certain" }, "geometry": { "type": "LineString", "coordinates": [ [ -104.9255, 32.0001 ], [ -104.9246, 31.9879 ] ] } },
{ "type": "Feature", "properties": { "faultType": "normal fault, certain" }, "geometry": { "type": "LineString", "coordinates": [ [ -104.9246, 31.9879 ], [ -104.9344, 32.0001 ] ] } },
{ "type": "Feature", "properties": { "faultType": "normal fault, certain" }, "geometry": { "type": "LineString", "coordinates": [ [ -94.4182, 31.9967 ], [ -94.4595, 31.9726 ], [ -94.52, 31.958 ] ] } },
{ "type": "Feature", "properties": { "faultType": "normal fault, certain" }, "geometry": { "type": "LineString", "coordinates": [ [ -106.3539, 31.9547 ], [ -106.323, 31.9322 ], [ -106.3196, 31.9113 ] ] } },
{ "type": "Feature", "properties": { "faultType": "normal fault, certain" }, "geometry": { "type": "LineString", "coordinates": [ [ -106.3539, 31.9547 ], [ -106.3196, 31.9113 ] ] } },
{ "type": "Feature", "properties": { "faultType": "normal fault, certain" }, "geometry": { "type": "LineString", "coordinates": [ [ -106.5104, 31.9064 ], [ -106.5087, 31.8984 ] ] } },
{ "type": "Feature", "properties": { "faultType": "normal fault, certain" }, "geometry": { "type": "LineString", "coordinates": [ [ -104.9178, 32.0001 ], [ -104.9092, 31.9795 ] ] } },
{ "type": "Feature", "properties": { "faultType": "normal fault, certain" }, "geometry": { "type": "LineString", "coordinates": [ [ -94.52, 31.958 ], [ -94.5527, 31.9506 ], [ -94.5902, 31.9795 ] ] } },
{ "type": "Feature", "properties": { "faultType": "normal fault, certain" }, "geometry": { "type": "LineString", "coordinates": [ [ -95.1093, 31.9762 ], [ -95.0736, 31.9855 ] ] } },
{ "type": "Feature", "properties": { "faultType": "normal fault, certain" }, "geometry": { "type": "LineString", "coordinates": [ [ -104.865, 31.9765 ], [ -104.8727, 32.0001 ] ] } },
{ "type": "Feature", "properties": { "faultType": "normal fault, certain" }, "geometry": { "type": "LineString", "coordinates": [ [ -105.9729, 31.9316 ], [ -105.975, 31.919 ] ] } },
{ "type": "Feature", "properties": { "faultType": "normal fault, certain" }, "geometry": { "type": "LineString", "coordinates": [ [ -104.9092, 31.9795 ], [ -104.9114, 31.9703 ] ] } },
{ "type": "Feature", "properties": { "faultType": "normal fault, certain" }, "geometry": { "type": "LineString", "coordinates": [ [ -104.9114, 31.9703 ], [ -104.9246, 31.9879 ] ] } },
{ "type": "Feature", "properties": { "faultType": "normal fault, certain" }, "geometry": { "type": "LineString", "coordinates": [ [ -106.507, 31.8875 ], [ -106.506, 31.8846 ] ] } },
{ "type": "Feature", "properties": { "faultType": "normal fault, certain" }, "geometry": { "type": "LineString", "coordinates": [ [ -106.2238, 31.9666 ], [ -106.2049, 31.9019 ] ] } },
{ "type": "Feature", "properties": { "faultType": "normal fault, certain" }, "geometry": { "type": "LineString", "coordinates": [ [ -104.8891, 32.0001 ], [ -104.8745, 31.9708 ] ] } },
{ "type": "Feature", "properties": { "faultType": "normal fault, certain" }, "geometry": { "type": "LineString", "coordinates": [ [ -95.0331, 31.9979 ], [ -95.1498, 31.9712 ] ] } },
{ "type": "Feature", "properties": { "faultType": "normal fault, certain" }, "geometry": { "type": "LineString", "coordinates": [ [ -106.2928, 31.9221 ], [ -106.287, 31.8921 ] ] } },
{ "type": "Feature", "properties": { "faultType": "normal fault, certain" }, "geometry": { "type": "LineString", "coordinates": [ [ -94.8756, 31.9904 ], [ -94.8848, 31.9788 ], [ -94.9642, 31.9583 ] ] } },
{ "type": "Feature", "properties": { "faultType": "normal fault, certain" }, "geometry": { "type": "LineString", "coordinates": [ [ -104.8969, 32.0001 ], [ -104.8749, 31.9645 ] ] } },
{ "type": "Feature", "properties": { "faultType": "normal fault, certain" }, "geometry": { "type": "LineString", "coordinates": [ [ -106.4849, 31.8767 ], [ -106.4927, 31.872 ] ] } },
{ "type": "Feature", "properties": { "faultType": "normal fault, certain" }, "geometry": { "type": "LineString", "coordinates": [ [ -94.4519, 31.9251 ], [ -94.3893, 31.9604 ], [ -94.3386, 31.9758 ] ] } },
{ "type": "Feature", "properties": { "faultType": "normal fault, certain" }, "geometry": { "type": "LineString", "coordinates": [ [ -94.4192, 31.9689 ], [ -94.4519, 31.9251 ] ] } },
{ "type": "Feature", "properties": { "faultType": "normal fault, certain" }, "geometry": { "type": "LineString", "coordinates": [ [ -95.2444, 31.9823 ], [ -95.2904, 31.9654 ] ] } },
{ "type": "Feature", "properties": { "faultType": "normal fault, certain" }, "geometry": { "type": "LineString", "coordinates": [ [ -96.3921, 32.0082 ], [ -96.3518, 32.0718 ] ] } },
{ "type": "Feature", "properties": { "faultType": "normal fault, certain" }, "geometry": { "type": "LineString", "coordinates": [ [ -94.9087, 31.9652 ], [ -94.9287, 31.9468 ] ] } },
{ "type": "Feature", "properties": { "faultType": "normal fault, certain" }, "geometry": { "type": "LineString", "coordinates": [ [ -105.8839, 31.9043 ], [ -105.8808, 31.9106 ] ] } },
{ "type": "Feature", "properties": { "faultType": "normal fault, certain" }, "geometry": { "type": "LineString", "coordinates": [ [ -96.383, 32.0052 ], [ -96.3395, 32.0737 ] ] } },
{ "type": "Feature", "properties": { "faultType": "normal fault, certain" }, "geometry": { "type": "LineString", "coordinates": [ [ -104.8428, 31.9561 ], [ -104.8285, 32.0001 ] ] } },
{ "type": "Feature", "properties": { "faultType": "normal fault, certain" }, "geometry": { "type": "LineString", "coordinates": [ [ -104.8527, 31.9637 ], [ -104.8428, 31.9561 ] ] } },
{ "type": "Feature", "properties": { "faultType": "normal fault, certain" }, "geometry": { "type": "LineString", "coordinates": [ [ -94.52, 31.958 ], [ -94.5026, 31.9243 ] ] } },
{ "type": "Feature", "properties": { "faultType": "normal fault, certain" }, "geometry": { "type": "LineString", "coordinates": [ [ -104.9114, 31.9703 ], [ -104.9032, 31.9528 ] ] } },
{ "type": "Feature", "properties": { "faultType": "normal fault, certain" }, "geometry": { "type": "LineString", "coordinates": [ [ -105.9635, 31.93 ], [ -105.957, 31.8988 ] ] } },
{ "type": "Feature", "properties": { "faultType": "normal fault, certain" }, "geometry": { "type": "LineString", "coordinates": [ [ -94.5581, 31.926 ], [ -94.6436, 31.9757 ] ] } },
{ "type": "Feature", "properties": { "faultType": "normal fault, certain" }, "geometry": { "type": "LineString", "coordinates": [ [ -106.4927, 31.872 ], [ -106.4954, 31.8665 ] ] } },
{ "type": "Feature", "properties": { "faultType": "normal fault, certain" }, "geometry": { "type": "LineString", "coordinates": [ [ -94.512, 31.923 ], [ -94.557, 31.9253 ] ] } },
{ "type": "Feature", "properties": { "faultType": "normal fault, certain" }, "geometry": { "type": "LineString", "coordinates": [ [ -94.557, 31.9253 ], [ -94.5581, 31.926 ] ] } },
{ "type": "Feature", "properties": { "faultType": "normal fault, certain" }, "geometry": { "type": "LineString", "coordinates": [ [ -106.4927, 31.872 ], [ -106.5036, 31.8657 ] ] } },
{ "type": "Feature", "properties": { "faultType": "normal fault, certain" }, "geometry": { "type": "LineString", "coordinates": [ [ -106.5041, 31.8766 ], [ -106.5036, 31.8657 ] ] } },
{ "type": "Feature", "properties": { "faultType": "normal fault, certain" }, "geometry": { "type": "LineString", "coordinates": [ [ -94.557, 31.9253 ], [ -94.5568, 31.9242 ] ] } },
{ "type": "Feature", "properties": { "faultType": "normal fault, certain" }, "geometry": { "type": "LineString", "coordinates": [ [ -97.0003, 32.0208 ], [ -96.9725, 32.0472 ] ] } },
{ "type": "Feature", "properties": { "faultType": "normal fault, certain" }, "geometry": { "type": "LineString", "coordinates": [ [ -96.408, 32.0662 ], [ -96.4193, 32.055 ], [ -96.4347, 32.0025 ] ] } },
{ "type": "Feature", "properties": { "faultType": "normal fault, certain" }, "geometry": { "type": "LineString", "coordinates": [ [ -104.8483, 31.9509 ], [ -104.865, 31.9765 ] ] } },
{ "type": "Feature", "properties": { "faultType": "normal fault, certain" }, "geometry": { "type": "LineString", "coordinates": [ [ -105.9596, 31.8938 ], [ -105.9673, 31.9295 ] ] } },
{ "type": "Feature", "properties": { "faultType": "normal fault, certain" }, "geometry": { "type": "LineString", "coordinates": [ [ -95.1815, 31.9935 ], [ -95.2823, 31.9558 ] ] } },
{ "type": "Feature", "properties": { "faultType": "normal fault, certain" }, "geometry": { "type": "LineString", "coordinates": [ [ -95.2823, 31.9558 ], [ -95.2904, 31.9654 ] ] } },
{ "type": "Feature", "properties": { "faultType": "normal fault, certain" }, "geometry": { "type": "LineString", "coordinates": [ [ -96.4291, 32.0584 ], [ -96.4476, 32.0006 ] ] } },
{ "type": "Feature", "properties": { "faultType": "normal fault, certain" }, "geometry": { "type": "LineString", "coordinates": [ [ -106.3592, 31.9165 ], [ -106.3405, 31.8698 ] ] } },
{ "type": "Feature", "properties": { "faultType": "normal fault, certain" }, "geometry": { "type": "LineString", "coordinates": [ [ -104.9092, 31.9795 ], [ -104.8978, 31.9458 ] ] } },
{ "type": "Feature", "properties": { "faultType": "normal fault, certain" }, "geometry": { "type": "LineString", "coordinates": [ [ -104.9032, 31.9528 ], [ -104.8978, 31.9458 ] ] } },
{ "type": "Feature", "properties": { "faultType": "normal fault, certain" }, "geometry": { "type": "LineString", "coordinates": [ [ -94.9287, 31.9468 ], [ -94.9608, 31.9385 ] ] } },
{ "type": "Feature", "properties": { "faultType": "normal fault, certain" }, "geometry": { "type": "LineString", "coordinates": [ [ -94.9608, 31.9456 ], [ -94.9812, 31.9394 ] ] } },
{ "type": "Feature", "properties": { "faultType": "normal fault, certain" }, "geometry": { "type": "LineString", "coordinates": [ [ -104.8978, 31.9458 ], [ -104.8969, 31.9448 ] ] } },
{ "type": "Feature", "properties": { "faultType": "normal fault, certain" }, "geometry": { "type": "LineString", "coordinates": [ [ -106.4954, 31.8665 ], [ -106.5028, 31.8586 ] ] } },
{ "type": "Feature", "properties": { "faultType": "normal fault, certain" }, "geometry": { "type": "LineString", "coordinates": [ [ -106.5036, 31.8657 ], [ -106.5028, 31.8586 ] ] } },
{ "type": "Feature", "properties": { "faultType": "normal fault, certain" }, "geometry": { "type": "LineString", "coordinates": [ [ -106.1457, 31.9014 ], [ -106.1456, 31.8794 ] ] } },
{ "type": "Feature", "properties": { "faultType": "normal fault, certain" }, "geometry": { "type": "LineString", "coordinates": [ [ -104.9081, 32.0001 ], [ -104.8929, 31.9753 ], [ -104.8969, 31.9448 ] ] } },
{ "type": "Feature", "properties": { "faultType": "normal fault, certain" }, "geometry": { "type": "LineString", "coordinates": [ [ -95.2771, 31.9498 ], [ -95.2237, 31.9637 ] ] } },
{ "type": "Feature", "properties": { "faultType": "normal fault, certain" }, "geometry": { "type": "LineString", "coordinates": [ [ -95.2771, 31.9498 ], [ -95.2823, 31.9558 ] ] } },
{ "type": "Feature", "properties": { "faultType": "normal fault, certain" }, "geometry": { "type": "LineString", "coordinates": [ [ -96.9578, 32.0451 ], [ -96.949, 32.0104 ] ] } },
{ "type": "Feature", "properties": { "faultType": "normal fault, certain" }, "geometry": { "type": "LineString", "coordinates": [ [ -105.8718, 31.8916 ], [ -105.8716, 31.9142 ] ] } },
{ "type": "Feature", "properties": { "faultType": "normal fault, certain" }, "geometry": { "type": "LineString", "coordinates": [ [ -106.4954, 31.8665 ], [ -106.4893, 31.8557 ] ] } },
{ "type": "Feature", "properties": { "faultType": "normal fault, certain" }, "geometry": { "type": "LineString", "coordinates": [ [ -106.4893, 31.8557 ], [ -106.4906, 31.855 ] ] } },
{ "type": "Feature", "properties": { "faultType": "normal fault, certain" }, "geometry": { "type": "LineString", "coordinates": [ [ -106.5028, 31.8586 ], [ -106.4906, 31.855 ] ] } },
{ "type": "Feature", "properties": { "faultType": "normal fault, certain" }, "geometry": { "type": "LineString", "coordinates": [ [ -106.4906, 31.855 ], [ -106.4945, 31.8531 ] ] } },
{ "type": "Feature", "properties": { "faultType": "normal fault, certain" }, "geometry": { "type": "LineString", "coordinates": [ [ -106.5028, 31.8586 ], [ -106.4945, 31.8531 ] ] } },
{ "type": "Feature", "properties": { "faultType": "normal fault, certain" }, "geometry": { "type": "LineString", "coordinates": [ [ -105.8267, 31.8908 ], [ -105.8232, 31.8994 ] ] } },
{ "type": "Feature", "properties": { "faultType": "normal fault, certain" }, "geometry": { "type": "LineString", "coordinates": [ [ -106.4945, 31.8531 ], [ -106.4986, 31.8512 ] ] } },
{ "type": "Feature", "properties": { "faultType": "normal fault, certain" }, "geometry": { "type": "LineString", "coordinates": [ [ -94.9287, 31.9468 ], [ -94.9705, 31.9303 ] ] } },
{ "type": "Feature", "properties": { "faultType": "normal fault, certain" }, "geometry": { "type": "LineString", "coordinates": [ [ -94.5581, 31.926 ], [ -94.5819, 31.9105 ] ] } },
{ "type": "Feature", "properties": { "faultType": "normal fault, certain" }, "geometry": { "type": "LineString", "coordinates": [ [ -94.5819, 31.9105 ], [ -94.5988, 31.9174 ] ] } },
{ "type": "Feature", "properties": { "faultType": "normal fault, certain" }, "geometry": { "type": "LineString", "coordinates": [ [ -94.4754, 31.9046 ], [ -94.4519, 31.9251 ] ] } },
{ "type": "Feature", "properties": { "faultType": "normal fault, certain" }, "geometry": { "type": "LineString", "coordinates": [ [ -105.9121, 31.8909 ], [ -105.9154, 31.8834 ] ] } },
{ "type": "Feature", "properties": { "faultType": "normal fault, certain" }, "geometry": { "type": "LineString", "coordinates": [ [ -106.5028, 31.8586 ], [ -106.5021, 31.8491 ] ] } },
{ "type": "Feature", "properties": { "faultType": "normal fault, certain" }, "geometry": { "type": "LineString", "coordinates": [ [ -94.8237, 31.9518 ], [ -94.8691, 31.9229 ] ] } },
{ "type": "Feature", "properties": { "faultType": "normal fault, certain" }, "geometry": { "type": "LineString", "coordinates": [ [ -95.1225, 31.9346 ], [ -95.0822, 31.9474 ] ] } },
{ "type": "Feature", "properties": { "faultType": "normal fault, certain" }, "geometry": { "type": "LineString", "coordinates": [ [ -106.0205, 31.8887 ], [ -106.0156, 31.8747 ] ] } },
{ "type": "Feature", "properties": { "faultType": "normal fault, certain" }, "geometry": { "type": "LineString", "coordinates": [ [ -94.9861, 31.9279 ], [ -95.0002, 31.9268 ] ] } },
{ "type": "Feature", "properties": { "faultType": "normal fault, certain" }, "geometry": { "type": "LineString", "coordinates": [ [ -104.8428, 31.9561 ], [ -104.8299, 31.9343 ] ] } },
{ "type": "Feature", "properties": { "faultType": "normal fault, certain" }, "geometry": { "type": "LineString", "coordinates": [ [ -106.4893, 31.8557 ], [ -106.4853, 31.8453 ] ] } },
{ "type": "Feature", "properties": { "faultType": "normal fault, certain" }, "geometry": { "type": "LineString", "coordinates": [ [ -95.2904, 31.9654 ], [ -95.3555, 31.9409 ] ] } },
{ "type": "Feature", "properties": { "faultType": "normal fault, certain" }, "geometry": { "type": "LineString", "coordinates": [ [ -97.0003, 32.0208 ], [ -97.0158, 32.0002 ] ] } },
{ "type": "Feature", "properties": { "faultType": "normal fault, certain" }, "geometry": { "type": "LineString", "coordinates": [ [ -94.5568, 31.9242 ], [ -94.5615, 31.9024 ] ] } },
{ "type": "Feature", "properties": { "faultType": "normal fault, certain" }, "geometry": { "type": "LineString", "coordinates": [ [ -94.5615, 31.9024 ], [ -94.5819, 31.9105 ] ] } },
{ "type": "Feature", "properties": { "faultType": "normal fault, certain" }, "geometry": { "type": "LineString", "coordinates": [ [ -106.4884, 31.8415 ], [ -106.4853, 31.8453 ] ] } },
{ "type": "Feature", "properties": { "faultType": "normal fault, certain" }, "geometry": { "type": "LineString", "coordinates": [ [ -106.5021, 31.8491 ], [ -106.4884, 31.8415 ] ] } },
{ "type": "Feature", "properties": { "faultType": "normal fault, certain" }, "geometry": { "type": "LineString", "coordinates": [ [ -95.1423, 31.9295 ], [ -95.1482, 31.928 ] ] } },
{ "type": "Feature", "properties": { "faultType": "normal fault, certain" }, "geometry": { "type": "LineString", "coordinates": [ [ -94.5988, 31.9174 ], [ -94.6561, 31.9294 ], [ -94.7248, 31.9076 ], [ -94.7213, 31.9306 ] ] } },
{ "type": "Feature", "properties": { "faultType": "normal fault, certain" }, "geometry": { "type": "LineString", "coordinates": [ [ -94.5523, 31.8988 ], [ -94.5615, 31.9024 ] ] } },
{ "type": "Feature", "properties": { "faultType": "normal fault, certain" }, "geometry": { "type": "LineString", "coordinates": [ [ -94.4843, 31.8992 ], [ -94.5121, 31.8962 ] ] } },
{ "type": "Feature", "properties": { "faultType": "normal fault, certain" }, "geometry": { "type": "LineString", "coordinates": [ [ -94.4995, 31.9093 ], [ -94.5121, 31.8962 ] ] } },
{ "type": "Feature", "properties": { "faultType": "normal fault, certain" }, "geometry": { "type": "LineString", "coordinates": [ [ -106.4884, 31.8415 ], [ -106.4869, 31.8397 ] ] } },
{ "type": "Feature", "properties": { "faultType": "normal fault, certain" }, "geometry": { "type": "LineString", "coordinates": [ [ -106.5021, 31.8491 ], [ -106.5028, 31.8378 ] ] } },
{ "type": "Feature", "properties": { "faultType": "normal fault, certain" }, "geometry": { "type": "LineString", "coordinates": [ [ -105.9162, 31.8803 ], [ -105.9174, 31.8716 ] ] } },
{ "type": "Feature", "properties": { "faultType": "normal fault, certain" }, "geometry": { "type": "LineString", "coordinates": [ [ -106.4869, 31.8397 ], [ -106.4885, 31.8379 ] ] } },
{ "type": "Feature", "properties": { "faultType": "normal fault, certain" }, "geometry": { "type": "LineString", "coordinates": [ [ -106.5028, 31.8378 ], [ -106.4885, 31.8379 ] ] } },
{ "type": "Feature", "properties": { "faultType": "normal fault, certain" }, "geometry": { "type": "LineString", "coordinates": [ [ -105.8721, 31.8737 ], [ -105.8715, 31.8857 ] ] } },
{ "type": "Feature", "properties": { "faultType": "normal fault, certain" }, "geometry": { "type": "LineString", "coordinates": [ [ -94.5568, 31.9242 ], [ -94.5452, 31.8957 ] ] } },
{ "type": "Feature", "properties": { "faultType": "normal fault, certain" }, "geometry": { "type": "LineString", "coordinates": [ [ -94.5452, 31.8957 ], [ -94.5523, 31.8988 ] ] } },
{ "type": "Feature", "properties": { "faultType": "normal fault, certain" }, "geometry": { "type": "LineString", "coordinates": [ [ -106.4869, 31.8397 ], [ -106.4809, 31.8362 ] ] } },
{ "type": "Feature", "properties": { "faultType": "normal fault, certain" }, "geometry": { "type": "LineString", "coordinates": [ [ -104.8969, 31.9448 ], [ -104.8961, 31.9205 ] ] } },
{ "type": "Feature", "properties": { "faultType": "normal fault, certain" }, "geometry": { "type": "LineString", "coordinates": [ [ -104.8961, 31.9205 ], [ -104.9032, 31.9528 ] ] } },
{ "type": "Feature", "properties": { "faultType": "normal fault, certain" }, "geometry": { "type": "LineString", "coordinates": [ [ -94.5121, 31.8962 ], [ -94.5452, 31.8957 ] ] } },
{ "type": "Feature", "properties": { "faultType": "normal fault, certain" }, "geometry": { "type": "LineString", "coordinates": [ [ -95.2697, 31.927 ], [ -95.2367, 31.9409 ] ] } },
{ "type": "Feature", "properties": { "faultType": "normal fault, certain" }, "geometry": { "type": "LineString", "coordinates": [ [ -105.3642, 31.8968 ], [ -105.3677, 31.907 ] ] } },
{ "type": "Feature", "properties": { "faultType": "normal fault, certain" }, "geometry": { "type": "LineString", "coordinates": [ [ -106.2289, 31.8496 ], [ -106.2434, 31.9227 ] ] } },
{ "type": "Feature", "properties": { "faultType": "normal fault, certain" }, "geometry": { "type": "LineString", "coordinates": [ [ -105.3642, 31.8968 ], [ -105.3729, 31.9045 ] ] } },
{ "type": "Feature", "properties": { "faultType": "normal fault, certain" }, "geometry": { "type": "LineString", "coordinates": [ [ -105.3535, 31.8997 ], [ -105.3642, 31.8968 ] ] } },
{ "type": "Feature", "properties": { "faultType": "normal fault, certain" }, "geometry": { "type": "LineString", "coordinates": [ [ -96.4291, 32.0584 ], [ -96.4764, 31.9724 ] ] } },
{ "type": "Feature", "properties": { "faultType": "normal fault, certain" }, "geometry": { "type": "LineString", "coordinates": [ [ -94.771, 31.9023 ], [ -94.78, 31.9017 ] ] } },
{ "type": "Feature", "properties": { "faultType": "normal fault, certain" }, "geometry": { "type": "LineString", "coordinates": [ [ -106.0138, 31.8655 ], [ -106.0104, 31.8598 ] ] } },
{ "type": "Feature", "properties": { "faultType": "normal fault, certain" }, "geometry": { "type": "LineString", "coordinates": [ [ -94.78, 31.9017 ], [ -94.7886, 31.9009 ] ] } },
{ "type": "Feature", "properties": { "faultType": "normal fault, certain" }, "geometry": { "type": "LineString", "coordinates": [ [ -94.7879, 31.9013 ], [ -94.7886, 31.9009 ] ] } },
{ "type": "Feature", "properties": { "faultType": "normal fault, certain" }, "geometry": { "type": "LineString", "coordinates": [ [ -94.7356, 31.9053 ], [ -94.78, 31.9017 ] ] } },
{ "type": "Feature", "properties": { "faultType": "normal fault, certain" }, "geometry": { "type": "LineString", "coordinates": [ [ -94.7886, 31.9009 ], [ -94.7988, 31.8997 ] ] } },
{ "type": "Feature", "properties": { "faultType": "normal fault, certain" }, "geometry": { "type": "LineString", "coordinates": [ [ -95.247, 31.932 ], [ -95.2641, 31.9207 ], [ -95.2253, 31.9282 ] ] } },
{ "type": "Feature", "properties": { "faultType": "normal fault, certain" }, "geometry": { "type": "LineString", "coordinates": [ [ -94.8691, 31.9229 ], [ -94.9043, 31.9025 ] ] } },
{ "type": "Feature", "properties": { "faultType": "normal fault, certain" }, "geometry": { "type": "LineString", "coordinates": [ [ -94.5523, 31.8988 ], [ -94.5712, 31.8852 ] ] } },
{ "type": "Feature", "properties": { "faultType": "normal fault, certain" }, "geometry": { "type": "LineString", "coordinates": [ [ -106.4688, 31.836 ], [ -106.4728, 31.8267 ] ] } },
{ "type": "Feature", "properties": { "faultType": "normal fault, certain" }, "geometry": { "type": "LineString", "coordinates": [ [ -94.8355, 31.8983 ], [ -94.8691, 31.9229 ] ] } },
{ "type": "Feature", "properties": { "faultType": "normal fault, certain" }, "geometry": { "type": "LineString", "coordinates": [ [ -95.2328, 31.9162 ], [ -95.1586, 31.9255 ] ] } },
{ "type": "Feature", "properties": { "faultType": "normal fault, certain" }, "geometry": { "type": "LineString", "coordinates": [ [ -95.212, 31.9314 ], [ -95.2328, 31.9162 ] ] } },
{ "type": "Feature", "properties": { "faultType": "normal fault, certain" }, "geometry": { "type": "LineString", "coordinates": [ [ -94.7886, 31.9009 ], [ -94.8355, 31.8983 ] ] } },
{ "type": "Feature", "properties": { "faultType": "normal fault, certain" }, "geometry": { "type": "LineString", "coordinates": [ [ -94.8355, 31.8983 ], [ -94.8446, 31.8974 ] ] } },
{ "type": "Feature", "properties": { "faultType": "normal fault, certain" }, "geometry": { "type": "LineString", "coordinates": [ [ -95.101, 31.9094 ], [ -95.0002, 31.9268 ] ] } },
{ "type": "Feature", "properties": { "faultType": "normal fault, certain" }, "geometry": { "type": "LineString", "coordinates": [ [ -95.4815, 31.9261 ], [ -95.4747, 31.9286 ] ] } },
{ "type": "Feature", "properties": { "faultType": "normal fault, certain" }, "geometry": { "type": "LineString", "coordinates": [ [ -104.7443, 31.9422 ], [ -104.7508, 31.9144 ] ] } },
{ "type": "Feature", "properties": { "faultType": "normal fault, certain" }, "geometry": { "type": "LineString", "coordinates": [ [ -105.9179, 31.8665 ], [ -105.9176, 31.8553 ] ] } },
{ "type": "Feature", "properties": { "faultType": "normal fault, certain" }, "geometry": { "type": "LineString", "coordinates": [ [ -94.7137, 31.8878 ], [ -94.6737, 31.909 ], [ -94.5988, 31.9174 ] ] } },
{ "type": "Feature", "properties": { "faultType": "normal fault, certain" }, "geometry": { "type": "LineString", "coordinates": [ [ -94.8446, 31.8974 ], [ -94.8683, 31.8949 ] ] } },
{ "type": "Feature", "properties": { "faultType": "normal fault, certain" }, "geometry": { "type": "LineString", "coordinates": [ [ -94.8683, 31.8949 ], [ -94.9043, 31.9025 ] ] } },
{ "type": "Feature", "properties": { "faultType": "normal fault, certain" }, "geometry": { "type": "LineString", "coordinates": [ [ -104.8961, 31.9205 ], [ -104.8979, 31.9059 ] ] } },
{ "type": "Feature", "properties": { "faultType": "normal fault, certain" }, "geometry": { "type": "LineString", "coordinates": [ [ -106.4481, 32.0001 ], [ -106.4627, 31.9436 ], [ -106.4422, 31.9133 ], [ -106.4535, 31.8219 ] ] } },
{ "type": "Feature", "properties": { "faultType": "normal fault, certain" }, "geometry": { "type": "LineString", "coordinates": [ [ -106.4728, 31.8267 ], [ -106.4535, 31.8219 ] ] } },
{ "type": "Feature", "properties": { "faultType": "normal fault, certain" }, "geometry": { "type": "LineString", "coordinates": [ [ -104.8337, 31.9078 ], [ -104.866, 31.9671 ] ] } },
{ "type": "Feature", "properties": { "faultType": "normal fault, certain" }, "geometry": { "type": "LineString", "coordinates": [ [ -94.8683, 31.8949 ], [ -94.9073, 31.8948 ] ] } },
{ "type": "Feature", "properties": { "faultType": "normal fault, certain" }, "geometry": { "type": "LineString", "coordinates": [ [ -95.2792, 31.9118 ], [ -95.2259, 31.9242 ] ] } },
{ "type": "Feature", "properties": { "faultType": "normal fault, certain" }, "geometry": { "type": "LineString", "coordinates": [ [ -94.7464, 31.8911 ], [ -94.8058, 31.8886 ], [ -94.8446, 31.8974 ] ] } },
{ "type": "Feature", "properties": { "faultType": "normal fault, certain" }, "geometry": { "type": "LineString", "coordinates": [ [ -104.8171, 31.9059 ], [ -104.8299, 31.9343 ] ] } },
{ "type": "Feature", "properties": { "faultType": "normal fault, certain" }, "geometry": { "type": "LineString", "coordinates": [ [ -104.8905, 31.9724 ], [ -104.8374, 31.9043 ] ] } },
{ "type": "Feature", "properties": { "faultType": "normal fault, certain" }, "geometry": { "type": "LineString", "coordinates": [ [ -95.2864, 31.9069 ], [ -95.2328, 31.9162 ] ] } },
{ "type": "Feature", "properties": { "faultType": "normal fault, certain" }, "geometry": { "type": "LineString", "coordinates": [ [ -106.0128, 31.8439 ], [ -106.0047, 31.8329 ] ] } },
{ "type": "Feature", "properties": { "faultType": "normal fault, certain" }, "geometry": { "type": "LineString", "coordinates": [ [ -95.2811, 31.8974 ], [ -95.2546, 31.9071 ] ] } },
{ "type": "Feature", "properties": { "faultType": "normal fault, certain" }, "geometry": { "type": "LineString", "coordinates": [ [ -106.4535, 31.8219 ], [ -106.4608, 31.8042 ] ] } },
{ "type": "Feature", "properties": { "faultType": "normal fault, certain" }, "geometry": { "type": "LineString", "coordinates": [ [ -95.4815, 31.9261 ], [ -95.4754, 31.9036 ] ] } },
{ "type": "Feature", "properties": { "faultType": "normal fault, certain" }, "geometry": { "type": "LineString", "coordinates": [ [ -95.5251, 31.9052 ], [ -95.4815, 31.9261 ] ] } },
{ "type": "Feature", "properties": { "faultType": "normal fault, certain" }, "geometry": { "type": "LineString", "coordinates": [ [ -104.6986, 31.901 ], [ -104.6947, 31.8927 ] ] } },
{ "type": "Feature", "properties": { "faultType": "normal fault, certain" }, "geometry": { "type": "LineString", "coordinates": [ [ -94.5787, 31.8777 ], [ -94.6349, 31.8604 ] ] } },
{ "type": "Feature", "properties": { "faultType": "normal fault, certain" }, "geometry": { "type": "LineString", "coordinates": [ [ -96.471, 31.9364 ], [ -96.4562, 31.9507 ] ] } },
{ "type": "Feature", "properties": { "faultType": "normal fault, certain" }, "geometry": { "type": "LineString", "coordinates": [ [ -106.0163, 31.864 ], [ -105.9768, 31.8211 ] ] } },
{ "type": "Feature", "properties": { "faultType": "normal fault, certain" }, "geometry": { "type": "LineString", "coordinates": [ [ -104.852, 31.8771 ], [ -104.8612, 31.8988 ] ] } },
{ "type": "Feature", "properties": { "faultType": "normal fault, certain" }, "geometry": { "type": "LineString", "coordinates": [ [ -95.2679, 31.8938 ], [ -95.3095, 31.8803 ] ] } },
{ "type": "Feature", "properties": { "faultType": "normal fault, certain" }, "geometry": { "type": "LineString", "coordinates": [ [ -106.053, 31.8212 ], [ -106.0513, 31.8107 ] ] } },
{ "type": "Feature", "properties": { "faultType": "normal fault, certain" }, "geometry": { "type": "LineString", "coordinates": [ [ -95.3165, 31.8795 ], [ -95.2836, 31.8964 ] ] } },
{ "type": "Feature", "properties": { "faultType": "normal fault, certain" }, "geometry": { "type": "LineString", "coordinates": [ [ -104.4079, 31.8962 ], [ -104.3811, 31.8917 ] ] } },
{ "type": "Feature", "properties": { "faultType": "normal fault, certain" }, "geometry": { "type": "LineString", "coordinates": [ [ -106.4608, 31.8042 ], [ -106.4834, 31.7842 ] ] } },
{ "type": "Feature", "properties": { "faultType": "normal fault, certain" }, "geometry": { "type": "LineString", "coordinates": [ [ -106.5028, 31.8378 ], [ -106.4834, 31.7842 ] ] } },
{ "type": "Feature", "properties": { "faultType": "normal fault, certain" }, "geometry": { "type": "LineString", "coordinates": [ [ -95.2781, 31.887 ], [ -95.2998, 31.8776 ] ] } },
{ "type": "Feature", "properties": { "faultType": "normal fault, certain" }, "geometry": { "type": "LineString", "coordinates": [ [ -106.4829, 31.7828 ], [ -106.4684, 31.7882 ] ] } },
{ "type": "Feature", "properties": { "faultType": "normal fault, certain" }, "geometry": { "type": "LineString", "coordinates": [ [ -106.4834, 31.7842 ], [ -106.4829, 31.7828 ] ] } },
{ "type": "Feature", "properties": { "faultType": "normal fault, certain" }, "geometry": { "type": "LineString", "coordinates": [ [ -104.927, 31.866 ], [ -104.9237, 31.8728 ] ] } },
{ "type": "Feature", "properties": { "faultType": "normal fault, certain" }, "geometry": { "type": "LineString", "coordinates": [ [ -105.2504, 31.8749 ], [ -105.1866, 31.8528 ] ] } },
{ "type": "Feature", "properties": { "faultType": "normal fault, certain" }, "geometry": { "type": "LineString", "coordinates": [ [ -106.3549, 31.8655 ], [ -106.3605, 31.7888 ] ] } },
{ "type": "Feature", "properties": { "faultType": "normal fault, certain" }, "geometry": { "type": "LineString", "coordinates": [ [ -106.4829, 31.7828 ], [ -106.4818, 31.7797 ] ] } },
{ "type": "Feature", "properties": { "faultType": "normal fault, certain" }, "geometry": { "type": "LineString", "coordinates": [ [ -106.4608, 31.8042 ], [ -106.4676, 31.7795 ] ] } },
{ "type": "Feature", "properties": { "faultType": "normal fault, certain" }, "geometry": { "type": "LineString", "coordinates": [ [ -104.9345, 31.8612 ], [ -104.9267, 31.8749 ] ] } },
{ "type": "Feature", "properties": { "faultType": "normal fault, certain" }, "geometry": { "type": "LineString", "coordinates": [ [ -96.5259, 31.9177 ], [ -96.5694, 31.9377 ] ] } },
{ "type": "Feature", "properties": { "faultType": "normal fault, certain" }, "geometry": { "type": "LineString", "coordinates": [ [ -106.3438, 31.8592 ], [ -106.3466, 31.7843 ] ] } },
{ "type": "Feature", "properties": { "faultType": "normal fault, certain" }, "geometry": { "type": "LineString", "coordinates": [ [ -104.4776, 31.8788 ], [ -104.4079, 31.8962 ] ] } },
{ "type": "Feature", "properties": { "faultType": "normal fault, certain" }, "geometry": { "type": "LineString", "coordinates": [ [ -104.4776, 31.8788 ], [ -104.4751, 31.8894 ] ] } },
{ "type": "Feature", "properties": { "faultType": "normal fault, certain" }, "geometry": { "type": "LineString", "coordinates": [ [ -106.0281, 31.8018 ], [ -106.051, 31.8211 ] ] } },
{ "type": "Feature", "properties": { "faultType": "normal fault, certain" }, "geometry": { "type": "LineString", "coordinates": [ [ -95.3072, 31.869 ], [ -95.2727, 31.8814 ] ] } },
{ "type": "Feature", "properties": { "faultType": "normal fault, certain" }, "geometry": { "type": "LineString", "coordinates": [ [ -106.1672, 31.7929 ], [ -106.179, 31.8203 ], [ -106.1664, 31.8537 ], [ -106.1689, 31.8772 ] ] } },
{ "type": "Feature", "properties": { "faultType": "normal fault, certain" }, "geometry": { "type": "LineString", "coordinates": [ [ -104.4791, 31.8759 ], [ -104.4776, 31.8788 ] ] } },
{ "type": "Feature", "properties": { "faultType": "normal fault, certain" }, "geometry": { "type": "LineString", "coordinates": [ [ -95.7453, 31.9236 ], [ -95.7666, 31.8854 ] ] } },
{ "type": "Feature", "properties": { "faultType": "normal fault, certain" }, "geometry": { "type": "LineString", "coordinates": [ [ -104.9316, 31.8551 ], [ -104.927, 31.866 ] ] } },
{ "type": "Feature", "properties": { "faultType": "normal fault, certain" }, "geometry": { "type": "LineString", "coordinates": [ [ -104.6852, 31.8648 ], [ -104.6928, 31.8889 ] ] } },
{ "type": "Feature", "properties": { "faultType": "normal fault, certain" }, "geometry": { "type": "LineString", "coordinates": [ [ -95.4035, 31.8677 ], [ -95.3799, 31.8781 ] ] } },
{ "type": "Feature", "properties": { "faultType": "normal fault, certain" }, "geometry": { "type": "LineString", "coordinates": [ [ -105.1866, 31.8528 ], [ -105.1702, 31.8411 ] ] } },
{ "type": "Feature", "properties": { "faultType": "normal fault, certain" }, "geometry": { "type": "LineString", "coordinates": [ [ -106.3196, 31.9113 ], [ -106.2916, 31.8636 ], [ -106.3313, 31.7766 ] ] } },
{ "type": "Feature", "properties": { "faultType": "normal fault, certain" }, "geometry": { "type": "LineString", "coordinates": [ [ -96.4792, 31.9377 ], [ -96.4761, 31.9065 ] ] } },
{ "type": "Feature", "properties": { "faultType": "normal fault, certain" }, "geometry": { "type": "LineString", "coordinates": [ [ -95.2646, 31.8784 ], [ -95.3063, 31.8613 ] ] } },
{ "type": "Feature", "properties": { "faultType": "normal fault, certain" }, "geometry": { "type": "LineString", "coordinates": [ [ -106.2069, 31.8344 ], [ -106.2108, 31.7829 ] ] } },
{ "type": "Feature", "properties": { "faultType": "normal fault, certain" }, "geometry": { "type": "LineString", "coordinates": [ [ -106.2182, 31.8199 ], [ -106.2108, 31.7829 ] ] } },
{ "type": "Feature", "properties": { "faultType": "normal fault, certain" }, "geometry": { "type": "LineString", "coordinates": [ [ -105.2677, 31.8551 ], [ -105.2332, 31.8313 ] ] } },
{ "type": "Feature", "properties": { "faultType": "normal fault, certain" }, "geometry": { "type": "LineString", "coordinates": [ [ -96.4761, 31.9065 ], [ -96.4747, 31.8984 ] ] } },
{ "type": "Feature", "properties": { "faultType": "normal fault, certain" }, "geometry": { "type": "LineString", "coordinates": [ [ -104.9319, 31.848 ], [ -104.9301, 31.8416 ] ] } },
{ "type": "Feature", "properties": { "faultType": "normal fault, certain" }, "geometry": { "type": "LineString", "coordinates": [ [ -97.0481, 31.9645 ], [ -97.0725, 31.9151 ] ] } },
{ "type": "Feature", "properties": { "faultType": "normal fault, certain" }, "geometry": { "type": "LineString", "coordinates": [ [ -105.1866, 31.8528 ], [ -105.1466, 31.8294 ] ] } },
{ "type": "Feature", "properties": { "faultType": "normal fault, certain" }, "geometry": { "type": "LineString", "coordinates": [ [ -105.9679, 31.7963 ], [ -105.9688, 31.7859 ] ] } },
{ "type": "Feature", "properties": { "faultType": "normal fault, certain" }, "geometry": { "type": "LineString", "coordinates": [ [ -106.0258, 31.7797 ], [ -105.9871, 31.8058 ] ] } },
{ "type": "Feature", "properties": { "faultType": "normal fault, certain" }, "geometry": { "type": "LineString", "coordinates": [ [ -104.9301, 31.8416 ], [ -104.9275, 31.8339 ] ] } },
{ "type": "Feature", "properties": { "faultType": "normal fault, certain" }, "geometry": { "type": "LineString", "coordinates": [ [ -105.1702, 31.8411 ], [ -105.148, 31.823 ] ] } },
{ "type": "Feature", "properties": { "faultType": "normal fault, certain" }, "geometry": { "type": "LineString", "coordinates": [ [ -105.2219, 31.8249 ], [ -105.2155, 31.8196 ] ] } },
{ "type": "Feature", "properties": { "faultType": "normal fault, certain" }, "geometry": { "type": "LineString", "coordinates": [ [ -104.7826, 31.8375 ], [ -104.7985, 31.8748 ] ] } },
{ "type": "Feature", "properties": { "faultType": "normal fault, certain" }, "geometry": { "type": "LineString", "coordinates": [ [ -105.9347, 31.7788 ], [ -105.9248, 31.7971 ] ] } },
{ "type": "Feature", "properties": { "faultType": "normal fault, certain" }, "geometry": { "type": "LineString", "coordinates": [ [ -104.9395, 31.8295 ], [ -104.9301, 31.8416 ] ] } },
{ "type": "Feature", "properties": { "faultType": "normal fault, certain" }, "geometry": { "type": "LineString", "coordinates": [ [ -105.1702, 31.8411 ], [ -105.15, 31.8186 ] ] } },
{ "type": "Feature", "properties": { "faultType": "normal fault, certain" }, "geometry": { "type": "LineString", "coordinates": [ [ -105.1627, 31.8262 ], [ -105.1512, 31.8145 ] ] } },
{ "type": "Feature", "properties": { "faultType": "normal fault, certain" }, "geometry": { "type": "LineString", "coordinates": [ [ -105.9704, 31.81 ], [ -105.9775, 31.7675 ] ] } },
{ "type": "Feature", "properties": { "faultType": "normal fault, certain" }, "geometry": { "type": "LineString", "coordinates": [ [ -95.7001, 31.8477 ], [ -95.6913, 31.8647 ] ] } },
{ "type": "Feature", "properties": { "faultType": "normal fault, certain" }, "geometry": { "type": "LineString", "coordinates": [ [ -105.9534, 31.7856 ], [ -105.9412, 31.7676 ] ] } },
{ "type": "Feature", "properties": { "faultType": "normal fault, certain" }, "geometry": { "type": "LineString", "coordinates": [ [ -95.298, 31.8257 ], [ -95.2376, 31.8562 ] ] } },
{ "type": "Feature", "properties": { "faultType": "normal fault, certain" }, "geometry": { "type": "LineString", "coordinates": [ [ -105.1618, 31.8175 ], [ -105.1471, 31.805 ] ] } },
{ "type": "Feature", "properties": { "faultType": "normal fault, certain" }, "geometry": { "type": "LineString", "coordinates": [ [ -104.8043, 31.8522 ], [ -104.7874, 31.8208 ] ] } },
{ "type": "Feature", "properties": { "faultType": "normal fault, certain" }, "geometry": { "type": "LineString", "coordinates": [ [ -104.927, 31.866 ], [ -104.8979, 31.8154 ] ] } },
{ "type": "Feature", "properties": { "faultType": "normal fault, certain" }, "geometry": { "type": "LineString", "coordinates": [ [ -104.8922, 31.8411 ], [ -104.8742, 31.815 ] ] } },
{ "type": "Feature", "properties": { "faultType": "normal fault, certain" }, "geometry": { "type": "LineString", "coordinates": [ [ -105.8867, 31.7612 ], [ -105.8784, 31.7902 ] ] } },
{ "type": "Feature", "properties": { "faultType": "normal fault, certain" }, "geometry": { "type": "LineString", "coordinates": [ [ -95.6749, 31.8451 ], [ -95.6819, 31.8361 ] ] } },
{ "type": "Feature", "properties": { "faultType": "normal fault, certain" }, "geometry": { "type": "LineString", "coordinates": [ [ -95.7001, 31.8477 ], [ -95.6819, 31.8361 ] ] } },
{ "type": "Feature", "properties": { "faultType": "normal fault, certain" }, "geometry": { "type": "LineString", "coordinates": [ [ -95.7063, 31.8367 ], [ -95.7001, 31.8477 ] ] } },
{ "type": "Feature", "properties": { "faultType": "normal fault, certain" }, "geometry": { "type": "LineString", "coordinates": [ [ -95.7036, 31.8686 ], [ -95.7063, 31.8367 ] ] } },
{ "type": "Feature", "properties": { "faultType": "normal fault, certain" }, "geometry": { "type": "LineString", "coordinates": [ [ -105.9821, 31.7678 ], [ -105.9635, 31.7546 ] ] } },
{ "type": "Feature", "properties": { "faultType": "normal fault, certain" }, "geometry": { "type": "LineString", "coordinates": [ [ -95.3079, 31.8647 ], [ -95.3836, 31.8192 ] ] } },
{ "type": "Feature", "properties": { "faultType": "normal fault, certain" }, "geometry": { "type": "LineString", "coordinates": [ [ -106.2108, 31.7829 ], [ -106.2313, 31.7363 ] ] } },
{ "type": "Feature", "properties": { "faultType": "normal fault, certain" }, "geometry": { "type": "LineString", "coordinates": [ [ -96.4144, 31.8583 ], [ -96.3918, 31.9108 ] ] } },
{ "type": "Feature", "properties": { "faultType": "normal fault, certain" }, "geometry": { "type": "LineString", "coordinates": [ [ -105.7921, 31.8046 ], [ -105.799, 31.7595 ] ] } },
{ "type": "Feature", "properties": { "faultType": "normal fault, certain" }, "geometry": { "type": "LineString", "coordinates": [ [ -96.4761, 31.9065 ], [ -96.4948, 31.8582 ] ] } },
{ "type": "Feature", "properties": { "faultType": "normal fault, certain" }, "geometry": { "type": "LineString", "coordinates": [ [ -96.5028, 31.89 ], [ -96.4948, 31.8582 ] ] } },
{ "type": "Feature", "properties": { "faultType": "normal fault, certain" }, "geometry": { "type": "LineString", "coordinates": [ [ -105.1596, 31.8125 ], [ -105.1361, 31.7893 ] ] } },
{ "type": "Feature", "properties": { "faultType": "normal fault, certain" }, "geometry": { "type": "LineString", "coordinates": [ [ -106.2771, 31.8534 ], [ -106.2644, 31.8192 ], [ -106.2811, 31.7787 ], [ -106.2813, 31.7269 ] ] } },
{ "type": "Feature", "properties": { "faultType": "normal fault, certain" }, "geometry": { "type": "LineString", "coordinates": [ [ -96.4486, 31.8518 ], [ -96.4028, 31.9181 ] ] } },
{ "type": "Feature", "properties": { "faultType": "normal fault, certain" }, "geometry": { "type": "LineString", "coordinates": [ [ -104.7986, 31.8535 ], [ -104.7756, 31.8036 ] ] } },
{ "type": "Feature", "properties": { "faultType": "normal fault, certain" }, "geometry": { "type": "LineString", "coordinates": [ [ -104.7756, 31.8036 ], [ -104.7728, 31.7981 ] ] } },
{ "type": "Feature", "properties": { "faultType": "normal fault, certain" }, "geometry": { "type": "LineString", "coordinates": [ [ -104.9275, 31.8339 ], [ -104.9015, 31.7922 ] ] } },
{ "type": "Feature", "properties": { "faultType": "normal fault, certain" }, "geometry": { "type": "LineString", "coordinates": [ [ -95.6767, 31.8328 ], [ -95.6767, 31.8159 ] ] } },
{ "type": "Feature", "properties": { "faultType": "normal fault, certain" }, "geometry": { "type": "LineString", "coordinates": [ [ -95.4011, 31.8026 ], [ -95.3562, 31.8266 ] ] } },
{ "type": "Feature", "properties": { "faultType": "normal fault, certain" }, "geometry": { "type": "LineString", "coordinates": [ [ -95.3855, 31.7976 ], [ -95.3446, 31.8201 ] ] } },
{ "type": "Feature", "properties": { "faultType": "normal fault, certain" }, "geometry": { "type": "LineString", "coordinates": [ [ -95.6819, 31.8361 ], [ -95.6961, 31.8199 ], [ -95.7287, 31.8109 ] ] } },
{ "type": "Feature", "properties": { "faultType": "normal fault, certain" }, "geometry": { "type": "LineString", "coordinates": [ [ -95.7287, 31.8109 ], [ -95.7063, 31.8367 ] ] } },
{ "type": "Feature", "properties": { "faultType": "normal fault, certain" }, "geometry": { "type": "LineString", "coordinates": [ [ -106.2673, 31.7107 ], [ -106.2482, 31.7389 ], [ -106.2574, 31.7923 ], [ -106.2554, 31.883 ], [ -106.2434, 31.9227 ] ] } },
{ "type": "Feature", "properties": { "faultType": "normal fault, certain" }, "geometry": { "type": "LineString", "coordinates": [ [ -95.7316, 31.8087 ], [ -95.7287, 31.8109 ] ] } },
{ "type": "Feature", "properties": { "faultType": "normal fault, certain" }, "geometry": { "type": "LineString", "coordinates": [ [ -106.1111, 31.7463 ], [ -106.1047, 31.7181 ] ] } },
{ "type": "Feature", "properties": { "faultType": "normal fault, certain" }, "geometry": { "type": "LineString", "coordinates": [ [ -96.2063, 31.8475 ], [ -96.1817, 31.8243 ] ] } },
{ "type": "Feature", "properties": { "faultType": "normal fault, certain" }, "geometry": { "type": "LineString", "coordinates": [ [ -104.7213, 31.798 ], [ -104.7147, 31.7863 ] ] } },
{ "type": "Feature", "properties": { "faultType": "normal fault, certain" }, "geometry": { "type": "LineString", "coordinates": [ [ -96.4236, 31.8256 ], [ -96.4144, 31.8583 ] ] } },
{ "type": "Feature", "properties": { "faultType": "normal fault, certain" }, "geometry": { "type": "LineString", "coordinates": [ [ -104.9381, 31.7881 ], [ -104.9172, 31.7707 ] ] } },
{ "type": "Feature", "properties": { "faultType": "normal fault, certain" }, "geometry": { "type": "LineString", "coordinates": [ [ -95.6771, 31.8096 ], [ -95.6769, 31.7961 ] ] } },
{ "type": "Feature", "properties": { "faultType": "normal fault, certain" }, "geometry": { "type": "LineString", "coordinates": [ [ -104.7736, 31.8128 ], [ -104.7512, 31.7728 ] ] } },
{ "type": "Feature", "properties": { "faultType": "normal fault, certain" }, "geometry": { "type": "LineString", "coordinates": [ [ -105.8001, 31.715 ], [ -105.7863, 31.7943 ] ] } },
{ "type": "Feature", "properties": { "faultType": "normal fault, certain" }, "geometry": { "type": "LineString", "coordinates": [ [ -104.8383, 31.7761 ], [ -104.8328, 31.7615 ] ] } },
{ "type": "Feature", "properties": { "faultType": "normal fault, certain" }, "geometry": { "type": "LineString", "coordinates": [ [ -95.7344, 31.787 ], [ -95.7337, 31.7853 ] ] } },
{ "type": "Feature", "properties": { "faultType": "normal fault, certain" }, "geometry": { "type": "LineString", "coordinates": [ [ -95.4898, 31.7664 ], [ -95.4219, 31.7894 ] ] } },
{ "type": "Feature", "properties": { "faultType": "normal fault, certain" }, "geometry": { "type": "LineString", "coordinates": [ [ -104.6029, 31.7615 ], [ -104.6137, 31.8173 ] ] } },
{ "type": "Feature", "properties": { "faultType": "normal fault, certain" }, "geometry": { "type": "LineString", "coordinates": [ [ -96.5002, 31.8114 ], [ -96.5108, 31.8037 ] ] } },
{ "type": "Feature", "properties": { "faultType": "normal fault, certain" }, "geometry": { "type": "LineString", "coordinates": [ [ -96.4948, 31.8582 ], [ -96.5108, 31.8037 ] ] } },
{ "type": "Feature", "properties": { "faultType": "normal fault, certain" }, "geometry": { "type": "LineString", "coordinates": [ [ -96.5963, 31.8455 ], [ -96.6151, 31.8067 ] ] } },
{ "type": "Feature", "properties": { "faultType": "normal fault, certain" }, "geometry": { "type": "LineString", "coordinates": [ [ -106.0808, 31.6832 ], [ -106.0771, 31.7058 ] ] } },
{ "type": "Feature", "properties": { "faultType": "normal fault, certain" }, "geometry": { "type": "LineString", "coordinates": [ [ -105.948, 31.6895 ], [ -105.9963, 31.7255 ] ] } },
{ "type": "Feature", "properties": { "faultType": "normal fault, certain" }, "geometry": { "type": "LineString", "coordinates": [ [ -96.4381, 31.7952 ], [ -96.4267, 31.8218 ] ] } },
{ "type": "Feature", "properties": { "faultType": "normal fault, certain" }, "geometry": { "type": "LineString", "coordinates": [ [ -105.987, 31.7058 ], [ -105.9483, 31.6858 ] ] } },
{ "type": "Feature", "properties": { "faultType": "normal fault, certain" }, "geometry": { "type": "LineString", "coordinates": [ [ -104.8508, 31.7522 ], [ -104.846, 31.7406 ] ] } },
{ "type": "Feature", "properties": { "faultType": "normal fault, certain" }, "geometry": { "type": "LineString", "coordinates": [ [ -95.4983, 31.7553 ], [ -95.4031, 31.7865 ] ] } },
{ "type": "Feature", "properties": { "faultType": "normal fault, certain" }, "geometry": { "type": "LineString", "coordinates": [ [ -96.4733, 31.7907 ], [ -96.4657, 31.7921 ] ] } },
{ "type": "Feature", "properties": { "faultType": "normal fault, certain" }, "geometry": { "type": "LineString", "coordinates": [ [ -96.4733, 31.7907 ], [ -96.4144, 31.8583 ] ] } },
{ "type": "Feature", "properties": { "faultType": "normal fault, certain" }, "geometry": { "type": "LineString", "coordinates": [ [ -96.4397, 31.789 ], [ -96.4381, 31.7952 ] ] } },
{ "type": "Feature", "properties": { "faultType": "normal fault, certain" }, "geometry": { "type": "LineString", "coordinates": [ [ -96.5108, 31.8037 ], [ -96.5279, 31.7908 ] ] } },
{ "type": "Feature", "properties": { "faultType": "normal fault, certain" }, "geometry": { "type": "LineString", "coordinates": [ [ -106.1047, 31.7181 ], [ -106.0984, 31.67 ] ] } },
{ "type": "Feature", "properties": { "faultType": "normal fault, certain" }, "geometry": { "type": "LineString", "coordinates": [ [ -95.7219, 31.7588 ], [ -95.7199, 31.7636 ] ] } },
{ "type": "Feature", "properties": { "faultType": "normal fault, certain" }, "geometry": { "type": "LineString", "coordinates": [ [ -95.7337, 31.7853 ], [ -95.7219, 31.7588 ] ] } },
{ "type": "Feature", "properties": { "faultType": "normal fault, certain" }, "geometry": { "type": "LineString", "coordinates": [ [ -105.9087, 31.6771 ], [ -105.8944, 31.6985 ], [ -105.8987, 31.7213 ] ] } },
{ "type": "Feature", "properties": { "faultType": "normal fault, certain" }, "geometry": { "type": "LineString", "coordinates": [ [ -105.0949, 31.7228 ], [ -105.0879, 31.7178 ] ] } },
{ "type": "Feature", "properties": { "faultType": "normal fault, certain" }, "geometry": { "type": "LineString", "coordinates": [ [ -104.73, 31.7317 ], [ -104.7826, 31.8375 ] ] } },
{ "type": "Feature", "properties": { "faultType": "normal fault, certain" }, "geometry": { "type": "LineString", "coordinates": [ [ -96.5019, 31.7791 ], [ -96.4733, 31.7907 ] ] } },
{ "type": "Feature", "properties": { "faultType": "normal fault, certain" }, "geometry": { "type": "LineString", "coordinates": [ [ -95.7271, 31.7497 ], [ -95.7219, 31.7588 ] ] } },
{ "type": "Feature", "properties": { "faultType": "normal fault, certain" }, "geometry": { "type": "LineString", "coordinates": [ [ -104.7728, 31.7981 ], [ -104.7543, 31.7636 ], [ -104.7494, 31.7262 ] ] } },
{ "type": "Feature", "properties": { "faultType": "normal fault, certain" }, "geometry": { "type": "LineString", "coordinates": [ [ -104.7494, 31.7262 ], [ -104.7728, 31.7981 ] ] } },
{ "type": "Feature", "properties": { "faultType": "normal fault, certain" }, "geometry": { "type": "LineString", "coordinates": [ [ -104.7408, 31.7797 ], [ -104.7187, 31.7275 ] ] } },
{ "type": "Feature", "properties": { "faultType": "normal fault, certain" }, "geometry": { "type": "LineString", "coordinates": [ [ -96.5279, 31.7908 ], [ -96.5396, 31.7758 ] ] } },
{ "type": "Feature", "properties": { "faultType": "normal fault, certain" }, "geometry": { "type": "LineString", "coordinates": [ [ -96.5292, 31.8431 ], [ -96.5396, 31.7758 ] ] } },
{ "type": "Feature", "properties": { "faultType": "normal fault, certain" }, "geometry": { "type": "LineString", "coordinates": [ [ -96.5135, 31.7755 ], [ -96.5142, 31.7746 ] ] } },
{ "type": "Feature", "properties": { "faultType": "normal fault, certain" }, "geometry": { "type": "LineString", "coordinates": [ [ -104.7321, 31.7991 ], [ -104.7007, 31.7267 ] ] } },
{ "type": "Feature", "properties": { "faultType": "normal fault, certain" }, "geometry": { "type": "LineString", "coordinates": [ [ -96.4729, 31.771 ], [ -96.4381, 31.7952 ] ] } },
{ "type": "Feature", "properties": { "faultType": "normal fault, certain" }, "geometry": { "type": "LineString", "coordinates": [ [ -104.7264, 31.7236 ], [ -104.7187, 31.7275 ] ] } },
{ "type": "Feature", "properties": { "faultType": "normal fault, certain" }, "geometry": { "type": "LineString", "coordinates": [ [ -95.7255, 31.7407 ], [ -95.708, 31.7514 ] ] } },
{ "type": "Feature", "properties": { "faultType": "normal fault, certain" }, "geometry": { "type": "LineString", "coordinates": [ [ -95.7271, 31.7406 ], [ -95.7271, 31.7497 ] ] } },
{ "type": "Feature", "properties": { "faultType": "normal fault, certain" }, "geometry": { "type": "LineString", "coordinates": [ [ -95.7334, 31.7407 ], [ -95.7271, 31.7497 ] ] } },
{ "type": "Feature", "properties": { "faultType": "normal fault, certain" }, "geometry": { "type": "LineString", "coordinates": [ [ -95.7334, 31.7407 ], [ -95.7337, 31.7853 ] ] } },
{ "type": "Feature", "properties": { "faultType": "normal fault, certain" }, "geometry": { "type": "LineString", "coordinates": [ [ -104.8328, 31.7615 ], [ -104.8153, 31.7171 ] ] } },
{ "type": "Feature", "properties": { "faultType": "normal fault, certain" }, "geometry": { "type": "LineString", "coordinates": [ [ -105.0744, 31.7109 ], [ -105.0704, 31.7051 ] ] } },
{ "type": "Feature", "properties": { "faultType": "normal fault, certain" }, "geometry": { "type": "LineString", "coordinates": [ [ -104.7348, 31.7194 ], [ -104.7264, 31.7236 ] ] } },
{ "type": "Feature", "properties": { "faultType": "normal fault, certain" }, "geometry": { "type": "LineString", "coordinates": [ [ -104.7348, 31.7194 ], [ -104.7356, 31.7244 ] ] } },
{ "type": "Feature", "properties": { "faultType": "normal fault, certain" }, "geometry": { "type": "LineString", "coordinates": [ [ -104.6658, 31.7533 ], [ -104.6636, 31.7203 ] ] } },
{ "type": "Feature", "properties": { "faultType": "normal fault, certain" }, "geometry": { "type": "LineString", "coordinates": [ [ -95.7508, 31.7436 ], [ -95.7334, 31.7407 ] ] } },
{ "type": "Feature", "properties": { "faultType": "normal fault, certain" }, "geometry": { "type": "LineString", "coordinates": [ [ -95.7198, 31.736 ], [ -95.7043, 31.7393 ] ] } },
{ "type": "Feature", "properties": { "faultType": "normal fault, certain" }, "geometry": { "type": "LineString", "coordinates": [ [ -104.7264, 31.7236 ], [ -104.7218, 31.7157 ] ] } },
{ "type": "Feature", "properties": { "faultType": "normal fault, certain" }, "geometry": { "type": "LineString", "coordinates": [ [ -104.591, 31.7529 ], [ -104.5839, 31.7199 ] ] } },
{ "type": "Feature", "properties": { "faultType": "normal fault, certain" }, "geometry": { "type": "LineString", "coordinates": [ [ -104.8694, 31.7097 ], [ -104.8752, 31.704 ] ] } },
{ "type": "Feature", "properties": { "faultType": "normal fault, certain" }, "geometry": { "type": "LineString", "coordinates": [ [ -104.8991, 31.7362 ], [ -104.8752, 31.704 ] ] } },
{ "type": "Feature", "properties": { "faultType": "normal fault, certain" }, "geometry": { "type": "LineString", "coordinates": [ [ -94.5909, 31.6776 ], [ -94.6353, 31.7285 ] ] } },
{ "type": "Feature", "properties": { "faultType": "normal fault, certain" }, "geometry": { "type": "LineString", "coordinates": [ [ -104.4977, 31.7196 ], [ -104.4773, 31.7385 ] ] } },
{ "type": "Feature", "properties": { "faultType": "normal fault, certain" }, "geometry": { "type": "LineString", "coordinates": [ [ -104.7966, 31.7059 ], [ -104.8239, 31.8012 ] ] } },
{ "type": "Feature", "properties": { "faultType": "normal fault, certain" }, "geometry": { "type": "LineString", "coordinates": [ [ -106.1047, 31.7181 ], [ -106.1187, 31.6802 ], [ -106.1153, 31.6344 ] ] } },
{ "type": "Feature", "properties": { "faultType": "normal fault, certain" }, "geometry": { "type": "LineString", "coordinates": [ [ -106.0944, 31.6355 ], [ -106.091, 31.6819 ] ] } },
{ "type": "Feature", "properties": { "faultType": "normal fault, certain" }, "geometry": { "type": "LineString", "coordinates": [ [ -97.0158, 32.0002 ], [ -97.0393, 31.9582 ], [ -97.0562, 31.8713 ], [ -97.1128, 31.7711 ] ] } },
{ "type": "Feature", "properties": { "faultType": "normal fault, certain" }, "geometry": { "type": "LineString", "coordinates": [ [ -95.7188, 31.7282 ], [ -95.7024, 31.7227 ] ] } },
{ "type": "Feature", "properties": { "faultType": "normal fault, certain" }, "geometry": { "type": "LineString", "coordinates": [ [ -96.6218, 31.7931 ], [ -96.6406, 31.7547 ] ] } },
{ "type": "Feature", "properties": { "faultType": "normal fault, certain" }, "geometry": { "type": "LineString", "coordinates": [ [ -96.4637, 31.7489 ], [ -96.4397, 31.789 ] ] } },
{ "type": "Feature", "properties": { "faultType": "normal fault, certain" }, "geometry": { "type": "LineString", "coordinates": [ [ -95.4669, 31.7108 ], [ -95.4517, 31.7225 ] ] } },
{ "type": "Feature", "properties": { "faultType": "normal fault, certain" }, "geometry": { "type": "LineString", "coordinates": [ [ -95.4669, 31.7108 ], [ -95.4593, 31.7352 ] ] } },
{ "type": "Feature", "properties": { "faultType": "normal fault, certain" }, "geometry": { "type": "LineString", "coordinates": [ [ -104.8752, 31.704 ], [ -104.8841, 31.6938 ] ] } },
{ "type": "Feature", "properties": { "faultType": "normal fault, certain" }, "geometry": { "type": "LineString", "coordinates": [ [ -96.5396, 31.7758 ], [ -96.5609, 31.7492 ] ] } },
{ "type": "Feature", "properties": { "faultType": "normal fault, certain" }, "geometry": { "type": "LineString", "coordinates": [ [ -105.0601, 31.6934 ], [ -105.0509, 31.6845 ] ] } },
{ "type": "Feature", "properties": { "faultType": "normal fault, certain" }, "geometry": { "type": "LineString", "coordinates": [ [ -95.7275, 31.7251 ], [ -95.7072, 31.7175 ] ] } },
{ "type": "Feature", "properties": { "faultType": "normal fault, certain" }, "geometry": { "type": "LineString", "coordinates": [ [ -96.4892, 31.7462 ], [ -96.4397, 31.789 ] ] } },
{ "type": "Feature", "properties": { "faultType": "normal fault, certain" }, "geometry": { "type": "LineString", "coordinates": [ [ -104.8008, 31.7324 ], [ -104.7835, 31.6965 ] ] } },
{ "type": "Feature", "properties": { "faultType": "normal fault, certain" }, "geometry": { "type": "LineString", "coordinates": [ [ -106.0941, 31.6288 ], [ -106.0944, 31.6355 ] ] } },
{ "type": "Feature", "properties": { "faultType": "normal fault, certain" }, "geometry": { "type": "LineString", "coordinates": [ [ -106.0813, 31.6284 ], [ -106.0816, 31.6506 ] ] } },
{ "type": "Feature", "properties": { "faultType": "normal fault, certain" }, "geometry": { "type": "LineString", "coordinates": [ [ -106.1344, 31.727 ], [ -106.1392, 31.6854 ], [ -106.1269, 31.6254 ] ] } },
{ "type": "Feature", "properties": { "faultType": "normal fault, certain" }, "geometry": { "type": "LineString", "coordinates": [ [ -104.4961, 31.7058 ], [ -104.4693, 31.7192 ] ] } },
{ "type": "Feature", "properties": { "faultType": "normal fault, certain" }, "geometry": { "type": "LineString", "coordinates": [ [ -105.0405, 31.6813 ], [ -105.0358, 31.6793 ] ] } },
{ "type": "Feature", "properties": { "faultType": "normal fault, certain" }, "geometry": { "type": "LineString", "coordinates": [ [ -104.5287, 31.7011 ], [ -104.5044, 31.7181 ] ] } },
{ "type": "Feature", "properties": { "faultType": "normal fault, certain" }, "geometry": { "type": "LineString", "coordinates": [ [ -104.5287, 31.7011 ], [ -104.5265, 31.7468 ] ] } },
{ "type": "Feature", "properties": { "faultType": "normal fault, certain" }, "geometry": { "type": "LineString", "coordinates": [ [ -95.7318, 31.7234 ], [ -95.7302, 31.7115 ] ] } },
{ "type": "Feature", "properties": { "faultType": "normal fault, certain" }, "geometry": { "type": "LineString", "coordinates": [ [ -104.648, 31.6951 ], [ -104.6591, 31.7512 ] ] } },
{ "type": "Feature", "properties": { "faultType": "normal fault, certain" }, "geometry": { "type": "LineString", "coordinates": [ [ -96.4957, 31.7387 ], [ -96.4892, 31.7462 ] ] } },
{ "type": "Feature", "properties": { "faultType": "normal fault, certain" }, "geometry": { "type": "LineString", "coordinates": [ [ -104.7187, 31.7275 ], [ -104.7102, 31.6885 ] ] } },
{ "type": "Feature", "properties": { "faultType": "normal fault, certain" }, "geometry": { "type": "LineString", "coordinates": [ [ -104.6745, 31.69 ], [ -104.7132, 31.7785 ] ] } },
{ "type": "Feature", "properties": { "faultType": "normal fault, certain" }, "geometry": { "type": "LineString", "coordinates": [ [ -104.6748, 31.6842 ], [ -104.6745, 31.69 ] ] } },
{ "type": "Feature", "properties": { "faultType": "normal fault, certain" }, "geometry": { "type": "LineString", "coordinates": [ [ -106.3192, 31.6876 ], [ -106.2509, 31.5973 ] ] } },
{ "type": "Feature", "properties": { "faultType": "normal fault, certain" }, "geometry": { "type": "LineString", "coordinates": [ [ -106.2509, 31.5973 ], [ -106.2637, 31.6002 ], [ -106.28, 31.6324 ], [ -106.3057, 31.6493 ], [ -106.325, 31.6816 ] ] } },
{ "type": "Feature", "properties": { "faultType": "normal fault, certain" }, "geometry": { "type": "LineString", "coordinates": [ [ -104.6636, 31.7203 ], [ -104.6556, 31.679 ] ] } },
{ "type": "Feature", "properties": { "faultType": "normal fault, certain" }, "geometry": { "type": "LineString", "coordinates": [ [ -104.6745, 31.69 ], [ -104.6556, 31.679 ] ] } },
{ "type": "Feature", "properties": { "faultType": "normal fault, certain" }, "geometry": { "type": "LineString", "coordinates": [ [ -104.6798, 31.6763 ], [ -104.7007, 31.7267 ] ] } },
{ "type": "Feature", "properties": { "faultType": "normal fault, certain" }, "geometry": { "type": "LineString", "coordinates": [ [ -104.7207, 31.672 ], [ -104.7348, 31.7194 ] ] } },
{ "type": "Feature", "properties": { "faultType": "normal fault, certain" }, "geometry": { "type": "LineString", "coordinates": [ [ -104.7207, 31.672 ], [ -104.7494, 31.7262 ] ] } },
{ "type": "Feature", "properties": { "faultType": "normal fault, certain" }, "geometry": { "type": "LineString", "coordinates": [ [ -97.2457, 31.7906 ], [ -97.2182, 31.7396 ] ] } },
{ "type": "Feature", "properties": { "faultType": "normal fault, certain" }, "geometry": { "type": "LineString", "coordinates": [ [ -104.5423, 31.6786 ], [ -104.5069, 31.6984 ] ] } },
{ "type": "Feature", "properties": { "faultType": "normal fault, certain" }, "geometry": { "type": "LineString", "coordinates": [ [ -104.5663, 31.6761 ], [ -104.5287, 31.7011 ] ] } },
{ "type": "Feature", "properties": { "faultType": "normal fault, certain" }, "geometry": { "type": "LineString", "coordinates": [ [ -104.5691, 31.6748 ], [ -104.5663, 31.6761 ] ] } },
{ "type": "Feature", "properties": { "faultType": "normal fault, certain" }, "geometry": { "type": "LineString", "coordinates": [ [ -104.5691, 31.6748 ], [ -104.5784, 31.7492 ] ] } },
{ "type": "Feature", "properties": { "faultType": "normal fault, certain" }, "geometry": { "type": "LineString", "coordinates": [ [ -104.5692, 31.674 ], [ -104.5691, 31.6748 ] ] } },
{ "type": "Feature", "properties": { "faultType": "normal fault, certain" }, "geometry": { "type": "LineString", "coordinates": [ [ -96.9369, 31.7576 ], [ -96.9389, 31.7257 ] ] } },
{ "type": "Feature", "properties": { "faultType": "normal fault, certain" }, "geometry": { "type": "LineString", "coordinates": [ [ -96.5371, 31.7092 ], [ -96.5187, 31.735 ], [ -96.4892, 31.7462 ] ] } },
{ "type": "Feature", "properties": { "faultType": "normal fault, certain" }, "geometry": { "type": "LineString", "coordinates": [ [ -104.6411, 31.664 ], [ -104.641, 31.6641 ] ] } },
{ "type": "Feature", "properties": { "faultType": "normal fault, certain" }, "geometry": { "type": "LineString", "coordinates": [ [ -104.6411, 31.664 ], [ -104.648, 31.6951 ] ] } },
{ "type": "Feature", "properties": { "faultType": "normal fault, certain" }, "geometry": { "type": "LineString", "coordinates": [ [ -96.4979, 31.7076 ], [ -96.4669, 31.7448 ] ] } },
{ "type": "Feature", "properties": { "faultType": "normal fault, certain" }, "geometry": { "type": "LineString", "coordinates": [ [ -96.4957, 31.7387 ], [ -96.4979, 31.7076 ] ] } },
{ "type": "Feature", "properties": { "faultType": "normal fault, certain" }, "geometry": { "type": "LineString", "coordinates": [ [ -94.5744, 31.6247 ], [ -94.4571, 31.7176 ] ] } },
{ "type": "Feature", "properties": { "faultType": "normal fault, certain" }, "geometry": { "type": "LineString", "coordinates": [ [ -104.7741, 31.6549 ], [ -104.7835, 31.6965 ] ] } },
{ "type": "Feature", "properties": { "faultType": "normal fault, certain" }, "geometry": { "type": "LineString", "coordinates": [ [ -96.571, 31.7063 ], [ -96.5142, 31.7746 ] ] } },
{ "type": "Feature", "properties": { "faultType": "normal fault, certain" }, "geometry": { "type": "LineString", "coordinates": [ [ -96.5279, 31.7908 ], [ -96.5319, 31.768 ], [ -96.571, 31.7063 ] ] } },
{ "type": "Feature", "properties": { "faultType": "normal fault, certain" }, "geometry": { "type": "LineString", "coordinates": [ [ -96.599, 31.7485 ], [ -96.6329, 31.7059 ] ] } },
{ "type": "Feature", "properties": { "faultType": "normal fault, certain" }, "geometry": { "type": "LineString", "coordinates": [ [ -104.7178, 31.6544 ], [ -104.7207, 31.672 ] ] } },
{ "type": "Feature", "properties": { "faultType": "normal fault, certain" }, "geometry": { "type": "LineString", "coordinates": [ [ -96.9646, 31.7452 ], [ -96.9869, 31.7159 ] ] } },
{ "type": "Feature", "properties": { "faultType": "normal fault, certain" }, "geometry": { "type": "LineString", "coordinates": [ [ -104.6525, 31.6559 ], [ -104.6411, 31.664 ] ] } },
{ "type": "Feature", "properties": { "faultType": "normal fault, certain" }, "geometry": { "type": "LineString", "coordinates": [ [ -104.6556, 31.679 ], [ -104.6525, 31.6559 ] ] } },
{ "type": "Feature", "properties": { "faultType": "normal fault, certain" }, "geometry": { "type": "LineString", "coordinates": [ [ -104.5649, 31.6595 ], [ -104.5504, 31.673 ] ] } },
{ "type": "Feature", "properties": { "faultType": "normal fault, certain" }, "geometry": { "type": "LineString", "coordinates": [ [ -104.5649, 31.6595 ], [ -104.5663, 31.6761 ] ] } },
{ "type": "Feature", "properties": { "faultType": "normal fault, certain" }, "geometry": { "type": "LineString", "coordinates": [ [ -104.7725, 31.6493 ], [ -104.7741, 31.6549 ] ] } },
{ "type": "Feature", "properties": { "faultType": "normal fault, certain" }, "geometry": { "type": "LineString", "coordinates": [ [ -97.1455, 31.7173 ], [ -97.1289, 31.7419 ] ] } },
{ "type": "Feature", "properties": { "faultType": "normal fault, certain" }, "geometry": { "type": "LineString", "coordinates": [ [ -104.5098, 31.6597 ], [ -104.4708, 31.6781 ] ] } },
{ "type": "Feature", "properties": { "faultType": "normal fault, certain" }, "geometry": { "type": "LineString", "coordinates": [ [ -104.5119, 31.6672 ], [ -104.5098, 31.6597 ] ] } },
{ "type": "Feature", "properties": { "faultType": "normal fault, certain" }, "geometry": { "type": "LineString", "coordinates": [ [ -104.6943, 31.6511 ], [ -104.7102, 31.6885 ] ] } },
{ "type": "Feature", "properties": { "faultType": "normal fault, certain" }, "geometry": { "type": "LineString", "coordinates": [ [ -96.5142, 31.7746 ], [ -96.5499, 31.6978 ] ] } },
{ "type": "Feature", "properties": { "faultType": "normal fault, certain" }, "geometry": { "type": "LineString", "coordinates": [ [ -104.5346, 31.668 ], [ -104.562, 31.6548 ] ] } },
{ "type": "Feature", "properties": { "faultType": "normal fault, certain" }, "geometry": { "type": "LineString", "coordinates": [ [ -106.072, 31.5901 ], [ -106.0686, 31.579 ] ] } },
{ "type": "Feature", "properties": { "faultType": "normal fault, certain" }, "geometry": { "type": "LineString", "coordinates": [ [ -96.5324, 31.6958 ], [ -96.4957, 31.7387 ] ] } },
{ "type": "Feature", "properties": { "faultType": "normal fault, certain" }, "geometry": { "type": "LineString", "coordinates": [ [ -96.5371, 31.7092 ], [ -96.5324, 31.6958 ] ] } },
{ "type": "Feature", "properties": { "faultType": "normal fault, certain" }, "geometry": { "type": "LineString", "coordinates": [ [ -106.0902, 31.6178 ], [ -106.0881, 31.5771 ] ] } },
{ "type": "Feature", "properties": { "faultType": "normal fault, certain" }, "geometry": { "type": "LineString", "coordinates": [ [ -104.6295, 31.7007 ], [ -104.6307, 31.6778 ], [ -104.6143, 31.6513 ] ] } },
{ "type": "Feature", "properties": { "faultType": "normal fault, certain" }, "geometry": { "type": "LineString", "coordinates": [ [ -104.562, 31.6548 ], [ -104.5731, 31.6512 ] ] } },
{ "type": "Feature", "properties": { "faultType": "normal fault, certain" }, "geometry": { "type": "LineString", "coordinates": [ [ -104.5731, 31.6512 ], [ -104.5649, 31.6595 ] ] } },
{ "type": "Feature", "properties": { "faultType": "normal fault, certain" }, "geometry": { "type": "LineString", "coordinates": [ [ -104.7725, 31.6493 ], [ -104.766, 31.642 ] ] } },
{ "type": "Feature", "properties": { "faultType": "normal fault, certain" }, "geometry": { "type": "LineString", "coordinates": [ [ -104.6313, 31.6461 ], [ -104.641, 31.6641 ] ] } },
{ "type": "Feature", "properties": { "faultType": "normal fault, certain" }, "geometry": { "type": "LineString", "coordinates": [ [ -104.5102, 31.6513 ], [ -104.469, 31.6721 ] ] } },
{ "type": "Feature", "properties": { "faultType": "normal fault, certain" }, "geometry": { "type": "LineString", "coordinates": [ [ -104.5098, 31.6597 ], [ -104.5102, 31.6513 ] ] } },
{ "type": "Feature", "properties": { "faultType": "normal fault, certain" }, "geometry": { "type": "LineString", "coordinates": [ [ -96.5806, 31.6917 ], [ -96.571, 31.7063 ] ] } },
{ "type": "Feature", "properties": { "faultType": "normal fault, certain" }, "geometry": { "type": "LineString", "coordinates": [ [ -95.6102, 31.6547 ], [ -95.538, 31.6664 ], [ -95.4669, 31.7108 ] ] } },
{ "type": "Feature", "properties": { "faultType": "normal fault, certain" }, "geometry": { "type": "LineString", "coordinates": [ [ -94.6057, 31.6079 ], [ -94.5811, 31.62 ] ] } },
{ "type": "Feature", "properties": { "faultType": "normal fault, certain" }, "geometry": { "type": "LineString", "coordinates": [ [ -106.192, 31.8108 ], [ -106.1957, 31.7683 ], [ -106.1787, 31.7466 ], [ -106.1781, 31.7074 ], [ -106.1538, 31.6649 ], [ -106.1606, 31.6462 ], [ -106.1494, 31.6151 ], [ -106.1503, 31.566 ] ] } },
{ "type": "Feature", "properties": { "faultType": "normal fault, certain" }, "geometry": { "type": "LineString", "coordinates": [ [ -104.6059, 31.6436 ], [ -104.5691, 31.6748 ] ] } },
{ "type": "Feature", "properties": { "faultType": "normal fault, certain" }, "geometry": { "type": "LineString", "coordinates": [ [ -104.6059, 31.6436 ], [ -104.6143, 31.6513 ] ] } },
{ "type": "Feature", "properties": { "faultType": "normal fault, certain" }, "geometry": { "type": "LineString", "coordinates": [ [ -94.2453, 31.5874 ], [ -94.207, 31.5986 ] ] } },
{ "type": "Feature", "properties": { "faultType": "normal fault, certain" }, "geometry": { "type": "LineString", "coordinates": [ [ -104.6143, 31.6513 ], [ -104.6247, 31.6422 ] ] } },
{ "type": "Feature", "properties": { "faultType": "normal fault, certain" }, "geometry": { "type": "LineString", "coordinates": [ [ -104.6247, 31.6422 ], [ -104.6313, 31.6461 ] ] } },
{ "type": "Feature", "properties": { "faultType": "normal fault, certain" }, "geometry": { "type": "LineString", "coordinates": [ [ -104.6698, 31.6402 ], [ -104.6525, 31.6559 ] ] } },
{ "type": "Feature", "properties": { "faultType": "normal fault, certain" }, "geometry": { "type": "LineString", "coordinates": [ [ -106.1349, 31.601 ], [ -106.1394, 31.5618 ] ] } },
{ "type": "Feature", "properties": { "faultType": "normal fault, certain" }, "geometry": { "type": "LineString", "coordinates": [ [ -106.0946, 31.564 ], [ -106.1038, 31.6009 ], [ -106.0944, 31.6355 ] ] } },
{ "type": "Feature", "properties": { "faultType": "normal fault, certain" }, "geometry": { "type": "LineString", "coordinates": [ [ -96.6329, 31.6846 ], [ -96.6233, 31.6938 ] ] } },
{ "type": "Feature", "properties": { "faultType": "normal fault, certain" }, "geometry": { "type": "LineString", "coordinates": [ [ -104.5087, 31.6408 ], [ -104.4621, 31.6652 ] ] } },
{ "type": "Feature", "properties": { "faultType": "normal fault, certain" }, "geometry": { "type": "LineString", "coordinates": [ [ -104.5102, 31.6513 ], [ -104.511, 31.6403 ] ] } },
{ "type": "Feature", "properties": { "faultType": "normal fault, certain" }, "geometry": { "type": "LineString", "coordinates": [ [ -104.6658, 31.6333 ], [ -104.6698, 31.6402 ] ] } },
{ "type": "Feature", "properties": { "faultType": "normal fault, certain" }, "geometry": { "type": "LineString", "coordinates": [ [ -104.7908, 31.6277 ], [ -104.7741, 31.6549 ] ] } },
{ "type": "Feature", "properties": { "faultType": "normal fault, certain" }, "geometry": { "type": "LineString", "coordinates": [ [ -96.4382, 31.675 ], [ -96.4019, 31.7285 ] ] } },
{ "type": "Feature", "properties": { "faultType": "normal fault, certain" }, "geometry": { "type": "LineString", "coordinates": [ [ -95.5275, 31.638 ], [ -95.4627, 31.655 ], [ -95.4191, 31.6964 ] ] } },
{ "type": "Feature", "properties": { "faultType": "normal fault, certain" }, "geometry": { "type": "LineString", "coordinates": [ [ -96.3431, 31.71 ], [ -96.3282, 31.6683 ] ] } },
{ "type": "Feature", "properties": { "faultType": "normal fault, certain" }, "geometry": { "type": "LineString", "coordinates": [ [ -104.5953, 31.6319 ], [ -104.6059, 31.6436 ] ] } },
{ "type": "Feature", "properties": { "faultType": "normal fault, certain" }, "geometry": { "type": "LineString", "coordinates": [ [ -96.5491, 31.6749 ], [ -96.5324, 31.6958 ] ] } },
{ "type": "Feature", "properties": { "faultType": "normal fault, certain" }, "geometry": { "type": "LineString", "coordinates": [ [ -96.5491, 31.6749 ], [ -96.5371, 31.7092 ] ] } },
{ "type": "Feature", "properties": { "faultType": "normal fault, certain" }, "geometry": { "type": "LineString", "coordinates": [ [ -104.6578, 31.6267 ], [ -104.6313, 31.6461 ] ] } },
{ "type": "Feature", "properties": { "faultType": "normal fault, certain" }, "geometry": { "type": "LineString", "coordinates": [ [ -104.6578, 31.6267 ], [ -104.6658, 31.6333 ] ] } },
{ "type": "Feature", "properties": { "faultType": "normal fault, certain" }, "geometry": { "type": "LineString", "coordinates": [ [ -105.064, 31.6223 ], [ -105.0343, 31.6094 ] ] } },
{ "type": "Feature", "properties": { "faultType": "normal fault, certain" }, "geometry": { "type": "LineString", "coordinates": [ [ -95.8894, 31.6491 ], [ -95.8601, 31.6888 ] ] } },
{ "type": "Feature", "properties": { "faultType": "normal fault, certain" }, "geometry": { "type": "LineString", "coordinates": [ [ -95.6032, 31.6373 ], [ -95.4944, 31.6771 ], [ -95.4387, 31.723 ] ] } },
{ "type": "Feature", "properties": { "faultType": "normal fault, certain" }, "geometry": { "type": "LineString", "coordinates": [ [ -96.5499, 31.6978 ], [ -96.5857, 31.6717 ] ] } },
{ "type": "Feature", "properties": { "faultType": "normal fault, certain" }, "geometry": { "type": "LineString", "coordinates": [ [ -96.5857, 31.6717 ], [ -96.5806, 31.6917 ] ] } },
{ "type": "Feature", "properties": { "faultType": "normal fault, certain" }, "geometry": { "type": "LineString", "coordinates": [ [ -96.5364, 31.6695 ], [ -96.4979, 31.7076 ] ] } },
{ "type": "Feature", "properties": { "faultType": "normal fault, certain" }, "geometry": { "type": "LineString", "coordinates": [ [ -104.5953, 31.6319 ], [ -104.6083, 31.6237 ] ] } },
{ "type": "Feature", "properties": { "faultType": "normal fault, certain" }, "geometry": { "type": "LineString", "coordinates": [ [ -104.7667, 31.6162 ], [ -104.7725, 31.6493 ] ] } },
{ "type": "Feature", "properties": { "faultType": "normal fault, certain" }, "geometry": { "type": "LineString", "coordinates": [ [ -104.7667, 31.6162 ], [ -104.7908, 31.6277 ] ] } },
{ "type": "Feature", "properties": { "faultType": "normal fault, certain" }, "geometry": { "type": "LineString", "coordinates": [ [ -95.8472, 31.6412 ], [ -95.8564, 31.6601 ] ] } },
{ "type": "Feature", "properties": { "faultType": "normal fault, certain" }, "geometry": { "type": "LineString", "coordinates": [ [ -96.6462, 31.6678 ], [ -96.6406, 31.6766 ] ] } },
{ "type": "Feature", "properties": { "faultType": "normal fault, certain" }, "geometry": { "type": "LineString", "coordinates": [ [ -96.6069, 31.6659 ], [ -96.5806, 31.6917 ] ] } },
{ "type": "Feature", "properties": { "faultType": "normal fault, certain" }, "geometry": { "type": "LineString", "coordinates": [ [ -96.5439, 31.6637 ], [ -96.5364, 31.6695 ] ] } },
{ "type": "Feature", "properties": { "faultType": "normal fault, certain" }, "geometry": { "type": "LineString", "coordinates": [ [ -104.6059, 31.6436 ], [ -104.6494, 31.6179 ] ] } },
{ "type": "Feature", "properties": { "faultType": "normal fault, certain" }, "geometry": { "type": "LineString", "coordinates": [ [ -104.6247, 31.6422 ], [ -104.6494, 31.6179 ] ] } },
{ "type": "Feature", "properties": { "faultType": "normal fault, certain" }, "geometry": { "type": "LineString", "coordinates": [ [ -104.6494, 31.6179 ], [ -104.6578, 31.6267 ] ] } },
{ "type": "Feature", "properties": { "faultType": "normal fault, certain" }, "geometry": { "type": "LineString", "coordinates": [ [ -104.7665, 31.612 ], [ -104.7667, 31.6162 ] ] } },
{ "type": "Feature", "properties": { "faultType": "normal fault, certain" }, "geometry": { "type": "LineString", "coordinates": [ [ -104.7468, 31.6104 ], [ -104.7475, 31.6188 ] ] } },
{ "type": "Feature", "properties": { "faultType": "normal fault, certain" }, "geometry": { "type": "LineString", "coordinates": [ [ -104.6912, 31.6127 ], [ -104.6658, 31.6333 ] ] } },
{ "type": "Feature", "properties": { "faultType": "normal fault, certain" }, "geometry": { "type": "LineString", "coordinates": [ [ -104.5805, 31.6172 ], [ -104.562, 31.6548 ] ] } },
{ "type": "Feature", "properties": { "faultType": "normal fault, certain" }, "geometry": { "type": "LineString", "coordinates": [ [ -104.5805, 31.6172 ], [ -104.5953, 31.6319 ] ] } },
{ "type": "Feature", "properties": { "faultType": "normal fault, certain" }, "geometry": { "type": "LineString", "coordinates": [ [ -97.1507, 31.7033 ], [ -97.1605, 31.6763 ] ] } },
{ "type": "Feature", "properties": { "faultType": "normal fault, certain" }, "geometry": { "type": "LineString", "coordinates": [ [ -96.6305, 31.6586 ], [ -96.6247, 31.6801 ] ] } },
{ "type": "Feature", "properties": { "faultType": "normal fault, certain" }, "geometry": { "type": "LineString", "coordinates": [ [ -96.5857, 31.6717 ], [ -96.5952, 31.6555 ] ] } },
{ "type": "Feature", "properties": { "faultType": "normal fault, certain" }, "geometry": { "type": "LineString", "coordinates": [ [ -104.5582, 31.6171 ], [ -104.5565, 31.6108 ] ] } },
{ "type": "Feature", "properties": { "faultType": "normal fault, certain" }, "geometry": { "type": "LineString", "coordinates": [ [ -95.5495, 31.6468 ], [ -95.6023, 31.6168 ] ] } },
{ "type": "Feature", "properties": { "faultType": "normal fault, certain" }, "geometry": { "type": "LineString", "coordinates": [ [ -104.7181, 31.6028 ], [ -104.7468, 31.6104 ] ] } },
{ "type": "Feature", "properties": { "faultType": "normal fault, certain" }, "geometry": { "type": "LineString", "coordinates": [ [ -104.5565, 31.6108 ], [ -104.5723, 31.6087 ] ] } },
{ "type": "Feature", "properties": { "faultType": "normal fault, certain" }, "geometry": { "type": "LineString", "coordinates": [ [ -104.5723, 31.6087 ], [ -104.5805, 31.6172 ] ] } },
{ "type": "Feature", "properties": { "faultType": "normal fault, certain" }, "geometry": { "type": "LineString", "coordinates": [ [ -104.5034, 31.61 ], [ -104.4531, 31.6363 ] ] } },
{ "type": "Feature", "properties": { "faultType": "normal fault, certain" }, "geometry": { "type": "LineString", "coordinates": [ [ -96.5627, 31.6497 ], [ -96.5439, 31.6637 ] ] } },
{ "type": "Feature", "properties": { "faultType": "normal fault, certain" }, "geometry": { "type": "LineString", "coordinates": [ [ -96.5627, 31.6497 ], [ -96.5491, 31.6749 ] ] } },
{ "type": "Feature", "properties": { "faultType": "normal fault, certain" }, "geometry": { "type": "LineString", "coordinates": [ [ -104.5953, 31.6319 ], [ -104.5918, 31.6049 ] ] } },
{ "type": "Feature", "properties": { "faultType": "normal fault, certain" }, "geometry": { "type": "LineString", "coordinates": [ [ -95.6023, 31.6168 ], [ -95.6079, 31.6087 ] ] } },
{ "type": "Feature", "properties": { "faultType": "normal fault, certain" }, "geometry": { "type": "LineString", "coordinates": [ [ -104.6083, 31.6237 ], [ -104.6003, 31.5986 ] ] } },
{ "type": "Feature", "properties": { "faultType": "normal fault, certain" }, "geometry": { "type": "LineString", "coordinates": [ [ -104.7947, 31.5895 ], [ -104.7909, 31.5925 ] ] } },
{ "type": "Feature", "properties": { "faultType": "normal fault, certain" }, "geometry": { "type": "LineString", "coordinates": [ [ -104.7947, 31.5895 ], [ -104.8006, 31.615 ], [ -104.7908, 31.6277 ] ] } },
{ "type": "Feature", "properties": { "faultType": "normal fault, certain" }, "geometry": { "type": "LineString", "coordinates": [ [ -96.6277, 31.6423 ], [ -96.5975, 31.6527 ] ] } },
{ "type": "Feature", "properties": { "faultType": "normal fault, certain" }, "geometry": { "type": "LineString", "coordinates": [ [ -95.6023, 31.6168 ], [ -95.7099, 31.6088 ] ] } },
{ "type": "Feature", "properties": { "faultType": "normal fault, certain" }, "geometry": { "type": "LineString", "coordinates": [ [ -106.3692, 31.7422 ], [ -106.326, 31.7206 ], [ -106.2697, 31.668 ], [ -106.2018, 31.5808 ], [ -106.168, 31.5157 ] ] } },
{ "type": "Feature", "properties": { "faultType": "normal fault, certain" }, "geometry": { "type": "LineString", "coordinates": [ [ -106.2509, 31.5973 ], [ -106.2186, 31.5554 ], [ -106.168, 31.5157 ] ] } },
{ "type": "Feature", "properties": { "faultType": "normal fault, certain" }, "geometry": { "type": "LineString", "coordinates": [ [ -104.672, 31.5904 ], [ -104.6494, 31.6179 ] ] } },
{ "type": "Feature", "properties": { "faultType": "normal fault, certain" }, "geometry": { "type": "LineString", "coordinates": [ [ -104.6784, 31.598 ], [ -104.672, 31.5904 ] ] } },
{ "type": "Feature", "properties": { "faultType": "normal fault, certain" }, "geometry": { "type": "LineString", "coordinates": [ [ -104.7667, 31.6162 ], [ -104.7847, 31.5852 ] ] } },
{ "type": "Feature", "properties": { "faultType": "normal fault, certain" }, "geometry": { "type": "LineString", "coordinates": [ [ -95.8728, 31.6594 ], [ -95.906, 31.6121 ] ] } },
{ "type": "Feature", "properties": { "faultType": "normal fault, certain" }, "geometry": { "type": "LineString", "coordinates": [ [ -95.5512, 31.5968 ], [ -95.5172, 31.6156 ] ] } },
{ "type": "Feature", "properties": { "faultType": "normal fault, certain" }, "geometry": { "type": "LineString", "coordinates": [ [ -106.168, 31.5157 ], [ -106.1688, 31.5093 ] ] } },
{ "type": "Feature", "properties": { "faultType": "normal fault, certain" }, "geometry": { "type": "LineString", "coordinates": [ [ -106.1688, 31.5093 ], [ -106.2088, 31.5417 ], [ -106.2701, 31.5648 ], [ -106.3001, 31.6329 ] ] } },
{ "type": "Feature", "properties": { "faultType": "normal fault, certain" }, "geometry": { "type": "LineString", "coordinates": [ [ -95.666, 31.5932 ], [ -95.624, 31.6036 ] ] } },
{ "type": "Feature", "properties": { "faultType": "normal fault, certain" }, "geometry": { "type": "LineString", "coordinates": [ [ -95.6079, 31.6087 ], [ -95.6207, 31.5912 ] ] } },
{ "type": "Feature", "properties": { "faultType": "normal fault, certain" }, "geometry": { "type": "LineString", "coordinates": [ [ -104.7209, 31.5938 ], [ -104.7075, 31.5766 ], [ -104.7181, 31.6028 ] ] } },
{ "type": "Feature", "properties": { "faultType": "normal fault, certain" }, "geometry": { "type": "LineString", "coordinates": [ [ -105.1231, 31.5774 ], [ -105.0727, 31.5592 ] ] } },
{ "type": "Feature", "properties": { "faultType": "normal fault, certain" }, "geometry": { "type": "LineString", "coordinates": [ [ -95.6079, 31.6087 ], [ -95.6986, 31.5931 ] ] } },
{ "type": "Feature", "properties": { "faultType": "normal fault, certain" }, "geometry": { "type": "LineString", "coordinates": [ [ -104.4303, 31.5866 ], [ -104.4056, 31.5985 ] ] } },
{ "type": "Feature", "properties": { "faultType": "normal fault, certain" }, "geometry": { "type": "LineString", "coordinates": [ [ -95.6947, 31.5912 ], [ -95.6402, 31.6035 ] ] } },
{ "type": "Feature", "properties": { "faultType": "normal fault, certain" }, "geometry": { "type": "LineString", "coordinates": [ [ -105.1381, 31.5609 ], [ -105.1049, 31.5555 ] ] } },
{ "type": "Feature", "properties": { "faultType": "normal fault, certain" }, "geometry": { "type": "LineString", "coordinates": [ [ -96.4992, 31.6457 ], [ -96.5293, 31.6216 ] ] } },
{ "type": "Feature", "properties": { "faultType": "normal fault, certain" }, "geometry": { "type": "LineString", "coordinates": [ [ -104.6555, 31.5756 ], [ -104.6083, 31.6237 ] ] } },
{ "type": "Feature", "properties": { "faultType": "normal fault, certain" }, "geometry": { "type": "LineString", "coordinates": [ [ -104.672, 31.5904 ], [ -104.6555, 31.5756 ] ] } },
{ "type": "Feature", "properties": { "faultType": "normal fault, certain" }, "geometry": { "type": "LineString", "coordinates": [ [ -104.749, 31.5713 ], [ -104.7468, 31.6104 ] ] } },
{ "type": "Feature", "properties": { "faultType": "normal fault, certain" }, "geometry": { "type": "LineString", "coordinates": [ [ -104.5961, 31.575 ], [ -104.5877, 31.5775 ] ] } },
{ "type": "Feature", "properties": { "faultType": "normal fault, certain" }, "geometry": { "type": "LineString", "coordinates": [ [ -104.5877, 31.5775 ], [ -104.5874, 31.5938 ], [ -104.5961, 31.575 ] ] } },
{ "type": "Feature", "properties": { "faultType": "normal fault, certain" }, "geometry": { "type": "LineString", "coordinates": [ [ -104.7317, 31.5659 ], [ -104.7074, 31.5748 ] ] } },
{ "type": "Feature", "properties": { "faultType": "normal fault, certain" }, "geometry": { "type": "LineString", "coordinates": [ [ -104.7391, 31.568 ], [ -104.7317, 31.5659 ] ] } },
{ "type": "Feature", "properties": { "faultType": "normal fault, certain" }, "geometry": { "type": "LineString", "coordinates": [ [ -105.0602, 31.5557 ], [ -105.0322, 31.5511 ] ] } },
{ "type": "Feature", "properties": { "faultType": "normal fault, certain" }, "geometry": { "type": "LineString", "coordinates": [ [ -104.7391, 31.568 ], [ -104.7915, 31.5727 ], [ -104.7947, 31.5895 ] ] } },
{ "type": "Feature", "properties": { "faultType": "normal fault, certain" }, "geometry": { "type": "LineString", "coordinates": [ [ -106.0745, 31.5053 ], [ -106.0725, 31.4955 ] ] } },
{ "type": "Feature", "properties": { "faultType": "normal fault, certain" }, "geometry": { "type": "LineString", "coordinates": [ [ -96.944, 31.6399 ], [ -96.9465, 31.6244 ] ] } },
{ "type": "Feature", "properties": { "faultType": "normal fault, certain" }, "geometry": { "type": "LineString", "coordinates": [ [ -96.5484, 31.612 ], [ -96.5439, 31.6637 ] ] } },
{ "type": "Feature", "properties": { "faultType": "normal fault, certain" }, "geometry": { "type": "LineString", "coordinates": [ [ -104.7317, 31.5659 ], [ -104.7239, 31.5619 ] ] } },
{ "type": "Feature", "properties": { "faultType": "normal fault, certain" }, "geometry": { "type": "LineString", "coordinates": [ [ -106.0782, 31.5022 ], [ -106.0754, 31.4925 ] ] } },
{ "type": "Feature", "properties": { "faultType": "normal fault, certain" }, "geometry": { "type": "LineString", "coordinates": [ [ -104.6132, 31.5657 ], [ -104.5961, 31.575 ] ] } },
{ "type": "Feature", "properties": { "faultType": "normal fault, certain" }, "geometry": { "type": "LineString", "coordinates": [ [ -104.4702, 31.5715 ], [ -104.4435, 31.5823 ] ] } },
{ "type": "Feature", "properties": { "faultType": "normal fault, certain" }, "geometry": { "type": "LineString", "coordinates": [ [ -104.5864, 31.5635 ], [ -104.5877, 31.5775 ] ] } },
{ "type": "Feature", "properties": { "faultType": "normal fault, certain" }, "geometry": { "type": "LineString", "coordinates": [ [ -104.4689, 31.5688 ], [ -104.4426, 31.5694 ] ] } },
{ "type": "Feature", "properties": { "faultType": "normal fault, certain" }, "geometry": { "type": "LineString", "coordinates": [ [ -104.6407, 31.5603 ], [ -104.6003, 31.5986 ] ] } },
{ "type": "Feature", "properties": { "faultType": "normal fault, certain" }, "geometry": { "type": "LineString", "coordinates": [ [ -104.6555, 31.5756 ], [ -104.6407, 31.5603 ] ] } },
{ "type": "Feature", "properties": { "faultType": "normal fault, certain" }, "geometry": { "type": "LineString", "coordinates": [ [ -95.8869, 31.5812 ], [ -95.8682, 31.6574 ] ] } },
{ "type": "Feature", "properties": { "faultType": "normal fault, certain" }, "geometry": { "type": "LineString", "coordinates": [ [ -104.6769, 31.5576 ], [ -104.6887, 31.5703 ] ] } },
{ "type": "Feature", "properties": { "faultType": "normal fault, certain" }, "geometry": { "type": "LineString", "coordinates": [ [ -96.6847, 31.6088 ], [ -96.6535, 31.6562 ] ] } },
{ "type": "Feature", "properties": { "faultType": "normal fault, certain" }, "geometry": { "type": "LineString", "coordinates": [ [ -96.5492, 31.6043 ], [ -96.5484, 31.612 ] ] } },
{ "type": "Feature", "properties": { "faultType": "normal fault, certain" }, "geometry": { "type": "LineString", "coordinates": [ [ -104.5723, 31.6087 ], [ -104.5568, 31.5621 ] ] } },
{ "type": "Feature", "properties": { "faultType": "normal fault, certain" }, "geometry": { "type": "LineString", "coordinates": [ [ -95.5543, 31.5655 ], [ -95.5125, 31.5862 ] ] } },
{ "type": "Feature", "properties": { "faultType": "normal fault, certain" }, "geometry": { "type": "LineString", "coordinates": [ [ -104.5565, 31.6108 ], [ -104.5496, 31.5601 ] ] } },
{ "type": "Feature", "properties": { "faultType": "normal fault, certain" }, "geometry": { "type": "LineString", "coordinates": [ [ -104.6724, 31.5529 ], [ -104.6769, 31.5576 ] ] } },
{ "type": "Feature", "properties": { "faultType": "normal fault, certain" }, "geometry": { "type": "LineString", "coordinates": [ [ -104.6499, 31.5517 ], [ -104.6407, 31.5603 ] ] } },
{ "type": "Feature", "properties": { "faultType": "normal fault, certain" }, "geometry": { "type": "LineString", "coordinates": [ [ -104.6499, 31.5517 ], [ -104.6724, 31.5529 ] ] } },
{ "type": "Feature", "properties": { "faultType": "normal fault, certain" }, "geometry": { "type": "LineString", "coordinates": [ [ -104.6385, 31.5513 ], [ -104.6499, 31.5517 ] ] } },
{ "type": "Feature", "properties": { "faultType": "normal fault, certain" }, "geometry": { "type": "LineString", "coordinates": [ [ -96.5392, 31.5945 ], [ -96.5364, 31.6695 ] ] } },
{ "type": "Feature", "properties": { "faultType": "normal fault, certain" }, "geometry": { "type": "LineString", "coordinates": [ [ -96.5351, 31.5908 ], [ -96.5136, 31.6712 ] ] } },
{ "type": "Feature", "properties": { "faultType": "normal fault, certain" }, "geometry": { "type": "LineString", "coordinates": [ [ -104.7462, 31.5567 ], [ -104.711, 31.5392 ] ] } },
{ "type": "Feature", "properties": { "faultType": "normal fault, certain" }, "geometry": { "type": "LineString", "coordinates": [ [ -104.6959, 31.5434 ], [ -104.677, 31.5407 ] ] } },
{ "type": "Feature", "properties": { "faultType": "normal fault, certain" }, "geometry": { "type": "LineString", "coordinates": [ [ -96.5728, 31.5882 ], [ -96.5484, 31.612 ] ] } },
{ "type": "Feature", "properties": { "faultType": "normal fault, certain" }, "geometry": { "type": "LineString", "coordinates": [ [ -96.5728, 31.5882 ], [ -96.5627, 31.6497 ] ] } },
{ "type": "Feature", "properties": { "faultType": "normal fault, certain" }, "geometry": { "type": "LineString", "coordinates": [ [ -104.711, 31.5392 ], [ -104.6959, 31.5434 ] ] } },
{ "type": "Feature", "properties": { "faultType": "normal fault, certain" }, "geometry": { "type": "LineString", "coordinates": [ [ -95.6875, 31.5555 ], [ -95.6517, 31.5693 ] ] } },
{ "type": "Feature", "properties": { "faultType": "normal fault, certain" }, "geometry": { "type": "LineString", "coordinates": [ [ -95.6454, 31.553 ], [ -95.5843, 31.5594 ], [ -95.5173, 31.6089 ] ] } },
{ "type": "Feature", "properties": { "faultType": "normal fault, certain" }, "geometry": { "type": "LineString", "coordinates": [ [ -104.6672, 31.5386 ], [ -104.6775, 31.5541 ] ] } },
{ "type": "Feature", "properties": { "faultType": "normal fault, certain" }, "geometry": { "type": "LineString", "coordinates": [ [ -104.677, 31.5407 ], [ -104.6672, 31.5386 ] ] } },
{ "type": "Feature", "properties": { "faultType": "normal fault, certain" }, "geometry": { "type": "LineString", "coordinates": [ [ -106.043, 31.4773 ], [ -106.0405, 31.4673 ] ] } },
{ "type": "Feature", "properties": { "faultType": "normal fault, certain" }, "geometry": { "type": "LineString", "coordinates": [ [ -104.711, 31.5392 ], [ -104.7028, 31.5329 ] ] } },
{ "type": "Feature", "properties": { "faultType": "normal fault, certain" }, "geometry": { "type": "LineString", "coordinates": [ [ -96.5812, 31.5795 ], [ -96.5728, 31.5882 ] ] } },
{ "type": "Feature", "properties": { "faultType": "normal fault, certain" }, "geometry": { "type": "LineString", "coordinates": [ [ -95.6564, 31.5448 ], [ -95.5841, 31.5389 ], [ -95.5259, 31.5514 ] ] } },
{ "type": "Feature", "properties": { "faultType": "normal fault, certain" }, "geometry": { "type": "LineString", "coordinates": [ [ -106.117, 31.4538 ], [ -106.1688, 31.5093 ] ] } },
{ "type": "Feature", "properties": { "faultType": "normal fault, certain" }, "geometry": { "type": "LineString", "coordinates": [ [ -96.5863, 31.5742 ], [ -96.5812, 31.5795 ] ] } },
{ "type": "Feature", "properties": { "faultType": "normal fault, certain" }, "geometry": { "type": "LineString", "coordinates": [ [ -104.5482, 31.555 ], [ -104.5495, 31.5308 ] ] } },
{ "type": "Feature", "properties": { "faultType": "normal fault, certain" }, "geometry": { "type": "LineString", "coordinates": [ [ -106.0538, 31.4527 ], [ -106.074, 31.4749 ] ] } },
{ "type": "Feature", "properties": { "faultType": "normal fault, certain" }, "geometry": { "type": "LineString", "coordinates": [ [ -96.5789, 31.5701 ], [ -96.5671, 31.5852 ] ] } },
{ "type": "Feature", "properties": { "faultType": "normal fault, certain" }, "geometry": { "type": "LineString", "coordinates": [ [ -96.5789, 31.5701 ], [ -96.5812, 31.5795 ] ] } },
{ "type": "Feature", "properties": { "faultType": "normal fault, certain" }, "geometry": { "type": "LineString", "coordinates": [ [ -104.6429, 31.5194 ], [ -104.6724, 31.5529 ] ] } },
{ "type": "Feature", "properties": { "faultType": "normal fault, certain" }, "geometry": { "type": "LineString", "coordinates": [ [ -96.0539, 31.5566 ], [ -96.0667, 31.5449 ] ] } },
{ "type": "Feature", "properties": { "faultType": "normal fault, certain" }, "geometry": { "type": "LineString", "coordinates": [ [ -104.9401, 31.5064 ], [ -104.9148, 31.501 ] ] } },
{ "type": "Feature", "properties": { "faultType": "normal fault, certain" }, "geometry": { "type": "LineString", "coordinates": [ [ -104.6568, 31.5117 ], [ -104.6507, 31.5196 ], [ -104.6672, 31.5386 ] ] } },
{ "type": "Feature", "properties": { "faultType": "normal fault, certain" }, "geometry": { "type": "LineString", "coordinates": [ [ -104.677, 31.5407 ], [ -104.6568, 31.5117 ] ] } },
{ "type": "Feature", "properties": { "faultType": "normal fault, certain" }, "geometry": { "type": "LineString", "coordinates": [ [ -104.6382, 31.5109 ], [ -104.6429, 31.5194 ] ] } },
{ "type": "Feature", "properties": { "faultType": "normal fault, certain" }, "geometry": { "type": "LineString", "coordinates": [ [ -104.6381, 31.5107 ], [ -104.6382, 31.5109 ] ] } },
{ "type": "Feature", "properties": { "faultType": "normal fault, certain" }, "geometry": { "type": "LineString", "coordinates": [ [ -95.9596, 31.5348 ], [ -95.9517, 31.537 ] ] } },
{ "type": "Feature", "properties": { "faultType": "normal fault, certain" }, "geometry": { "type": "LineString", "coordinates": [ [ -95.9616, 31.544 ], [ -95.9596, 31.5348 ] ] } },
{ "type": "Feature", "properties": { "faultType": "normal fault, certain" }, "geometry": { "type": "LineString", "coordinates": [ [ -95.9635, 31.5336 ], [ -95.9596, 31.5348 ] ] } },
{ "type": "Feature", "properties": { "faultType": "normal fault, certain" }, "geometry": { "type": "LineString", "coordinates": [ [ -104.6181, 31.5257 ], [ -104.6272, 31.5078 ] ] } },
{ "type": "Feature", "properties": { "faultType": "normal fault, certain" }, "geometry": { "type": "LineString", "coordinates": [ [ -104.6429, 31.5194 ], [ -104.6272, 31.5078 ] ] } },
{ "type": "Feature", "properties": { "faultType": "normal fault, certain" }, "geometry": { "type": "LineString", "coordinates": [ [ -96.9329, 31.6315 ], [ -96.9517, 31.5644 ] ] } },
{ "type": "Feature", "properties": { "faultType": "normal fault, certain" }, "geometry": { "type": "LineString", "coordinates": [ [ -106.1281, 31.431 ], [ -106.1849, 31.4916 ], [ -106.2028, 31.4976 ], [ -106.2131, 31.5244 ], [ -106.2723, 31.5622 ], [ -106.2953, 31.6227 ] ] } },
{ "type": "Feature", "properties": { "faultType": "normal fault, certain" }, "geometry": { "type": "LineString", "coordinates": [ [ -104.632, 31.5053 ], [ -104.6382, 31.5109 ] ] } },
{ "type": "Feature", "properties": { "faultType": "normal fault, certain" }, "geometry": { "type": "LineString", "coordinates": [ [ -104.7473, 31.4992 ], [ -104.7606, 31.5341 ] ] } },
{ "type": "Feature", "properties": { "faultType": "normal fault, certain" }, "geometry": { "type": "LineString", "coordinates": [ [ -96.6349, 31.5521 ], [ -96.6188, 31.589 ] ] } },
{ "type": "Feature", "properties": { "faultType": "normal fault, certain" }, "geometry": { "type": "LineString", "coordinates": [ [ -104.6617, 31.5022 ], [ -104.6568, 31.5117 ] ] } },
{ "type": "Feature", "properties": { "faultType": "normal fault, certain" }, "geometry": { "type": "LineString", "coordinates": [ [ -104.6272, 31.5078 ], [ -104.6299, 31.5035 ] ] } },
{ "type": "Feature", "properties": { "faultType": "normal fault, certain" }, "geometry": { "type": "LineString", "coordinates": [ [ -104.6617, 31.5022 ], [ -104.6299, 31.5035 ] ] } },
{ "type": "Feature", "properties": { "faultType": "normal fault, certain" }, "geometry": { "type": "LineString", "coordinates": [ [ -104.59, 31.5033 ], [ -104.5897, 31.5121 ] ] } },
{ "type": "Feature", "properties": { "faultType": "normal fault, certain" }, "geometry": { "type": "LineString", "coordinates": [ [ -104.6299, 31.5035 ], [ -104.59, 31.5033 ] ] } },
{ "type": "Feature", "properties": { "faultType": "normal fault, certain" }, "geometry": { "type": "LineString", "coordinates": [ [ -93.8002, 31.42 ], [ -93.8241, 31.4547 ] ] } },
{ "type": "Feature", "properties": { "faultType": "normal fault, certain" }, "geometry": { "type": "LineString", "coordinates": [ [ -104.5895, 31.5 ], [ -104.5409, 31.5037 ] ] } },
{ "type": "Feature", "properties": { "faultType": "normal fault, certain" }, "geometry": { "type": "LineString", "coordinates": [ [ -104.5895, 31.5 ], [ -104.59, 31.5033 ] ] } },
{ "type": "Feature", "properties": { "faultType": "normal fault, certain" }, "geometry": { "type": "LineString", "coordinates": [ [ -104.6691, 31.4964 ], [ -104.6959, 31.5434 ] ] } },
{ "type": "Feature", "properties": { "faultType": "normal fault, certain" }, "geometry": { "type": "LineString", "coordinates": [ [ -96.5978, 31.5432 ], [ -96.5789, 31.5701 ] ] } },
{ "type": "Feature", "properties": { "faultType": "normal fault, certain" }, "geometry": { "type": "LineString", "coordinates": [ [ -105.6356, 31.4477 ], [ -105.7214, 31.4536 ] ] } },
{ "type": "Feature", "properties": { "faultType": "normal fault, certain" }, "geometry": { "type": "LineString", "coordinates": [ [ -93.7221, 31.4104 ], [ -93.7165, 31.4153 ] ] } },
{ "type": "Feature", "properties": { "faultType": "normal fault, certain" }, "geometry": { "type": "LineString", "coordinates": [ [ -104.6769, 31.4928 ], [ -104.6691, 31.4964 ] ] } },
{ "type": "Feature", "properties": { "faultType": "normal fault, certain" }, "geometry": { "type": "LineString", "coordinates": [ [ -104.686, 31.5041 ], [ -104.6769, 31.4928 ] ] } },
{ "type": "Feature", "properties": { "faultType": "normal fault, certain" }, "geometry": { "type": "LineString", "coordinates": [ [ -96.6967, 31.5444 ], [ -96.6606, 31.594 ] ] } },
{ "type": "Feature", "properties": { "faultType": "normal fault, certain" }, "geometry": { "type": "LineString", "coordinates": [ [ -104.9359, 31.4966 ], [ -104.9153, 31.4816 ] ] } },
{ "type": "Feature", "properties": { "faultType": "normal fault, certain" }, "geometry": { "type": "LineString", "coordinates": [ [ -93.7298, 31.4138 ], [ -93.7625, 31.4107 ] ] } },
{ "type": "Feature", "properties": { "faultType": "normal fault, certain" }, "geometry": { "type": "LineString", "coordinates": [ [ -104.9755, 31.4846 ], [ -104.9521, 31.4767 ] ] } },
{ "type": "Feature", "properties": { "faultType": "normal fault, certain" }, "geometry": { "type": "LineString", "coordinates": [ [ -104.8805, 31.4794 ], [ -104.8923, 31.4909 ] ] } },
{ "type": "Feature", "properties": { "faultType": "normal fault, certain" }, "geometry": { "type": "LineString", "coordinates": [ [ -93.7039, 31.4114 ], [ -93.724, 31.4058 ] ] } },
{ "type": "Feature", "properties": { "faultType": "normal fault, certain" }, "geometry": { "type": "LineString", "coordinates": [ [ -93.724, 31.4058 ], [ -93.7221, 31.4104 ] ] } },
{ "type": "Feature", "properties": { "faultType": "normal fault, certain" }, "geometry": { "type": "LineString", "coordinates": [ [ -96.5798, 31.5338 ], [ -96.5555, 31.5843 ] ] } },
{ "type": "Feature", "properties": { "faultType": "normal fault, certain" }, "geometry": { "type": "LineString", "coordinates": [ [ -93.7748, 31.409 ], [ -93.7917, 31.4064 ] ] } },
{ "type": "Feature", "properties": { "faultType": "normal fault, certain" }, "geometry": { "type": "LineString", "coordinates": [ [ -104.8805, 31.4794 ], [ -104.8701, 31.4788 ], [ -104.8756, 31.4748 ] ] } },
{ "type": "Feature", "properties": { "faultType": "normal fault, certain" }, "geometry": { "type": "LineString", "coordinates": [ [ -104.8756, 31.4748 ], [ -104.8805, 31.4794 ] ] } },
{ "type": "Feature", "properties": { "faultType": "normal fault, certain" }, "geometry": { "type": "LineString", "coordinates": [ [ -104.659, 31.4838 ], [ -104.6617, 31.5022 ] ] } },
{ "type": "Feature", "properties": { "faultType": "normal fault, certain" }, "geometry": { "type": "LineString", "coordinates": [ [ -104.659, 31.4838 ], [ -104.6691, 31.4964 ] ] } },
{ "type": "Feature", "properties": { "faultType": "normal fault, certain" }, "geometry": { "type": "LineString", "coordinates": [ [ -104.4441, 31.492 ], [ -104.4109, 31.5023 ] ] } },
{ "type": "Feature", "properties": { "faultType": "normal fault, certain" }, "geometry": { "type": "LineString", "coordinates": [ [ -96.5957, 31.6525 ], [ -96.671, 31.5314 ] ] } },
{ "type": "Feature", "properties": { "faultType": "normal fault, certain" }, "geometry": { "type": "LineString", "coordinates": [ [ -93.7221, 31.4104 ], [ -93.7743, 31.4007 ] ] } },
{ "type": "Feature", "properties": { "faultType": "normal fault, certain" }, "geometry": { "type": "LineString", "coordinates": [ [ -97.2026, 31.557 ], [ -97.2062, 31.5466 ] ] } },
{ "type": "Feature", "properties": { "faultType": "normal fault, certain" }, "geometry": { "type": "LineString", "coordinates": [ [ -104.8698, 31.4711 ], [ -104.8756, 31.4748 ] ] } },
{ "type": "Feature", "properties": { "faultType": "normal fault, certain" }, "geometry": { "type": "LineString", "coordinates": [ [ -104.5903, 31.4828 ], [ -104.5895, 31.5 ] ] } },
{ "type": "Feature", "properties": { "faultType": "normal fault, certain" }, "geometry": { "type": "LineString", "coordinates": [ [ -104.5949, 31.4847 ], [ -104.5903, 31.4828 ] ] } },
{ "type": "Feature", "properties": { "faultType": "normal fault, certain" }, "geometry": { "type": "LineString", "coordinates": [ [ -93.7092, 31.3999 ], [ -93.7339, 31.3968 ] ] } },
{ "type": "Feature", "properties": { "faultType": "normal fault, certain" }, "geometry": { "type": "LineString", "coordinates": [ [ -93.7339, 31.3968 ], [ -93.724, 31.4058 ] ] } },
{ "type": "Feature", "properties": { "faultType": "normal fault, certain" }, "geometry": { "type": "LineString", "coordinates": [ [ -106.117, 31.4538 ], [ -106.0778, 31.4088 ], [ -106.0641, 31.4102 ] ] } },
{ "type": "Feature", "properties": { "faultType": "normal fault, certain" }, "geometry": { "type": "LineString", "coordinates": [ [ -104.9549, 31.4657 ], [ -104.9813, 31.473 ] ] } },
{ "type": "Feature", "properties": { "faultType": "normal fault, certain" }, "geometry": { "type": "LineString", "coordinates": [ [ -96.6541, 31.5282 ], [ -96.6349, 31.5521 ] ] } },
{ "type": "Feature", "properties": { "faultType": "normal fault, certain" }, "geometry": { "type": "LineString", "coordinates": [ [ -104.6653, 31.4783 ], [ -104.659, 31.4838 ] ] } },
{ "type": "Feature", "properties": { "faultType": "normal fault, certain" }, "geometry": { "type": "LineString", "coordinates": [ [ -104.6769, 31.4928 ], [ -104.6653, 31.4783 ] ] } },
{ "type": "Feature", "properties": { "faultType": "normal fault, certain" }, "geometry": { "type": "LineString", "coordinates": [ [ -104.5904, 31.4813 ], [ -104.5903, 31.4828 ] ] } },
{ "type": "Feature", "properties": { "faultType": "normal fault, certain" }, "geometry": { "type": "LineString", "coordinates": [ [ -93.8124, 31.4034 ], [ -93.8392, 31.401 ] ] } },
{ "type": "Feature", "properties": { "faultType": "normal fault, certain" }, "geometry": { "type": "LineString", "coordinates": [ [ -104.5903, 31.4828 ], [ -104.5853, 31.4807 ] ] } },
{ "type": "Feature", "properties": { "faultType": "normal fault, certain" }, "geometry": { "type": "LineString", "coordinates": [ [ -96.9686, 31.5352 ], [ -96.9625, 31.546 ] ] } },
{ "type": "Feature", "properties": { "faultType": "normal fault, certain" }, "geometry": { "type": "LineString", "coordinates": [ [ -93.8053, 31.3956 ], [ -93.7841, 31.3978 ] ] } },
{ "type": "Feature", "properties": { "faultType": "normal fault, certain" }, "geometry": { "type": "LineString", "coordinates": [ [ -104.8923, 31.4909 ], [ -104.8705, 31.4635 ] ] } },
{ "type": "Feature", "properties": { "faultType": "normal fault, certain" }, "geometry": { "type": "LineString", "coordinates": [ [ -93.7185, 31.391 ], [ -93.7421, 31.388 ] ] } },
{ "type": "Feature", "properties": { "faultType": "normal fault, certain" }, "geometry": { "type": "LineString", "coordinates": [ [ -93.7421, 31.388 ], [ -93.7339, 31.3968 ] ] } },
{ "type": "Feature", "properties": { "faultType": "normal fault, certain" }, "geometry": { "type": "LineString", "coordinates": [ [ -96.5967, 31.5161 ], [ -96.5798, 31.5338 ] ] } },
{ "type": "Feature", "properties": { "faultType": "normal fault, certain" }, "geometry": { "type": "LineString", "coordinates": [ [ -97.4075, 31.5622 ], [ -97.4117, 31.5389 ] ] } },
{ "type": "Feature", "properties": { "faultType": "normal fault, certain" }, "geometry": { "type": "LineString", "coordinates": [ [ -96.6531, 31.5159 ], [ -96.6349, 31.5521 ] ] } },
{ "type": "Feature", "properties": { "faultType": "normal fault, certain" }, "geometry": { "type": "LineString", "coordinates": [ [ -104.8749, 31.4551 ], [ -104.9363, 31.5025 ] ] } },
{ "type": "Feature", "properties": { "faultType": "normal fault, certain" }, "geometry": { "type": "LineString", "coordinates": [ [ -104.5853, 31.4807 ], [ -104.5694, 31.4688 ] ] } },
{ "type": "Feature", "properties": { "faultType": "normal fault, certain" }, "geometry": { "type": "LineString", "coordinates": [ [ -99.1722, 31.562 ], [ -99.16, 31.58 ] ] } },
{ "type": "Feature", "properties": { "faultType": "normal fault, certain" }, "geometry": { "type": "LineString", "coordinates": [ [ -104.7073, 31.4578 ], [ -104.7258, 31.482 ] ] } },
{ "type": "Feature", "properties": { "faultType": "normal fault, certain" }, "geometry": { "type": "LineString", "coordinates": [ [ -105.9939, 31.3907 ], [ -106.0743, 31.4189 ], [ -106.117, 31.4538 ] ] } },
{ "type": "Feature", "properties": { "faultType": "normal fault, certain" }, "geometry": { "type": "LineString", "coordinates": [ [ -96.6079, 31.5045 ], [ -96.5967, 31.5161 ] ] } },
{ "type": "Feature", "properties": { "faultType": "normal fault, certain" }, "geometry": { "type": "LineString", "coordinates": [ [ -93.7566, 31.3747 ], [ -93.7421, 31.388 ] ] } },
{ "type": "Feature", "properties": { "faultType": "normal fault, certain" }, "geometry": { "type": "LineString", "coordinates": [ [ -104.6458, 31.4558 ], [ -104.659, 31.4838 ] ] } },
{ "type": "Feature", "properties": { "faultType": "normal fault, certain" }, "geometry": { "type": "LineString", "coordinates": [ [ -104.4105, 31.464 ], [ -104.4061, 31.4648 ] ] } },
{ "type": "Feature", "properties": { "faultType": "normal fault, certain" }, "geometry": { "type": "LineString", "coordinates": [ [ -104.6541, 31.4537 ], [ -104.672, 31.4641 ] ] } },
{ "type": "Feature", "properties": { "faultType": "normal fault, certain" }, "geometry": { "type": "LineString", "coordinates": [ [ -104.677, 31.4512 ], [ -104.6653, 31.4783 ] ] } },
{ "type": "Feature", "properties": { "faultType": "normal fault, certain" }, "geometry": { "type": "LineString", "coordinates": [ [ -104.4337, 31.4613 ], [ -104.4105, 31.464 ] ] } },
{ "type": "Feature", "properties": { "faultType": "normal fault, certain" }, "geometry": { "type": "LineString", "coordinates": [ [ -104.4373, 31.4559 ], [ -104.4062, 31.4604 ] ] } },
{ "type": "Feature", "properties": { "faultType": "normal fault, certain" }, "geometry": { "type": "LineString", "coordinates": [ [ -97.2164, 31.5364 ], [ -97.2173, 31.512 ] ] } },
{ "type": "Feature", "properties": { "faultType": "normal fault, certain" }, "geometry": { "type": "LineString", "coordinates": [ [ -104.6541, 31.4537 ], [ -104.6517, 31.4464 ] ] } },
{ "type": "Feature", "properties": { "faultType": "normal fault, certain" }, "geometry": { "type": "LineString", "coordinates": [ [ -105.8663, 31.3883 ], [ -105.8606, 31.3844 ] ] } },
{ "type": "Feature", "properties": { "faultType": "normal fault, certain" }, "geometry": { "type": "LineString", "coordinates": [ [ -105.8861, 31.382 ], [ -105.9113, 31.3912 ] ] } },
{ "type": "Feature", "properties": { "faultType": "normal fault, certain" }, "geometry": { "type": "LineString", "coordinates": [ [ -105.8512, 31.387 ], [ -105.8494, 31.3805 ] ] } },
{ "type": "Feature", "properties": { "faultType": "normal fault, certain" }, "geometry": { "type": "LineString", "coordinates": [ [ -104.9061, 31.4543 ], [ -104.8767, 31.4276 ] ] } },
{ "type": "Feature", "properties": { "faultType": "normal fault, certain" }, "geometry": { "type": "LineString", "coordinates": [ [ -104.6124, 31.4601 ], [ -104.6134, 31.4388 ] ] } },
{ "type": "Feature", "properties": { "faultType": "normal fault, certain" }, "geometry": { "type": "LineString", "coordinates": [ [ -104.992, 31.4417 ], [ -104.9407, 31.422 ] ] } },
{ "type": "Feature", "properties": { "faultType": "normal fault, certain" }, "geometry": { "type": "LineString", "coordinates": [ [ -104.6318, 31.4358 ], [ -104.6541, 31.4537 ] ] } },
{ "type": "Feature", "properties": { "faultType": "normal fault, certain" }, "geometry": { "type": "LineString", "coordinates": [ [ -97.2367, 31.5224 ], [ -97.2377, 31.5005 ] ] } },
{ "type": "Feature", "properties": { "faultType": "normal fault, certain" }, "geometry": { "type": "LineString", "coordinates": [ [ -104.6258, 31.4329 ], [ -104.6318, 31.4358 ] ] } },
{ "type": "Feature", "properties": { "faultType": "normal fault, certain" }, "geometry": { "type": "LineString", "coordinates": [ [ -96.626, 31.4799 ], [ -96.6079, 31.5045 ] ] } },
{ "type": "Feature", "properties": { "faultType": "normal fault, certain" }, "geometry": { "type": "LineString", "coordinates": [ [ -104.6134, 31.4388 ], [ -104.6174, 31.4312 ] ] } },
{ "type": "Feature", "properties": { "faultType": "normal fault, certain" }, "geometry": { "type": "LineString", "coordinates": [ [ -104.6174, 31.4312 ], [ -104.6258, 31.4329 ] ] } },
{ "type": "Feature", "properties": { "faultType": "normal fault, certain" }, "geometry": { "type": "LineString", "coordinates": [ [ -104.8922, 31.4255 ], [ -104.8755, 31.4163 ] ] } },
{ "type": "Feature", "properties": { "faultType": "normal fault, certain" }, "geometry": { "type": "LineString", "coordinates": [ [ -105.0571, 31.4402 ], [ -105.0005, 31.4095 ] ] } },
{ "type": "Feature", "properties": { "faultType": "normal fault, certain" }, "geometry": { "type": "LineString", "coordinates": [ [ -104.9378, 31.4166 ], [ -104.9173, 31.407 ] ] } },
{ "type": "Feature", "properties": { "faultType": "normal fault, certain" }, "geometry": { "type": "LineString", "coordinates": [ [ -104.6318, 31.4358 ], [ -104.6237, 31.4202 ] ] } },
{ "type": "Feature", "properties": { "faultType": "normal fault, certain" }, "geometry": { "type": "LineString", "coordinates": [ [ -105.0005, 31.4095 ], [ -104.9892, 31.4017 ] ] } },
{ "type": "Feature", "properties": { "faultType": "normal fault, certain" }, "geometry": { "type": "LineString", "coordinates": [ [ -105.0802, 31.4325 ], [ -105.0206, 31.4002 ] ] } },
{ "type": "Feature", "properties": { "faultType": "normal fault, certain" }, "geometry": { "type": "LineString", "coordinates": [ [ -104.6174, 31.4312 ], [ -104.6162, 31.4169 ] ] } },
{ "type": "Feature", "properties": { "faultType": "normal fault, certain" }, "geometry": { "type": "LineString", "coordinates": [ [ -104.6162, 31.4169 ], [ -104.6258, 31.4329 ] ] } },
{ "type": "Feature", "properties": { "faultType": "normal fault, certain" }, "geometry": { "type": "LineString", "coordinates": [ [ -93.737, 31.3313 ], [ -93.6911, 31.3498 ] ] } },
{ "type": "Feature", "properties": { "faultType": "normal fault, certain" }, "geometry": { "type": "LineString", "coordinates": [ [ -105.0104, 31.4009 ], [ -105.0005, 31.3967 ] ] } },
{ "type": "Feature", "properties": { "faultType": "normal fault, certain" }, "geometry": { "type": "LineString", "coordinates": [ [ -104.4676, 31.4175 ], [ -104.4417, 31.4187 ] ] } },
{ "type": "Feature", "properties": { "faultType": "normal fault, certain" }, "geometry": { "type": "LineString", "coordinates": [ [ -105.0005, 31.3967 ], [ -104.9933, 31.3937 ] ] } },
{ "type": "Feature", "properties": { "faultType": "normal fault, certain" }, "geometry": { "type": "LineString", "coordinates": [ [ -105.0029, 31.3928 ], [ -105.0157, 31.3973 ] ] } },
{ "type": "Feature", "properties": { "faultType": "normal fault, certain" }, "geometry": { "type": "LineString", "coordinates": [ [ -104.5474, 31.4453 ], [ -104.5457, 31.4114 ] ] } },
{ "type": "Feature", "properties": { "faultType": "normal fault, certain" }, "geometry": { "type": "LineString", "coordinates": [ [ -99.1964, 31.5191 ], [ -99.203, 31.5055 ] ] } },
{ "type": "Feature", "properties": { "faultType": "normal fault, certain" }, "geometry": { "type": "LineString", "coordinates": [ [ -104.5137, 31.4156 ], [ -104.5596, 31.41 ] ] } },
{ "type": "Feature", "properties": { "faultType": "normal fault, certain" }, "geometry": { "type": "LineString", "coordinates": [ [ -104.5596, 31.41 ], [ -104.5823, 31.4471 ], [ -104.5853, 31.4807 ] ] } },
{ "type": "Feature", "properties": { "faultType": "normal fault, certain" }, "geometry": { "type": "LineString", "coordinates": [ [ -93.735, 31.3212 ], [ -93.696, 31.3378 ] ] } },
{ "type": "Feature", "properties": { "faultType": "normal fault, certain" }, "geometry": { "type": "LineString", "coordinates": [ [ -104.5545, 31.406 ], [ -104.5596, 31.41 ] ] } },
{ "type": "Feature", "properties": { "faultType": "normal fault, certain" }, "geometry": { "type": "LineString", "coordinates": [ [ -99.1941, 31.5161 ], [ -99.2032, 31.4994 ] ] } },
{ "type": "Feature", "properties": { "faultType": "normal fault, certain" }, "geometry": { "type": "LineString", "coordinates": [ [ -104.6134, 31.4388 ], [ -104.6012, 31.402 ] ] } },
{ "type": "Feature", "properties": { "faultType": "normal fault, certain" }, "geometry": { "type": "LineString", "coordinates": [ [ -105.6121, 31.3552 ], [ -105.6048, 31.3525 ] ] } },
{ "type": "Feature", "properties": { "faultType": "normal fault, certain" }, "geometry": { "type": "LineString", "coordinates": [ [ -96.6039, 31.4455 ], [ -96.5798, 31.5338 ] ] } },
{ "type": "Feature", "properties": { "faultType": "normal fault, certain" }, "geometry": { "type": "LineString", "coordinates": [ [ -96.6039, 31.4455 ], [ -96.5967, 31.5161 ] ] } },
{ "type": "Feature", "properties": { "faultType": "normal fault, certain" }, "geometry": { "type": "LineString", "coordinates": [ [ -99.2337, 31.4976 ], [ -99.2041, 31.4968 ] ] } },
{ "type": "Feature", "properties": { "faultType": "normal fault, certain" }, "geometry": { "type": "LineString", "coordinates": [ [ -105.6048, 31.3525 ], [ -105.5986, 31.3503 ] ] } },
{ "type": "Feature", "properties": { "faultType": "normal fault, certain" }, "geometry": { "type": "LineString", "coordinates": [ [ -104.5486, 31.399 ], [ -104.5545, 31.406 ] ] } },
{ "type": "Feature", "properties": { "faultType": "normal fault, certain" }, "geometry": { "type": "LineString", "coordinates": [ [ -96.616, 31.4413 ], [ -96.6079, 31.5045 ] ] } },
{ "type": "Feature", "properties": { "faultType": "normal fault, certain" }, "geometry": { "type": "LineString", "coordinates": [ [ -105.6048, 31.3525 ], [ -105.6097, 31.3462 ] ] } },
{ "type": "Feature", "properties": { "faultType": "normal fault, certain" }, "geometry": { "type": "LineString", "coordinates": [ [ -105.6231, 31.3502 ], [ -105.6097, 31.3462 ] ] } },
{ "type": "Feature", "properties": { "faultType": "normal fault, certain" }, "geometry": { "type": "LineString", "coordinates": [ [ -105.6097, 31.3462 ], [ -105.6015, 31.3446 ] ] } },
{ "type": "Feature", "properties": { "faultType": "normal fault, certain" }, "geometry": { "type": "LineString", "coordinates": [ [ -105.5724, 31.3902 ], [ -105.5802, 31.3449 ] ] } },
{ "type": "Feature", "properties": { "faultType": "normal fault, certain" }, "geometry": { "type": "LineString", "coordinates": [ [ -105.6015, 31.3446 ], [ -105.5802, 31.3449 ] ] } },
{ "type": "Feature", "properties": { "faultType": "normal fault, certain" }, "geometry": { "type": "LineString", "coordinates": [ [ -104.6048, 31.3903 ], [ -104.6162, 31.4169 ] ] } },
{ "type": "Feature", "properties": { "faultType": "normal fault, certain" }, "geometry": { "type": "LineString", "coordinates": [ [ -104.9842, 31.3887 ], [ -104.9394, 31.3734 ] ] } },
{ "type": "Feature", "properties": { "faultType": "normal fault, certain" }, "geometry": { "type": "LineString", "coordinates": [ [ -105.6015, 31.3446 ], [ -105.5861, 31.3346 ] ] } },
{ "type": "Feature", "properties": { "faultType": "normal fault, certain" }, "geometry": { "type": "LineString", "coordinates": [ [ -104.9802, 31.3966 ], [ -104.8977, 31.365 ] ] } },
{ "type": "Feature", "properties": { "faultType": "normal fault, certain" }, "geometry": { "type": "LineString", "coordinates": [ [ -105.5802, 31.3449 ], [ -105.5241, 31.3319 ] ] } },
{ "type": "Feature", "properties": { "faultType": "normal fault, certain" }, "geometry": { "type": "LineString", "coordinates": [ [ -96.9388, 31.4547 ], [ -96.9779, 31.4308 ] ] } },
{ "type": "Feature", "properties": { "faultType": "normal fault, certain" }, "geometry": { "type": "LineString", "coordinates": [ [ -104.4563, 31.4068 ], [ -104.4797, 31.4062 ], [ -104.5579, 31.3744 ] ] } },
{ "type": "Feature", "properties": { "faultType": "normal fault, certain" }, "geometry": { "type": "LineString", "coordinates": [ [ -104.5579, 31.3744 ], [ -104.5545, 31.406 ] ] } },
{ "type": "Feature", "properties": { "faultType": "normal fault, certain" }, "geometry": { "type": "LineString", "coordinates": [ [ -105.7079, 31.3162 ], [ -105.7305, 31.3334 ] ] } },
{ "type": "Feature", "properties": { "faultType": "normal fault, certain" }, "geometry": { "type": "LineString", "coordinates": [ [ -96.9806, 31.4284 ], [ -96.9838, 31.4256 ] ] } },
{ "type": "Feature", "properties": { "faultType": "normal fault, certain" }, "geometry": { "type": "LineString", "coordinates": [ [ -104.5579, 31.3744 ], [ -104.57, 31.3697 ] ] } },
{ "type": "Feature", "properties": { "faultType": "normal fault, certain" }, "geometry": { "type": "LineString", "coordinates": [ [ -104.5746, 31.3682 ], [ -104.5832, 31.3641 ] ] } },
{ "type": "Feature", "properties": { "faultType": "normal fault, certain" }, "geometry": { "type": "LineString", "coordinates": [ [ -96.9876, 31.423 ], [ -96.9921, 31.4197 ] ] } },
{ "type": "Feature", "properties": { "faultType": "normal fault, certain" }, "geometry": { "type": "LineString", "coordinates": [ [ -104.5832, 31.3641 ], [ -104.5765, 31.361 ] ] } },
{ "type": "Feature", "properties": { "faultType": "normal fault, certain" }, "geometry": { "type": "LineString", "coordinates": [ [ -104.6397, 31.3574 ], [ -104.6512, 31.3872 ], [ -104.6437, 31.4144 ] ] } },
{ "type": "Feature", "properties": { "faultType": "normal fault, certain" }, "geometry": { "type": "LineString", "coordinates": [ [ -104.5832, 31.3641 ], [ -104.5989, 31.3584 ] ] } },
{ "type": "Feature", "properties": { "faultType": "normal fault, certain" }, "geometry": { "type": "LineString", "coordinates": [ [ -104.6169, 31.3918 ], [ -104.6037, 31.3603 ], [ -104.6094, 31.357 ] ] } },
{ "type": "Feature", "properties": { "faultType": "normal fault, certain" }, "geometry": { "type": "LineString", "coordinates": [ [ -104.627, 31.3516 ], [ -104.6094, 31.357 ] ] } },
{ "type": "Feature", "properties": { "faultType": "normal fault, certain" }, "geometry": { "type": "LineString", "coordinates": [ [ -104.627, 31.3516 ], [ -104.6397, 31.3574 ] ] } },
{ "type": "Feature", "properties": { "faultType": "normal fault, certain" }, "geometry": { "type": "LineString", "coordinates": [ [ -96.644, 31.3954 ], [ -96.6039, 31.4455 ] ] } },
{ "type": "Feature", "properties": { "faultType": "normal fault, certain" }, "geometry": { "type": "LineString", "coordinates": [ [ -104.5606, 31.3495 ], [ -104.5579, 31.3744 ] ] } },
{ "type": "Feature", "properties": { "faultType": "normal fault, certain" }, "geometry": { "type": "LineString", "coordinates": [ [ -104.6094, 31.357 ], [ -104.6182, 31.3473 ], [ -104.627, 31.3516 ] ] } },
{ "type": "Feature", "properties": { "faultType": "normal fault, certain" }, "geometry": { "type": "LineString", "coordinates": [ [ -105.1783, 31.3164 ], [ -105.1613, 31.3125 ] ] } },
{ "type": "Feature", "properties": { "faultType": "normal fault, certain" }, "geometry": { "type": "LineString", "coordinates": [ [ -104.5444, 31.3342 ], [ -104.5606, 31.3495 ] ] } },
{ "type": "Feature", "properties": { "faultType": "normal fault, certain" }, "geometry": { "type": "LineString", "coordinates": [ [ -104.5668, 31.3322 ], [ -104.5606, 31.3495 ] ] } },
{ "type": "Feature", "properties": { "faultType": "normal fault, certain" }, "geometry": { "type": "LineString", "coordinates": [ [ -105.073, 31.3308 ], [ -105.0418, 31.3104 ] ] } },
{ "type": "Feature", "properties": { "faultType": "normal fault, certain" }, "geometry": { "type": "LineString", "coordinates": [ [ -104.5241, 31.3511 ], [ -104.4597, 31.3365 ] ] } },
{ "type": "Feature", "properties": { "faultType": "normal fault, certain" }, "geometry": { "type": "LineString", "coordinates": [ [ -104.9336, 31.3153 ], [ -104.9224, 31.3188 ] ] } },
{ "type": "Feature", "properties": { "faultType": "normal fault, certain" }, "geometry": { "type": "LineString", "coordinates": [ [ -105.1177, 31.3036 ], [ -105.1983, 31.3277 ] ] } },
{ "type": "Feature", "properties": { "faultType": "normal fault, certain" }, "geometry": { "type": "LineString", "coordinates": [ [ -93.9953, 31.2566 ], [ -93.9252, 31.2704 ] ] } },
{ "type": "Feature", "properties": { "faultType": "normal fault, certain" }, "geometry": { "type": "LineString", "coordinates": [ [ -93.8452, 31.2468 ], [ -93.7919, 31.2702 ] ] } },
{ "type": "Feature", "properties": { "faultType": "normal fault, certain" }, "geometry": { "type": "LineString", "coordinates": [ [ -96.894, 31.415 ], [ -96.9, 31.3802 ] ] } },
{ "type": "Feature", "properties": { "faultType": "normal fault, certain" }, "geometry": { "type": "LineString", "coordinates": [ [ -104.4894, 31.3288 ], [ -104.5284, 31.3477 ] ] } },
{ "type": "Feature", "properties": { "faultType": "normal fault, certain" }, "geometry": { "type": "LineString", "coordinates": [ [ -105.1056, 31.3017 ], [ -105.0947, 31.3006 ] ] } },
{ "type": "Feature", "properties": { "faultType": "normal fault, certain" }, "geometry": { "type": "LineString", "coordinates": [ [ -93.9436, 31.2496 ], [ -93.8897, 31.2619 ] ] } },
{ "type": "Feature", "properties": { "faultType": "normal fault, certain" }, "geometry": { "type": "LineString", "coordinates": [ [ -104.5532, 31.3222 ], [ -104.5516, 31.3225 ] ] } },
{ "type": "Feature", "properties": { "faultType": "normal fault, certain" }, "geometry": { "type": "LineString", "coordinates": [ [ -105.0861, 31.3006 ], [ -105.0653, 31.2985 ] ] } },
{ "type": "Feature", "properties": { "faultType": "normal fault, certain" }, "geometry": { "type": "LineString", "coordinates": [ [ -104.5516, 31.3225 ], [ -104.5411, 31.3215 ] ] } },
{ "type": "Feature", "properties": { "faultType": "normal fault, certain" }, "geometry": { "type": "LineString", "coordinates": [ [ -104.5587, 31.3168 ], [ -104.5596, 31.3193 ] ] } },
{ "type": "Feature", "properties": { "faultType": "normal fault, certain" }, "geometry": { "type": "LineString", "coordinates": [ [ -104.5411, 31.3215 ], [ -104.5207, 31.3182 ] ] } },
{ "type": "Feature", "properties": { "faultType": "normal fault, certain" }, "geometry": { "type": "LineString", "coordinates": [ [ -104.5587, 31.3168 ], [ -104.5545, 31.312 ] ] } },
{ "type": "Feature", "properties": { "faultType": "normal fault, certain" }, "geometry": { "type": "LineString", "coordinates": [ [ -104.2161, 31.3257 ], [ -104.2118, 31.3301 ] ] } },
{ "type": "Feature", "properties": { "faultType": "normal fault, certain" }, "geometry": { "type": "LineString", "coordinates": [ [ -104.5541, 31.3197 ], [ -104.5479, 31.3106 ] ] } },
{ "type": "Feature", "properties": { "faultType": "normal fault, certain" }, "geometry": { "type": "LineString", "coordinates": [ [ -104.5545, 31.312 ], [ -104.5479, 31.3106 ] ] } },
{ "type": "Feature", "properties": { "faultType": "normal fault, certain" }, "geometry": { "type": "LineString", "coordinates": [ [ -104.2059, 31.3345 ], [ -104.1883, 31.3253 ] ] } },
{ "type": "Feature", "properties": { "faultType": "normal fault, certain" }, "geometry": { "type": "LineString", "coordinates": [ [ -104.5516, 31.3225 ], [ -104.5454, 31.31 ] ] } },
{ "type": "Feature", "properties": { "faultType": "normal fault, certain" }, "geometry": { "type": "LineString", "coordinates": [ [ -104.5479, 31.3106 ], [ -104.5454, 31.31 ] ] } },
{ "type": "Feature", "properties": { "faultType": "normal fault, certain" }, "geometry": { "type": "LineString", "coordinates": [ [ -97.3822, 31.3694 ], [ -97.3569, 31.3947 ] ] } },
{ "type": "Feature", "properties": { "faultType": "normal fault, certain" }, "geometry": { "type": "LineString", "coordinates": [ [ -104.2118, 31.3301 ], [ -104.2089, 31.3316 ], [ -104.1991, 31.3183 ], [ -104.2043, 31.3237 ], [ -104.2118, 31.3301 ] ] } },
{ "type": "Feature", "properties": { "faultType": "normal fault, certain" }, "geometry": { "type": "LineString", "coordinates": [ [ -104.5545, 31.312 ], [ -104.5457, 31.2986 ] ] } },
{ "type": "Feature", "properties": { "faultType": "normal fault, certain" }, "geometry": { "type": "LineString", "coordinates": [ [ -104.5454, 31.31 ], [ -104.5359, 31.2968 ] ] } },
{ "type": "Feature", "properties": { "faultType": "normal fault, certain" }, "geometry": { "type": "LineString", "coordinates": [ [ -95.9151, 31.3128 ], [ -95.8646, 31.338 ] ] } },
{ "type": "Feature", "properties": { "faultType": "normal fault, certain" }, "geometry": { "type": "LineString", "coordinates": [ [ -99.1493, 31.3949 ], [ -99.1743, 31.3882 ] ] } },
{ "type": "Feature", "properties": { "faultType": "normal fault, certain" }, "geometry": { "type": "LineString", "coordinates": [ [ -96.6688, 31.3347 ], [ -96.644, 31.3954 ] ] } },
{ "type": "Feature", "properties": { "faultType": "normal fault, certain" }, "geometry": { "type": "LineString", "coordinates": [ [ -104.9303, 31.2915 ], [ -104.878, 31.2735 ] ] } },
{ "type": "Feature", "properties": { "faultType": "normal fault, certain" }, "geometry": { "type": "LineString", "coordinates": [ [ -105.1732, 31.2592 ], [ -105.2202, 31.2769 ] ] } },
{ "type": "Feature", "properties": { "faultType": "normal fault, certain" }, "geometry": { "type": "LineString", "coordinates": [ [ -99.2383, 31.406 ], [ -99.2681, 31.3827 ] ] } },
{ "type": "Feature", "properties": { "faultType": "normal fault, certain" }, "geometry": { "type": "LineString", "coordinates": [ [ -104.5193, 31.2872 ], [ -104.5411, 31.3215 ] ] } },
{ "type": "Feature", "properties": { "faultType": "normal fault, certain" }, "geometry": { "type": "LineString", "coordinates": [ [ -104.4202, 31.2953 ], [ -104.4024, 31.2918 ] ] } },
{ "type": "Feature", "properties": { "faultType": "normal fault, certain" }, "geometry": { "type": "LineString", "coordinates": [ [ -97.4063, 31.3499 ], [ -97.3899, 31.3752 ] ] } },
{ "type": "Feature", "properties": { "faultType": "normal fault, certain" }, "geometry": { "type": "LineString", "coordinates": [ [ -99.2715, 31.377 ], [ -99.2545, 31.3907 ] ] } },
{ "type": "Feature", "properties": { "faultType": "normal fault, certain" }, "geometry": { "type": "LineString", "coordinates": [ [ -104.889, 31.2649 ], [ -104.9073, 31.274 ] ] } },
{ "type": "Feature", "properties": { "faultType": "normal fault, certain" }, "geometry": { "type": "LineString", "coordinates": [ [ -105.206, 31.2478 ], [ -105.2202, 31.2769 ] ] } },
{ "type": "Feature", "properties": { "faultType": "normal fault, certain" }, "geometry": { "type": "LineString", "coordinates": [ [ -104.5429, 31.278 ], [ -104.5587, 31.3168 ] ] } },
{ "type": "Feature", "properties": { "faultType": "normal fault, certain" }, "geometry": { "type": "LineString", "coordinates": [ [ -96.7112, 31.324 ], [ -96.6773, 31.3512 ], [ -96.644, 31.3954 ] ] } },
{ "type": "Feature", "properties": { "faultType": "normal fault, certain" }, "geometry": { "type": "LineString", "coordinates": [ [ -96.5499, 31.6978 ], [ -96.6476, 31.5111 ], [ -96.6689, 31.4499 ], [ -96.6899, 31.4238 ], [ -96.7112, 31.324 ] ] } },
{ "type": "Feature", "properties": { "faultType": "normal fault, certain" }, "geometry": { "type": "LineString", "coordinates": [ [ -104.5673, 31.2913 ], [ -104.5581, 31.2741 ] ] } },
{ "type": "Feature", "properties": { "faultType": "normal fault, certain" }, "geometry": { "type": "LineString", "coordinates": [ [ -104.3666, 31.2856 ], [ -104.3525, 31.2815 ] ] } },
{ "type": "Feature", "properties": { "faultType": "normal fault, certain" }, "geometry": { "type": "LineString", "coordinates": [ [ -104.8137, 31.2811 ], [ -104.7857, 31.2619 ] ] } },
{ "type": "Feature", "properties": { "faultType": "normal fault, certain" }, "geometry": { "type": "LineString", "coordinates": [ [ -104.3662, 31.2935 ], [ -104.332, 31.2811 ] ] } },
{ "type": "Feature", "properties": { "faultType": "normal fault, certain" }, "geometry": { "type": "LineString", "coordinates": [ [ -104.3638, 31.2893 ], [ -104.3345, 31.2794 ] ] } },
{ "type": "Feature", "properties": { "faultType": "normal fault, certain" }, "geometry": { "type": "LineString", "coordinates": [ [ -104.8245, 31.2621 ], [ -104.817, 31.2577 ] ] } },
{ "type": "Feature", "properties": { "faultType": "normal fault, certain" }, "geometry": { "type": "LineString", "coordinates": [ [ -104.7432, 31.2594 ], [ -104.7714, 31.2805 ] ] } },
{ "type": "Feature", "properties": { "faultType": "normal fault, certain" }, "geometry": { "type": "LineString", "coordinates": [ [ -105.3795, 31.2389 ], [ -105.3598, 31.2296 ] ] } },
{ "type": "Feature", "properties": { "faultType": "normal fault, certain" }, "geometry": { "type": "LineString", "coordinates": [ [ -104.5166, 31.2645 ], [ -104.5359, 31.2968 ] ] } },
{ "type": "Feature", "properties": { "faultType": "normal fault, certain" }, "geometry": { "type": "LineString", "coordinates": [ [ -96.5362, 31.3041 ], [ -96.5575, 31.3145 ] ] } },
{ "type": "Feature", "properties": { "faultType": "normal fault, certain" }, "geometry": { "type": "LineString", "coordinates": [ [ -96.6715, 31.3076 ], [ -96.6694, 31.3182 ] ] } },
{ "type": "Feature", "properties": { "faultType": "normal fault, certain" }, "geometry": { "type": "LineString", "coordinates": [ [ -104.892, 31.2466 ], [ -104.9303, 31.2671 ] ] } },
{ "type": "Feature", "properties": { "faultType": "normal fault, certain" }, "geometry": { "type": "LineString", "coordinates": [ [ -105.3689, 31.2426 ], [ -105.3555, 31.222 ] ] } },
{ "type": "Feature", "properties": { "faultType": "normal fault, certain" }, "geometry": { "type": "LineString", "coordinates": [ [ -104.817, 31.2577 ], [ -104.7947, 31.2447 ] ] } },
{ "type": "Feature", "properties": { "faultType": "normal fault, certain" }, "geometry": { "type": "LineString", "coordinates": [ [ -104.3819, 31.2708 ], [ -104.3603, 31.2634 ] ] } },
{ "type": "Feature", "properties": { "faultType": "normal fault, certain" }, "geometry": { "type": "LineString", "coordinates": [ [ -105.0635, 31.2359 ], [ -105.0451, 31.2329 ] ] } },
{ "type": "Feature", "properties": { "faultType": "normal fault, certain" }, "geometry": { "type": "LineString", "coordinates": [ [ -104.7612, 31.2635 ], [ -104.7439, 31.2467 ] ] } },
{ "type": "Feature", "properties": { "faultType": "normal fault, certain" }, "geometry": { "type": "LineString", "coordinates": [ [ -104.5193, 31.2872 ], [ -104.494, 31.2551 ] ] } },
{ "type": "Feature", "properties": { "faultType": "normal fault, certain" }, "geometry": { "type": "LineString", "coordinates": [ [ -104.7921, 31.2739 ], [ -104.7739, 31.2424 ] ] } },
{ "type": "Feature", "properties": { "faultType": "normal fault, certain" }, "geometry": { "type": "LineString", "coordinates": [ [ -104.7579, 31.2514 ], [ -104.7475, 31.2432 ] ] } },
{ "type": "Feature", "properties": { "faultType": "normal fault, certain" }, "geometry": { "type": "LineString", "coordinates": [ [ -105.6946, 31.2032 ], [ -105.7026, 31.1959 ] ] } },
{ "type": "Feature", "properties": { "faultType": "normal fault, certain" }, "geometry": { "type": "LineString", "coordinates": [ [ -104.817, 31.2577 ], [ -104.8032, 31.2377 ] ] } },
{ "type": "Feature", "properties": { "faultType": "normal fault, certain" }, "geometry": { "type": "LineString", "coordinates": [ [ -104.836, 31.249 ], [ -104.8032, 31.2377 ] ] } },
{ "type": "Feature", "properties": { "faultType": "normal fault, certain" }, "geometry": { "type": "LineString", "coordinates": [ [ -104.9002, 31.2302 ], [ -104.9711, 31.2686 ] ] } },
{ "type": "Feature", "properties": { "faultType": "normal fault, certain" }, "geometry": { "type": "LineString", "coordinates": [ [ -104.5398, 31.2468 ], [ -104.5251, 31.2457 ] ] } },
{ "type": "Feature", "properties": { "faultType": "normal fault, certain" }, "geometry": { "type": "LineString", "coordinates": [ [ -105.2071, 31.2121 ], [ -105.1921, 31.2189 ] ] } },
{ "type": "Feature", "properties": { "faultType": "normal fault, certain" }, "geometry": { "type": "LineString", "coordinates": [ [ -104.9058, 31.2256 ], [ -104.9254, 31.2336 ] ] } },
{ "type": "Feature", "properties": { "faultType": "normal fault, certain" }, "geometry": { "type": "LineString", "coordinates": [ [ -104.6114, 31.2645 ], [ -104.6198, 31.238 ] ] } },
{ "type": "Feature", "properties": { "faultType": "normal fault, certain" }, "geometry": { "type": "LineString", "coordinates": [ [ -104.5758, 31.2694 ], [ -104.5748, 31.2398 ] ] } },
{ "type": "Feature", "properties": { "faultType": "normal fault, certain" }, "geometry": { "type": "LineString", "coordinates": [ [ -96.7028, 31.2846 ], [ -96.6715, 31.3076 ] ] } },
{ "type": "Feature", "properties": { "faultType": "normal fault, certain" }, "geometry": { "type": "LineString", "coordinates": [ [ -104.5116, 31.241 ], [ -104.5041, 31.24 ] ] } },
{ "type": "Feature", "properties": { "faultType": "normal fault, certain" }, "geometry": { "type": "LineString", "coordinates": [ [ -104.8032, 31.2377 ], [ -104.7935, 31.2268 ] ] } },
{ "type": "Feature", "properties": { "faultType": "normal fault, certain" }, "geometry": { "type": "LineString", "coordinates": [ [ -96.7112, 31.324 ], [ -96.7143, 31.3021 ], [ -96.7412, 31.2834 ] ] } },
{ "type": "Feature", "properties": { "faultType": "normal fault, certain" }, "geometry": { "type": "LineString", "coordinates": [ [ -104.8273, 31.2393 ], [ -104.8041, 31.2244 ] ] } },
{ "type": "Feature", "properties": { "faultType": "normal fault, certain" }, "geometry": { "type": "LineString", "coordinates": [ [ -105.0093, 31.2149 ], [ -105.0005, 31.2102 ] ] } },
{ "type": "Feature", "properties": { "faultType": "normal fault, certain" }, "geometry": { "type": "LineString", "coordinates": [ [ -104.5748, 31.2398 ], [ -104.5709, 31.2293 ] ] } },
{ "type": "Feature", "properties": { "faultType": "normal fault, certain" }, "geometry": { "type": "LineString", "coordinates": [ [ -105.1047, 31.2121 ], [ -105.0728, 31.2053 ] ] } },
{ "type": "Feature", "properties": { "faultType": "normal fault, certain" }, "geometry": { "type": "LineString", "coordinates": [ [ -105.0086, 31.208 ], [ -105.058, 31.23 ] ] } },
{ "type": "Feature", "properties": { "faultType": "normal fault, certain" }, "geometry": { "type": "LineString", "coordinates": [ [ -104.7649, 31.2183 ], [ -104.7947, 31.2447 ] ] } },
{ "type": "Feature", "properties": { "faultType": "normal fault, certain" }, "geometry": { "type": "LineString", "coordinates": [ [ -105.0906, 31.2028 ], [ -105.1338, 31.2334 ] ] } },
{ "type": "Feature", "properties": { "faultType": "normal fault, certain" }, "geometry": { "type": "LineString", "coordinates": [ [ -96.6771, 31.2728 ], [ -96.6715, 31.3076 ] ] } },
{ "type": "Feature", "properties": { "faultType": "normal fault, certain" }, "geometry": { "type": "LineString", "coordinates": [ [ -105.0005, 31.2102 ], [ -104.9951, 31.2062 ] ] } },
{ "type": "Feature", "properties": { "faultType": "normal fault, certain" }, "geometry": { "type": "LineString", "coordinates": [ [ -105.0682, 31.2034 ], [ -105.0611, 31.2013 ] ] } },
{ "type": "Feature", "properties": { "faultType": "normal fault, certain" }, "geometry": { "type": "LineString", "coordinates": [ [ -96.7232, 31.2702 ], [ -96.7187, 31.2862 ] ] } },
{ "type": "Feature", "properties": { "faultType": "normal fault, certain" }, "geometry": { "type": "LineString", "coordinates": [ [ -96.7232, 31.2702 ], [ -96.7462, 31.2762 ] ] } },
{ "type": "Feature", "properties": { "faultType": "normal fault, certain" }, "geometry": { "type": "LineString", "coordinates": [ [ -105.0502, 31.2009 ], [ -105.0552, 31.1987 ] ] } },
{ "type": "Feature", "properties": { "faultType": "normal fault, certain" }, "geometry": { "type": "LineString", "coordinates": [ [ -105.0296, 31.202 ], [ -105.042, 31.199 ] ] } },
{ "type": "Feature", "properties": { "faultType": "normal fault, certain" }, "geometry": { "type": "LineString", "coordinates": [ [ -96.6578, 31.2646 ], [ -96.6771, 31.2728 ] ] } },
{ "type": "Feature", "properties": { "faultType": "normal fault, certain" }, "geometry": { "type": "LineString", "coordinates": [ [ -104.8041, 31.2244 ], [ -104.7888, 31.2089 ] ] } },
{ "type": "Feature", "properties": { "faultType": "normal fault, certain" }, "geometry": { "type": "LineString", "coordinates": [ [ -104.4911, 31.2291 ], [ -104.4849, 31.2213 ] ] } },
{ "type": "Feature", "properties": { "faultType": "normal fault, certain" }, "geometry": { "type": "LineString", "coordinates": [ [ -104.4849, 31.2213 ], [ -104.4733, 31.2209 ] ] } },
{ "type": "Feature", "properties": { "faultType": "normal fault, certain" }, "geometry": { "type": "LineString", "coordinates": [ [ -104.5862, 31.25 ], [ -104.5899, 31.2151 ] ] } },
{ "type": "Feature", "properties": { "faultType": "normal fault, certain" }, "geometry": { "type": "LineString", "coordinates": [ [ -104.4733, 31.2209 ], [ -104.468, 31.2191 ] ] } },
{ "type": "Feature", "properties": { "faultType": "normal fault, certain" }, "geometry": { "type": "LineString", "coordinates": [ [ -105.0551, 31.1937 ], [ -105.0492, 31.1921 ] ] } },
{ "type": "Feature", "properties": { "faultType": "normal fault, certain" }, "geometry": { "type": "LineString", "coordinates": [ [ -96.692, 31.2581 ], [ -96.6771, 31.2728 ] ] } },
{ "type": "Feature", "properties": { "faultType": "normal fault, certain" }, "geometry": { "type": "LineString", "coordinates": [ [ -104.5467, 31.2118 ], [ -104.5581, 31.2741 ] ] } },
{ "type": "Feature", "properties": { "faultType": "normal fault, certain" }, "geometry": { "type": "LineString", "coordinates": [ [ -104.5748, 31.2398 ], [ -104.5831, 31.2098 ] ] } },
{ "type": "Feature", "properties": { "faultType": "normal fault, certain" }, "geometry": { "type": "LineString", "coordinates": [ [ -104.5709, 31.2293 ], [ -104.566, 31.2058 ] ] } },
{ "type": "Feature", "properties": { "faultType": "normal fault, certain" }, "geometry": { "type": "LineString", "coordinates": [ [ -104.5709, 31.2293 ], [ -104.5793, 31.2144 ], [ -104.566, 31.2058 ] ] } },
{ "type": "Feature", "properties": { "faultType": "normal fault, certain" }, "geometry": { "type": "LineString", "coordinates": [ [ -104.912, 31.189 ], [ -104.9485, 31.205 ] ] } },
{ "type": "Feature", "properties": { "faultType": "thrust fault, certain" }, "geometry": { "type": "LineString", "coordinates": [ [ -105.1407, 31.1847 ], [ -105.1588, 31.1799 ], [ -105.135, 31.1813 ] ] } },
{ "type": "Feature", "properties": { "faultType": "normal fault, certain" }, "geometry": { "type": "LineString", "coordinates": [ [ -104.5545, 31.2009 ], [ -104.5467, 31.2118 ] ] } },
{ "type": "Feature", "properties": { "faultType": "normal fault, certain" }, "geometry": { "type": "LineString", "coordinates": [ [ -104.9859, 31.2005 ], [ -104.9594, 31.1807 ] ] } },
{ "type": "Feature", "properties": { "faultType": "normal fault, certain" }, "geometry": { "type": "LineString", "coordinates": [ [ -105.1768, 31.1702 ], [ -105.1858, 31.1774 ] ] } },
{ "type": "Feature", "properties": { "faultType": "normal fault, certain" }, "geometry": { "type": "LineString", "coordinates": [ [ -97.3012, 31.2589 ], [ -97.2891, 31.2743 ] ] } },
{ "type": "Feature", "properties": { "faultType": "normal fault, certain" }, "geometry": { "type": "LineString", "coordinates": [ [ -96.7358, 31.2428 ], [ -96.7232, 31.2702 ] ] } },
{ "type": "Feature", "properties": { "faultType": "normal fault, certain" }, "geometry": { "type": "LineString", "coordinates": [ [ -104.9882, 31.194 ], [ -104.9558, 31.1716 ] ] } },
{ "type": "Feature", "properties": { "faultType": "normal fault, certain" }, "geometry": { "type": "LineString", "coordinates": [ [ -98.9458, 31.2809 ], [ -98.9372, 31.2889 ] ] } },
{ "type": "Feature", "properties": { "faultType": "normal fault, certain" }, "geometry": { "type": "LineString", "coordinates": [ [ -104.9684, 31.166 ], [ -104.9855, 31.1749 ] ] } },
{ "type": "Feature", "properties": { "faultType": "normal fault, certain" }, "geometry": { "type": "LineString", "coordinates": [ [ -104.8784, 31.1903 ], [ -104.8521, 31.171 ] ] } },
{ "type": "Feature", "properties": { "faultType": "normal fault, certain" }, "geometry": { "type": "LineString", "coordinates": [ [ -97.3103, 31.2479 ], [ -97.3012, 31.2589 ] ] } },
{ "type": "Feature", "properties": { "faultType": "normal fault, certain" }, "geometry": { "type": "LineString", "coordinates": [ [ -104.8529, 31.1696 ], [ -104.912, 31.189 ] ] } },
{ "type": "Feature", "properties": { "faultType": "normal fault, certain" }, "geometry": { "type": "LineString", "coordinates": [ [ -104.4849, 31.2213 ], [ -104.464, 31.1867 ] ] } },
{ "type": "Feature", "properties": { "faultType": "normal fault, certain" }, "geometry": { "type": "LineString", "coordinates": [ [ -104.5334, 31.2233 ], [ -104.5206, 31.1839 ] ] } },
{ "type": "Feature", "properties": { "faultType": "normal fault, certain" }, "geometry": { "type": "LineString", "coordinates": [ [ -104.5467, 31.2118 ], [ -104.5206, 31.1839 ] ] } },
{ "type": "Feature", "properties": { "faultType": "thrust fault, certain" }, "geometry": { "type": "LineString", "coordinates": [ [ -105.1022, 31.1743 ], [ -105.1166, 31.1792 ], [ -105.1284, 31.1671 ], [ -105.0838, 31.1571 ] ] } },
{ "type": "Feature", "properties": { "faultType": "normal fault, certain" }, "geometry": { "type": "LineString", "coordinates": [ [ -105.1837, 31.1658 ], [ -105.1759, 31.1526 ] ] } },
{ "type": "Feature", "properties": { "faultType": "normal fault, certain" }, "geometry": { "type": "LineString", "coordinates": [ [ -104.4271, 31.1844 ], [ -104.4472, 31.2119 ] ] } },
{ "type": "Feature", "properties": { "faultType": "normal fault, certain" }, "geometry": { "type": "LineString", "coordinates": [ [ -104.4271, 31.1844 ], [ -104.4345, 31.1849 ] ] } },
{ "type": "Feature", "properties": { "faultType": "normal fault, certain" }, "geometry": { "type": "LineString", "coordinates": [ [ -104.9322, 31.1619 ], [ -104.9594, 31.1807 ] ] } },
{ "type": "Feature", "properties": { "faultType": "normal fault, certain" }, "geometry": { "type": "LineString", "coordinates": [ [ -104.5206, 31.1839 ], [ -104.514, 31.18 ] ] } },
{ "type": "Feature", "properties": { "faultType": "normal fault, certain" }, "geometry": { "type": "LineString", "coordinates": [ [ -104.4133, 31.1823 ], [ -104.4374, 31.21 ] ] } },
{ "type": "Feature", "properties": { "faultType": "normal fault, certain" }, "geometry": { "type": "LineString", "coordinates": [ [ -104.4133, 31.1823 ], [ -104.4271, 31.1844 ] ] } },
{ "type": "Feature", "properties": { "faultType": "normal fault, certain" }, "geometry": { "type": "LineString", "coordinates": [ [ -105.031, 31.1615 ], [ -105.021, 31.1544 ] ] } },
{ "type": "Feature", "properties": { "faultType": "thrust fault, certain" }, "geometry": { "type": "LineString", "coordinates": [ [ -105.1313, 31.1591 ], [ -105.1506, 31.1472 ], [ -105.1731, 31.156 ] ] } },
{ "type": "Feature", "properties": { "faultType": "normal fault, certain" }, "geometry": { "type": "LineString", "coordinates": [ [ -105.0181, 31.1541 ], [ -105.0103, 31.1531 ] ] } },
{ "type": "Feature", "properties": { "faultType": "normal fault, certain" }, "geometry": { "type": "LineString", "coordinates": [ [ -104.8549, 31.1597 ], [ -104.8793, 31.1733 ] ] } },
{ "type": "Feature", "properties": { "faultType": "normal fault, certain" }, "geometry": { "type": "LineString", "coordinates": [ [ -96.7609, 31.277 ], [ -96.7906, 31.2199 ] ] } },
{ "type": "Feature", "properties": { "faultType": "normal fault, certain" }, "geometry": { "type": "LineString", "coordinates": [ [ -104.3423, 31.1778 ], [ -104.3747, 31.1879 ] ] } },
{ "type": "Feature", "properties": { "faultType": "thrust fault, certain" }, "geometry": { "type": "LineString", "coordinates": [ [ -105.0317, 31.1565 ], [ -105.0005, 31.1474 ] ] } },
{ "type": "Feature", "properties": { "faultType": "thrust fault, certain" }, "geometry": { "type": "LineString", "coordinates": [ [ -104.9977, 31.1473 ], [ -105.0005, 31.1489 ] ] } },
{ "type": "Feature", "properties": { "faultType": "normal fault, certain" }, "geometry": { "type": "LineString", "coordinates": [ [ -105.144, 31.1412 ], [ -105.1489, 31.1396 ] ] } },
{ "type": "Feature", "properties": { "faultType": "thrust fault, certain" }, "geometry": { "type": "LineString", "coordinates": [ [ -105.077, 31.1426 ], [ -105.0931, 31.154 ], [ -105.1245, 31.1552 ] ] } },
{ "type": "Feature", "properties": { "faultType": "normal fault, certain" }, "geometry": { "type": "LineString", "coordinates": [ [ -105.1325, 31.1427 ], [ -105.1393, 31.1392 ] ] } },
{ "type": "Feature", "properties": { "faultType": "normal fault, certain" }, "geometry": { "type": "LineString", "coordinates": [ [ -104.3321, 31.178 ], [ -104.3177, 31.1758 ] ] } },
{ "type": "Feature", "properties": { "faultType": "normal fault, certain" }, "geometry": { "type": "LineString", "coordinates": [ [ -104.3177, 31.1758 ], [ -104.3181, 31.1758 ] ] } },
{ "type": "Feature", "properties": { "faultType": "normal fault, certain" }, "geometry": { "type": "LineString", "coordinates": [ [ -104.9295, 31.1668 ], [ -104.9007, 31.1498 ] ] } },
{ "type": "Feature", "properties": { "faultType": "thrust fault, certain" }, "geometry": { "type": "LineString", "coordinates": [ [ -105.1573, 31.14 ], [ -105.174, 31.1354 ] ] } },
{ "type": "Feature", "properties": { "faultType": "normal fault, certain" }, "geometry": { "type": "LineString", "coordinates": [ [ -104.566, 31.2058 ], [ -104.5549, 31.1638 ] ] } },
{ "type": "Feature", "properties": { "faultType": "normal fault, certain" }, "geometry": { "type": "LineString", "coordinates": [ [ -104.5046, 31.185 ], [ -104.4795, 31.1661 ] ] } },
{ "type": "Feature", "properties": { "faultType": "normal fault, certain" }, "geometry": { "type": "LineString", "coordinates": [ [ -104.2906, 31.1737 ], [ -104.2906, 31.1739 ] ] } },
{ "type": "Feature", "properties": { "faultType": "normal fault, certain" }, "geometry": { "type": "LineString", "coordinates": [ [ -104.2906, 31.1737 ], [ -104.3177, 31.1758 ] ] } },
{ "type": "Feature", "properties": { "faultType": "thrust fault, certain" }, "geometry": { "type": "LineString", "coordinates": [ [ -104.9977, 31.1473 ], [ -105.0005, 31.1418 ] ] } },
{ "type": "Feature", "properties": { "faultType": "normal fault, certain" }, "geometry": { "type": "LineString", "coordinates": [ [ -104.39, 31.167 ], [ -104.4133, 31.1823 ] ] } },
{ "type": "Feature", "properties": { "faultType": "thrust fault, certain" }, "geometry": { "type": "LineString", "coordinates": [ [ -105.0005, 31.1418 ], [ -105.0348, 31.1473 ], [ -105.0387, 31.1383 ], [ -105.0537, 31.1396 ] ] } },
{ "type": "Feature", "properties": { "faultType": "normal fault, certain" }, "geometry": { "type": "LineString", "coordinates": [ [ -104.3713, 31.178 ], [ -104.3281, 31.1695 ] ] } },
{ "type": "Feature", "properties": { "faultType": "normal fault, certain" }, "geometry": { "type": "LineString", "coordinates": [ [ -104.4733, 31.2209 ], [ -104.4522, 31.1635 ] ] } },
{ "type": "Feature", "properties": { "faultType": "normal fault, certain" }, "geometry": { "type": "LineString", "coordinates": [ [ -104.8921, 31.1639 ], [ -104.8764, 31.1438 ] ] } },
{ "type": "Feature", "properties": { "faultType": "normal fault, certain" }, "geometry": { "type": "LineString", "coordinates": [ [ -96.7549, 31.2043 ], [ -96.7222, 31.2555 ] ] } },
{ "type": "Feature", "properties": { "faultType": "normal fault, certain" }, "geometry": { "type": "LineString", "coordinates": [ [ -104.3488, 31.1641 ], [ -104.39, 31.167 ] ] } },
{ "type": "Feature", "properties": { "faultType": "normal fault, certain" }, "geometry": { "type": "LineString", "coordinates": [ [ -104.8292, 31.1429 ], [ -104.8223, 31.1467 ] ] } },
{ "type": "Feature", "properties": { "faultType": "normal fault, certain" }, "geometry": { "type": "LineString", "coordinates": [ [ -104.9016, 31.1377 ], [ -104.9359, 31.1593 ] ] } },
{ "type": "Feature", "properties": { "faultType": "normal fault, certain" }, "geometry": { "type": "LineString", "coordinates": [ [ -104.8367, 31.1403 ], [ -104.8292, 31.1429 ] ] } },
{ "type": "Feature", "properties": { "faultType": "normal fault, certain" }, "geometry": { "type": "LineString", "coordinates": [ [ -99.0098, 31.2628 ], [ -99.0177, 31.2464 ] ] } },
{ "type": "Feature", "properties": { "faultType": "normal fault, certain" }, "geometry": { "type": "LineString", "coordinates": [ [ -104.8392, 31.1396 ], [ -104.8367, 31.1403 ] ] } },
{ "type": "Feature", "properties": { "faultType": "normal fault, certain" }, "geometry": { "type": "LineString", "coordinates": [ [ -104.8392, 31.1396 ], [ -104.8549, 31.1597 ] ] } },
{ "type": "Feature", "properties": { "faultType": "normal fault, certain" }, "geometry": { "type": "LineString", "coordinates": [ [ -104.839, 31.1393 ], [ -104.8392, 31.1396 ] ] } },
{ "type": "Feature", "properties": { "faultType": "normal fault, certain" }, "geometry": { "type": "LineString", "coordinates": [ [ -98.9365, 31.2523 ], [ -98.9432, 31.2445 ] ] } },
{ "type": "Feature", "properties": { "faultType": "normal fault, certain" }, "geometry": { "type": "LineString", "coordinates": [ [ -98.9421, 31.2551 ], [ -98.9432, 31.2445 ] ] } },
{ "type": "Feature", "properties": { "faultType": "normal fault, certain" }, "geometry": { "type": "LineString", "coordinates": [ [ -96.7682, 31.1992 ], [ -96.7549, 31.2043 ] ] } },
{ "type": "Feature", "properties": { "faultType": "normal fault, certain" }, "geometry": { "type": "LineString", "coordinates": [ [ -96.7682, 31.1992 ], [ -96.7638, 31.2095 ] ] } },
{ "type": "Feature", "properties": { "faultType": "normal fault, certain" }, "geometry": { "type": "LineString", "coordinates": [ [ -104.2761, 31.1609 ], [ -104.3281, 31.1695 ] ] } },
{ "type": "Feature", "properties": { "faultType": "normal fault, certain" }, "geometry": { "type": "LineString", "coordinates": [ [ -99.0903, 31.2434 ], [ -99.0792, 31.2649 ] ] } },
{ "type": "Feature", "properties": { "faultType": "normal fault, certain" }, "geometry": { "type": "LineString", "coordinates": [ [ -104.2514, 31.1616 ], [ -104.2906, 31.1737 ] ] } },
{ "type": "Feature", "properties": { "faultType": "normal fault, certain" }, "geometry": { "type": "LineString", "coordinates": [ [ -104.8857, 31.1692 ], [ -104.8711, 31.1342 ] ] } },
{ "type": "Feature", "properties": { "faultType": "normal fault, certain" }, "geometry": { "type": "LineString", "coordinates": [ [ -104.4563, 31.1524 ], [ -104.464, 31.1867 ] ] } },
{ "type": "Feature", "properties": { "faultType": "normal fault, certain" }, "geometry": { "type": "LineString", "coordinates": [ [ -104.8711, 31.1342 ], [ -104.8392, 31.1396 ] ] } },
{ "type": "Feature", "properties": { "faultType": "normal fault, certain" }, "geometry": { "type": "LineString", "coordinates": [ [ -104.1415, 31.1729 ], [ -104.1149, 31.1657 ] ] } },
{ "type": "Feature", "properties": { "faultType": "normal fault, certain" }, "geometry": { "type": "LineString", "coordinates": [ [ -104.8793, 31.1331 ], [ -104.8711, 31.1342 ] ] } },
{ "type": "Feature", "properties": { "faultType": "normal fault, certain" }, "geometry": { "type": "LineString", "coordinates": [ [ -104.9016, 31.1377 ], [ -104.8793, 31.1331 ] ] } },
{ "type": "Feature", "properties": { "faultType": "normal fault, certain" }, "geometry": { "type": "LineString", "coordinates": [ [ -104.4795, 31.1661 ], [ -104.482, 31.1499 ] ] } },
{ "type": "Feature", "properties": { "faultType": "normal fault, certain" }, "geometry": { "type": "LineString", "coordinates": [ [ -104.8474, 31.1334 ], [ -104.8367, 31.1403 ] ] } },
{ "type": "Feature", "properties": { "faultType": "normal fault, certain" }, "geometry": { "type": "LineString", "coordinates": [ [ -97.3012, 31.2589 ], [ -97.3109, 31.2368 ], [ -97.3419, 31.2105 ] ] } },
{ "type": "Feature", "properties": { "faultType": "normal fault, certain" }, "geometry": { "type": "LineString", "coordinates": [ [ -104.2151, 31.1731 ], [ -104.2044, 31.1601 ], [ -104.2051, 31.1719 ] ] } },
{ "type": "Feature", "properties": { "faultType": "normal fault, certain" }, "geometry": { "type": "LineString", "coordinates": [ [ -104.8793, 31.1331 ], [ -104.8474, 31.1334 ] ] } },
{ "type": "Feature", "properties": { "faultType": "normal fault, certain" }, "geometry": { "type": "LineString", "coordinates": [ [ -104.368, 31.1505 ], [ -104.39, 31.167 ] ] } },
{ "type": "Feature", "properties": { "faultType": "normal fault, certain" }, "geometry": { "type": "LineString", "coordinates": [ [ -104.4571, 31.1465 ], [ -104.4795, 31.1661 ] ] } },
{ "type": "Feature", "properties": { "faultType": "normal fault, certain" }, "geometry": { "type": "LineString", "coordinates": [ [ -99.012, 31.2475 ], [ -99.0211, 31.2357 ] ] } },
{ "type": "Feature", "properties": { "faultType": "thrust fault, certain" }, "geometry": { "type": "LineString", "coordinates": [ [ -105.0005, 31.1362 ], [ -104.9817, 31.137 ], [ -104.9735, 31.1242 ], [ -104.9408, 31.1267 ], [ -104.9977, 31.1473 ] ] } },
{ "type": "Feature", "properties": { "faultType": "normal fault, certain" }, "geometry": { "type": "LineString", "coordinates": [ [ -98.9513, 31.2746 ], [ -98.9715, 31.2336 ] ] } },
{ "type": "Feature", "properties": { "faultType": "normal fault, certain" }, "geometry": { "type": "LineString", "coordinates": [ [ -104.8474, 31.1334 ], [ -104.8452, 31.1262 ] ] } },
{ "type": "Feature", "properties": { "faultType": "normal fault, certain" }, "geometry": { "type": "LineString", "coordinates": [ [ -104.4992, 31.1593 ], [ -104.4858, 31.1404 ] ] } },
{ "type": "Feature", "properties": { "faultType": "normal fault, certain" }, "geometry": { "type": "LineString", "coordinates": [ [ -98.9715, 31.2336 ], [ -98.9734, 31.2292 ] ] } },
{ "type": "Feature", "properties": { "faultType": "normal fault, certain" }, "geometry": { "type": "LineString", "coordinates": [ [ -98.9699, 31.2286 ], [ -98.9715, 31.2336 ] ] } },
{ "type": "Feature", "properties": { "faultType": "normal fault, certain" }, "geometry": { "type": "LineString", "coordinates": [ [ -105.3485, 31.098 ], [ -105.336, 31.101 ] ] } },
{ "type": "Feature", "properties": { "faultType": "normal fault, certain" }, "geometry": { "type": "LineString", "coordinates": [ [ -98.9752, 31.265 ], [ -98.9974, 31.2279 ] ] } },
{ "type": "Feature", "properties": { "faultType": "normal fault, certain" }, "geometry": { "type": "LineString", "coordinates": [ [ -96.774, 31.1831 ], [ -96.7682, 31.1992 ] ] } },
{ "type": "Feature", "properties": { "faultType": "normal fault, certain" }, "geometry": { "type": "LineString", "coordinates": [ [ -98.9974, 31.2279 ], [ -99.0003, 31.2276 ] ] } },
{ "type": "Feature", "properties": { "faultType": "normal fault, certain" }, "geometry": { "type": "LineString", "coordinates": [ [ -98.9432, 31.2445 ], [ -98.956, 31.2267 ] ] } },
{ "type": "Feature", "properties": { "faultType": "normal fault, certain" }, "geometry": { "type": "LineString", "coordinates": [ [ -99.0887, 31.2309 ], [ -99.0821, 31.2266 ] ] } },
{ "type": "Feature", "properties": { "faultType": "normal fault, certain" }, "geometry": { "type": "LineString", "coordinates": [ [ -99.0367, 31.2246 ], [ -99.0259, 31.2441 ] ] } },
{ "type": "Feature", "properties": { "faultType": "normal fault, certain" }, "geometry": { "type": "LineString", "coordinates": [ [ -98.954, 31.2521 ], [ -98.9716, 31.2225 ] ] } },
{ "type": "Feature", "properties": { "faultType": "normal fault, certain" }, "geometry": { "type": "LineString", "coordinates": [ [ -104.8292, 31.1429 ], [ -104.8239, 31.1169 ] ] } },
{ "type": "Feature", "properties": { "faultType": "normal fault, certain" }, "geometry": { "type": "LineString", "coordinates": [ [ -104.2522, 31.1695 ], [ -104.2338, 31.1418 ] ] } },
{ "type": "Feature", "properties": { "faultType": "normal fault, certain" }, "geometry": { "type": "LineString", "coordinates": [ [ -99.059, 31.2596 ], [ -99.0778, 31.2225 ] ] } },
{ "type": "Feature", "properties": { "faultType": "normal fault, certain" }, "geometry": { "type": "LineString", "coordinates": [ [ -98.9974, 31.2279 ], [ -99.0003, 31.221 ] ] } },
{ "type": "Feature", "properties": { "faultType": "thrust fault, certain" }, "geometry": { "type": "LineString", "coordinates": [ [ -104.9621, 31.1085 ], [ -104.9901, 31.1164 ], [ -104.9819, 31.1256 ], [ -105.0005, 31.1309 ] ] } },
{ "type": "Feature", "properties": { "faultType": "normal fault, certain" }, "geometry": { "type": "LineString", "coordinates": [ [ -104.9771, 31.107 ], [ -104.9621, 31.1085 ] ] } },
{ "type": "Feature", "properties": { "faultType": "normal fault, certain" }, "geometry": { "type": "LineString", "coordinates": [ [ -104.8452, 31.1262 ], [ -104.8743, 31.1106 ] ] } },
{ "type": "Feature", "properties": { "faultType": "normal fault, certain" }, "geometry": { "type": "LineString", "coordinates": [ [ -104.9621, 31.1085 ], [ -104.9086, 31.1086 ] ] } },
{ "type": "Feature", "properties": { "faultType": "normal fault, certain" }, "geometry": { "type": "LineString", "coordinates": [ [ -104.8963, 31.109 ], [ -104.8784, 31.1171 ] ] } },
{ "type": "Feature", "properties": { "faultType": "normal fault, certain" }, "geometry": { "type": "LineString", "coordinates": [ [ -98.9472, 31.2541 ], [ -98.9648, 31.2173 ] ] } },
{ "type": "Feature", "properties": { "faultType": "normal fault, certain" }, "geometry": { "type": "LineString", "coordinates": [ [ -104.509, 31.1609 ], [ -104.5021, 31.1253 ] ] } },
{ "type": "Feature", "properties": { "faultType": "normal fault, certain" }, "geometry": { "type": "LineString", "coordinates": [ [ -104.5093, 31.1327 ], [ -104.5021, 31.1253 ] ] } },
{ "type": "Feature", "properties": { "faultType": "normal fault, certain" }, "geometry": { "type": "LineString", "coordinates": [ [ -99.0341, 31.2768 ], [ -99.0702, 31.2158 ] ] } },
{ "type": "Feature", "properties": { "faultType": "normal fault, certain" }, "geometry": { "type": "LineString", "coordinates": [ [ -104.9181, 31.1047 ], [ -104.9086, 31.1063 ] ] } },
{ "type": "Feature", "properties": { "faultType": "normal fault, certain" }, "geometry": { "type": "LineString", "coordinates": [ [ -104.9244, 31.1043 ], [ -104.9181, 31.1047 ] ] } },
{ "type": "Feature", "properties": { "faultType": "normal fault, certain" }, "geometry": { "type": "LineString", "coordinates": [ [ -104.0727, 31.1547 ], [ -104.0417, 31.1417 ] ] } },
{ "type": "Feature", "properties": { "faultType": "normal fault, certain" }, "geometry": { "type": "LineString", "coordinates": [ [ -97.0412, 31.2048 ], [ -97.0204, 31.1757 ] ] } },
{ "type": "Feature", "properties": { "faultType": "normal fault, certain" }, "geometry": { "type": "LineString", "coordinates": [ [ -104.8992, 31.1034 ], [ -104.8743, 31.1106 ] ] } },
{ "type": "Feature", "properties": { "faultType": "normal fault, certain" }, "geometry": { "type": "LineString", "coordinates": [ [ -104.9393, 31.1009 ], [ -104.9433, 31.1004 ] ] } },
{ "type": "Feature", "properties": { "faultType": "normal fault, certain" }, "geometry": { "type": "LineString", "coordinates": [ [ -104.5021, 31.1253 ], [ -104.4973, 31.1203 ] ] } },
{ "type": "Feature", "properties": { "faultType": "normal fault, certain" }, "geometry": { "type": "LineString", "coordinates": [ [ -99.0816, 31.2161 ], [ -99.0869, 31.212 ] ] } },
{ "type": "Feature", "properties": { "faultType": "normal fault, certain" }, "geometry": { "type": "LineString", "coordinates": [ [ -104.9181, 31.1047 ], [ -104.9175, 31.1013 ] ] } },
{ "type": "Feature", "properties": { "faultType": "normal fault, certain" }, "geometry": { "type": "LineString", "coordinates": [ [ -104.9141, 31.1013 ], [ -104.9175, 31.1013 ] ] } },
{ "type": "Feature", "properties": { "faultType": "normal fault, certain" }, "geometry": { "type": "LineString", "coordinates": [ [ -104.9175, 31.1013 ], [ -104.9393, 31.1009 ] ] } },
{ "type": "Feature", "properties": { "faultType": "normal fault, certain" }, "geometry": { "type": "LineString", "coordinates": [ [ -104.9809, 31.1035 ], [ -104.9575, 31.0978 ] ] } },
{ "type": "Feature", "properties": { "faultType": "normal fault, certain" }, "geometry": { "type": "LineString", "coordinates": [ [ -104.8743, 31.1106 ], [ -104.8848, 31.1005 ] ] } },
{ "type": "Feature", "properties": { "faultType": "normal fault, certain" }, "geometry": { "type": "LineString", "coordinates": [ [ -97.0616, 31.1716 ], [ -97.055, 31.2098 ] ] } },
{ "type": "Feature", "properties": { "faultType": "normal fault, certain" }, "geometry": { "type": "LineString", "coordinates": [ [ -96.7704, 31.1631 ], [ -96.7549, 31.2043 ] ] } },
{ "type": "Feature", "properties": { "faultType": "normal fault, certain" }, "geometry": { "type": "LineString", "coordinates": [ [ -104.5549, 31.1638 ], [ -104.533, 31.1149 ] ] } },
{ "type": "Feature", "properties": { "faultType": "normal fault, certain" }, "geometry": { "type": "LineString", "coordinates": [ [ -98.989, 31.216 ], [ -98.9948, 31.207 ] ] } },
{ "type": "Feature", "properties": { "faultType": "normal fault, certain" }, "geometry": { "type": "LineString", "coordinates": [ [ -104.482, 31.1499 ], [ -104.4681, 31.1164 ] ] } },
{ "type": "Feature", "properties": { "faultType": "normal fault, certain" }, "geometry": { "type": "LineString", "coordinates": [ [ -104.9393, 31.1009 ], [ -104.9429, 31.0948 ] ] } },
{ "type": "Feature", "properties": { "faultType": "normal fault, certain" }, "geometry": { "type": "LineString", "coordinates": [ [ -104.9429, 31.0948 ], [ -104.9544, 31.0969 ] ] } },
{ "type": "Feature", "properties": { "faultType": "normal fault, certain" }, "geometry": { "type": "LineString", "coordinates": [ [ -104.8452, 31.1262 ], [ -104.8392, 31.0981 ] ] } },
{ "type": "Feature", "properties": { "faultType": "normal fault, certain" }, "geometry": { "type": "LineString", "coordinates": [ [ -99.0003, 31.221 ], [ -99.0171, 31.2044 ] ] } },
{ "type": "Feature", "properties": { "faultType": "normal fault, certain" }, "geometry": { "type": "LineString", "coordinates": [ [ -99.0003, 31.2276 ], [ -99.0171, 31.2044 ] ] } },
{ "type": "Feature", "properties": { "faultType": "normal fault, certain" }, "geometry": { "type": "LineString", "coordinates": [ [ -97.3454, 31.1879 ], [ -97.3614, 31.1755 ] ] } },
{ "type": "Feature", "properties": { "faultType": "normal fault, certain" }, "geometry": { "type": "LineString", "coordinates": [ [ -97.3658, 31.2304 ], [ -97.3614, 31.1755 ] ] } },
{ "type": "Feature", "properties": { "faultType": "normal fault, certain" }, "geometry": { "type": "LineString", "coordinates": [ [ -98.9855, 31.2071 ], [ -98.9878, 31.2028 ] ] } },
{ "type": "Feature", "properties": { "faultType": "normal fault, certain" }, "geometry": { "type": "LineString", "coordinates": [ [ -99.105, 31.2038 ], [ -99.0942, 31.232 ] ] } },
{ "type": "Feature", "properties": { "faultType": "normal fault, certain" }, "geometry": { "type": "LineString", "coordinates": [ [ -104.4863, 31.1359 ], [ -104.4754, 31.1112 ] ] } },
{ "type": "Feature", "properties": { "faultType": "normal fault, certain" }, "geometry": { "type": "LineString", "coordinates": [ [ -98.9114, 31.2003 ], [ -98.894, 31.2086 ] ] } },
{ "type": "Feature", "properties": { "faultType": "normal fault, certain" }, "geometry": { "type": "LineString", "coordinates": [ [ -98.9767, 31.214 ], [ -98.9808, 31.2006 ] ] } },
{ "type": "Feature", "properties": { "faultType": "normal fault, certain" }, "geometry": { "type": "LineString", "coordinates": [ [ -98.983, 31.2145 ], [ -98.9808, 31.2006 ] ] } },
{ "type": "Feature", "properties": { "faultType": "normal fault, certain" }, "geometry": { "type": "LineString", "coordinates": [ [ -98.9276, 31.1998 ], [ -98.9153, 31.22 ] ] } },
{ "type": "Feature", "properties": { "faultType": "normal fault, certain" }, "geometry": { "type": "LineString", "coordinates": [ [ -104.4849, 31.1098 ], [ -104.4754, 31.1112 ] ] } },
{ "type": "Feature", "properties": { "faultType": "normal fault, certain" }, "geometry": { "type": "LineString", "coordinates": [ [ -104.0885, 31.1428 ], [ -104.0608, 31.1269 ] ] } },
{ "type": "Feature", "properties": { "faultType": "normal fault, certain" }, "geometry": { "type": "LineString", "coordinates": [ [ -104.4927, 31.1077 ], [ -104.4849, 31.1098 ] ] } },
{ "type": "Feature", "properties": { "faultType": "normal fault, certain" }, "geometry": { "type": "LineString", "coordinates": [ [ -104.4645, 31.1088 ], [ -104.4481, 31.1127 ] ] } },
{ "type": "Feature", "properties": { "faultType": "normal fault, certain" }, "geometry": { "type": "LineString", "coordinates": [ [ -98.9297, 31.2006 ], [ -98.9302, 31.1974 ] ] } },
{ "type": "Feature", "properties": { "faultType": "normal fault, certain" }, "geometry": { "type": "LineString", "coordinates": [ [ -98.9114, 31.2003 ], [ -98.9321, 31.1941 ] ] } },
{ "type": "Feature", "properties": { "faultType": "normal fault, certain" }, "geometry": { "type": "LineString", "coordinates": [ [ -98.9302, 31.1974 ], [ -98.9321, 31.1941 ] ] } },
{ "type": "Feature", "properties": { "faultType": "normal fault, certain" }, "geometry": { "type": "LineString", "coordinates": [ [ -104.1984, 31.1158 ], [ -104.2338, 31.1418 ] ] } },
{ "type": "Feature", "properties": { "faultType": "normal fault, certain" }, "geometry": { "type": "LineString", "coordinates": [ [ -98.9302, 31.1974 ], [ -98.9419, 31.1937 ] ] } },
{ "type": "Feature", "properties": { "faultType": "normal fault, certain" }, "geometry": { "type": "LineString", "coordinates": [ [ -104.8621, 31.0874 ], [ -104.9429, 31.0948 ] ] } },
{ "type": "Feature", "properties": { "faultType": "normal fault, certain" }, "geometry": { "type": "LineString", "coordinates": [ [ -98.9808, 31.2006 ], [ -98.9868, 31.1918 ] ] } },
{ "type": "Feature", "properties": { "faultType": "normal fault, certain" }, "geometry": { "type": "LineString", "coordinates": [ [ -104.1984, 31.1158 ], [ -104.1648, 31.1139 ] ] } },
{ "type": "Feature", "properties": { "faultType": "normal fault, certain" }, "geometry": { "type": "LineString", "coordinates": [ [ -98.9913, 31.196 ], [ -99.0003, 31.1893 ] ] } },
{ "type": "Feature", "properties": { "faultType": "normal fault, certain" }, "geometry": { "type": "LineString", "coordinates": [ [ -98.9808, 31.2006 ], [ -98.9785, 31.1889 ] ] } },
{ "type": "Feature", "properties": { "faultType": "normal fault, certain" }, "geometry": { "type": "LineString", "coordinates": [ [ -98.7759, 31.1862 ], [ -98.7576, 31.2009 ] ] } },
{ "type": "Feature", "properties": { "faultType": "normal fault, certain" }, "geometry": { "type": "LineString", "coordinates": [ [ -98.9655, 31.1878 ], [ -98.9416, 31.2179 ] ] } },
{ "type": "Feature", "properties": { "faultType": "normal fault, certain" }, "geometry": { "type": "LineString", "coordinates": [ [ -104.1691, 31.117 ], [ -104.1556, 31.1107 ] ] } },
{ "type": "Feature", "properties": { "faultType": "normal fault, certain" }, "geometry": { "type": "LineString", "coordinates": [ [ -97.0204, 31.1757 ], [ -97.0003, 31.1488 ] ] } },
{ "type": "Feature", "properties": { "faultType": "normal fault, certain" }, "geometry": { "type": "LineString", "coordinates": [ [ -98.5945, 31.2024 ], [ -98.5985, 31.181 ] ] } },
{ "type": "Feature", "properties": { "faultType": "normal fault, certain" }, "geometry": { "type": "LineString", "coordinates": [ [ -98.5736, 31.1913 ], [ -98.568, 31.18 ] ] } },
{ "type": "Feature", "properties": { "faultType": "normal fault, certain" }, "geometry": { "type": "LineString", "coordinates": [ [ -98.6891, 31.1929 ], [ -98.7072, 31.1806 ] ] } },
{ "type": "Feature", "properties": { "faultType": "normal fault, certain" }, "geometry": { "type": "LineString", "coordinates": [ [ -98.9321, 31.1941 ], [ -98.9467, 31.1826 ] ] } },
{ "type": "Feature", "properties": { "faultType": "normal fault, certain" }, "geometry": { "type": "LineString", "coordinates": [ [ -104.4238, 31.0948 ], [ -104.482, 31.1499 ] ] } },
{ "type": "Feature", "properties": { "faultType": "normal fault, certain" }, "geometry": { "type": "LineString", "coordinates": [ [ -104.4802, 31.0916 ], [ -104.4849, 31.1098 ] ] } },
{ "type": "Feature", "properties": { "faultType": "normal fault, certain" }, "geometry": { "type": "LineString", "coordinates": [ [ -98.9875, 31.1796 ], [ -98.971, 31.1902 ], [ -98.9645, 31.2134 ] ] } },
{ "type": "Feature", "properties": { "faultType": "normal fault, certain" }, "geometry": { "type": "LineString", "coordinates": [ [ -98.671, 31.176 ], [ -98.6436, 31.2037 ] ] } },
{ "type": "Feature", "properties": { "faultType": "normal fault, certain" }, "geometry": { "type": "LineString", "coordinates": [ [ -98.983, 31.1862 ], [ -99.0003, 31.178 ] ] } },
{ "type": "Feature", "properties": { "faultType": "normal fault, certain" }, "geometry": { "type": "LineString", "coordinates": [ [ -98.5568, 31.1922 ], [ -98.5659, 31.1721 ] ] } },
{ "type": "Feature", "properties": { "faultType": "normal fault, certain" }, "geometry": { "type": "LineString", "coordinates": [ [ -98.568, 31.18 ], [ -98.5659, 31.1721 ] ] } },
{ "type": "Feature", "properties": { "faultType": "normal fault, certain" }, "geometry": { "type": "LineString", "coordinates": [ [ -104.3551, 31.0982 ], [ -104.3469, 31.0924 ] ] } },
{ "type": "Feature", "properties": { "faultType": "normal fault, certain" }, "geometry": { "type": "LineString", "coordinates": [ [ -104.9454, 31.069 ], [ -104.9431, 31.0647 ] ] } },
{ "type": "Feature", "properties": { "faultType": "normal fault, certain" }, "geometry": { "type": "LineString", "coordinates": [ [ -104.9653, 31.0668 ], [ -104.9431, 31.0647 ] ] } },
{ "type": "Feature", "properties": { "faultType": "normal fault, certain" }, "geometry": { "type": "LineString", "coordinates": [ [ -97.1326, 31.5086 ], [ -97.1767, 31.4182 ], [ -97.2086, 31.3141 ], [ -97.2781, 31.1452 ] ] } },
{ "type": "Feature", "properties": { "faultType": "normal fault, certain" }, "geometry": { "type": "LineString", "coordinates": [ [ -99.0003, 31.178 ], [ -99.0081, 31.1727 ] ] } },
{ "type": "Feature", "properties": { "faultType": "normal fault, certain" }, "geometry": { "type": "LineString", "coordinates": [ [ -99.0081, 31.1727 ], [ -99.0003, 31.1908 ] ] } },
{ "type": "Feature", "properties": { "faultType": "normal fault, certain" }, "geometry": { "type": "LineString", "coordinates": [ [ -98.4971, 31.1707 ], [ -98.5044, 31.1668 ] ] } },
{ "type": "Feature", "properties": { "faultType": "normal fault, certain" }, "geometry": { "type": "LineString", "coordinates": [ [ -104.9392, 31.0906 ], [ -104.9322, 31.062 ] ] } },
{ "type": "Feature", "properties": { "faultType": "normal fault, certain" }, "geometry": { "type": "LineString", "coordinates": [ [ -104.9431, 31.0647 ], [ -104.9322, 31.062 ] ] } },
{ "type": "Feature", "properties": { "faultType": "normal fault, certain" }, "geometry": { "type": "LineString", "coordinates": [ [ -98.9456, 31.1719 ], [ -98.9114, 31.2003 ] ] } },
{ "type": "Feature", "properties": { "faultType": "normal fault, certain" }, "geometry": { "type": "LineString", "coordinates": [ [ -98.5438, 31.175 ], [ -98.5513, 31.1657 ] ] } },
{ "type": "Feature", "properties": { "faultType": "normal fault, certain" }, "geometry": { "type": "LineString", "coordinates": [ [ -104.3182, 31.0865 ], [ -104.3513, 31.1061 ] ] } },
{ "type": "Feature", "properties": { "faultType": "normal fault, certain" }, "geometry": { "type": "LineString", "coordinates": [ [ -98.7103, 31.1848 ], [ -98.7301, 31.1671 ] ] } },
{ "type": "Feature", "properties": { "faultType": "normal fault, certain" }, "geometry": { "type": "LineString", "coordinates": [ [ -104.1479, 31.107 ], [ -104.1226, 31.0942 ] ] } },
{ "type": "Feature", "properties": { "faultType": "normal fault, certain" }, "geometry": { "type": "LineString", "coordinates": [ [ -98.957, 31.1691 ], [ -98.9303, 31.2225 ] ] } },
{ "type": "Feature", "properties": { "faultType": "normal fault, certain" }, "geometry": { "type": "LineString", "coordinates": [ [ -97.2837, 31.175 ], [ -97.2966, 31.1393 ] ] } },
{ "type": "Feature", "properties": { "faultType": "normal fault, certain" }, "geometry": { "type": "LineString", "coordinates": [ [ -98.4919, 31.1675 ], [ -98.5069, 31.1598 ] ] } },
{ "type": "Feature", "properties": { "faultType": "normal fault, certain" }, "geometry": { "type": "LineString", "coordinates": [ [ -98.9665, 31.1812 ], [ -98.9765, 31.1649 ] ] } },
{ "type": "Feature", "properties": { "faultType": "normal fault, certain" }, "geometry": { "type": "LineString", "coordinates": [ [ -97.3614, 31.1755 ], [ -97.4007, 31.1377 ] ] } },
{ "type": "Feature", "properties": { "faultType": "normal fault, certain" }, "geometry": { "type": "LineString", "coordinates": [ [ -104.4791, 31.0893 ], [ -104.4679, 31.075 ] ] } },
{ "type": "Feature", "properties": { "faultType": "normal fault, certain" }, "geometry": { "type": "LineString", "coordinates": [ [ -104.4804, 31.0998 ], [ -104.4641, 31.0752 ] ] } },
{ "type": "Feature", "properties": { "faultType": "normal fault, certain" }, "geometry": { "type": "LineString", "coordinates": [ [ -104.0637, 31.1023 ], [ -104.0548, 31.0916 ] ] } },
{ "type": "Feature", "properties": { "faultType": "normal fault, certain" }, "geometry": { "type": "LineString", "coordinates": [ [ -99.1032, 31.1976 ], [ -99.128, 31.1649 ] ] } },
{ "type": "Feature", "properties": { "faultType": "normal fault, certain" }, "geometry": { "type": "LineString", "coordinates": [ [ -99.1244, 31.1635 ], [ -99.0171, 31.2044 ] ] } },
{ "type": "Feature", "properties": { "faultType": "normal fault, certain" }, "geometry": { "type": "LineString", "coordinates": [ [ -98.9503, 31.1816 ], [ -98.9545, 31.1612 ] ] } },
{ "type": "Feature", "properties": { "faultType": "normal fault, certain" }, "geometry": { "type": "LineString", "coordinates": [ [ -104.3469, 31.0924 ], [ -104.3265, 31.0761 ] ] } },
{ "type": "Feature", "properties": { "faultType": "normal fault, certain" }, "geometry": { "type": "LineString", "coordinates": [ [ -98.5547, 31.1637 ], [ -98.5642, 31.1548 ] ] } },
{ "type": "Feature", "properties": { "faultType": "normal fault, certain" }, "geometry": { "type": "LineString", "coordinates": [ [ -98.9677, 31.1668 ], [ -98.966, 31.1582 ] ] } },
{ "type": "Feature", "properties": { "faultType": "normal fault, certain" }, "geometry": { "type": "LineString", "coordinates": [ [ -97.0527, 31.1194 ], [ -97.0204, 31.1757 ] ] } },
{ "type": "Feature", "properties": { "faultType": "normal fault, certain" }, "geometry": { "type": "LineString", "coordinates": [ [ -98.9713, 31.1668 ], [ -98.98, 31.1554 ] ] } },
{ "type": "Feature", "properties": { "faultType": "normal fault, certain" }, "geometry": { "type": "LineString", "coordinates": [ [ -98.7156, 31.1524 ], [ -98.7015, 31.1612 ] ] } },
{ "type": "Feature", "properties": { "faultType": "normal fault, certain" }, "geometry": { "type": "LineString", "coordinates": [ [ -98.7038, 31.1637 ], [ -98.7156, 31.1524 ] ] } },
{ "type": "Feature", "properties": { "faultType": "normal fault, certain" }, "geometry": { "type": "LineString", "coordinates": [ [ -98.5141, 31.1646 ], [ -98.5419, 31.15 ] ] } },
{ "type": "Feature", "properties": { "faultType": "normal fault, certain" }, "geometry": { "type": "LineString", "coordinates": [ [ -104.3469, 31.0924 ], [ -104.3327, 31.0711 ] ] } },
{ "type": "Feature", "properties": { "faultType": "normal fault, certain" }, "geometry": { "type": "LineString", "coordinates": [ [ -98.5659, 31.1721 ], [ -98.5877, 31.1504 ] ] } },
{ "type": "Feature", "properties": { "faultType": "normal fault, certain" }, "geometry": { "type": "LineString", "coordinates": [ [ -98.568, 31.18 ], [ -98.5877, 31.1504 ] ] } },
{ "type": "Feature", "properties": { "faultType": "normal fault, certain" }, "geometry": { "type": "LineString", "coordinates": [ [ -98.7156, 31.1524 ], [ -98.7195, 31.1499 ] ] } },
{ "type": "Feature", "properties": { "faultType": "normal fault, certain" }, "geometry": { "type": "LineString", "coordinates": [ [ -98.6675, 31.1831 ], [ -98.7195, 31.1499 ] ] } },
{ "type": "Feature", "properties": { "faultType": "normal fault, certain" }, "geometry": { "type": "LineString", "coordinates": [ [ -96.7109, 31.1814 ], [ -96.7504, 31.1051 ] ] } },
{ "type": "Feature", "properties": { "faultType": "normal fault, certain" }, "geometry": { "type": "LineString", "coordinates": [ [ -98.7141, 31.1639 ], [ -98.7378, 31.1468 ] ] } },
{ "type": "Feature", "properties": { "faultType": "normal fault, certain" }, "geometry": { "type": "LineString", "coordinates": [ [ -104.0913, 31.0744 ], [ -104.1171, 31.0897 ] ] } },
{ "type": "Feature", "properties": { "faultType": "normal fault, certain" }, "geometry": { "type": "LineString", "coordinates": [ [ -98.7195, 31.1499 ], [ -98.7297, 31.1447 ] ] } },
{ "type": "Feature", "properties": { "faultType": "normal fault, certain" }, "geometry": { "type": "LineString", "coordinates": [ [ -98.7378, 31.1468 ], [ -98.7297, 31.1447 ] ] } },
{ "type": "Feature", "properties": { "faultType": "normal fault, certain" }, "geometry": { "type": "LineString", "coordinates": [ [ -98.9247, 31.1794 ], [ -98.9553, 31.1448 ] ] } },
{ "type": "Feature", "properties": { "faultType": "normal fault, certain" }, "geometry": { "type": "LineString", "coordinates": [ [ -104.241, 31.1382 ], [ -104.1792, 31.0631 ] ] } },
{ "type": "Feature", "properties": { "faultType": "normal fault, certain" }, "geometry": { "type": "LineString", "coordinates": [ [ -98.6102, 31.162 ], [ -98.625, 31.1363 ] ] } },
{ "type": "Feature", "properties": { "faultType": "normal fault, certain" }, "geometry": { "type": "LineString", "coordinates": [ [ -98.817, 31.156 ], [ -98.8367, 31.1388 ] ] } },
{ "type": "Feature", "properties": { "faultType": "normal fault, certain" }, "geometry": { "type": "LineString", "coordinates": [ [ -98.5457, 31.1593 ], [ -98.572, 31.1347 ] ] } },
{ "type": "Feature", "properties": { "faultType": "normal fault, certain" }, "geometry": { "type": "LineString", "coordinates": [ [ -98.7729, 31.1361 ], [ -98.7378, 31.1468 ] ] } },
{ "type": "Feature", "properties": { "faultType": "normal fault, certain" }, "geometry": { "type": "LineString", "coordinates": [ [ -98.7729, 31.1361 ], [ -98.7611, 31.1506 ] ] } },
{ "type": "Feature", "properties": { "faultType": "normal fault, certain" }, "geometry": { "type": "LineString", "coordinates": [ [ -98.7298, 31.1336 ], [ -98.727, 31.1345 ] ] } },
{ "type": "Feature", "properties": { "faultType": "normal fault, certain" }, "geometry": { "type": "LineString", "coordinates": [ [ -98.7297, 31.1447 ], [ -98.7298, 31.1336 ] ] } },
{ "type": "Feature", "properties": { "faultType": "normal fault, certain" }, "geometry": { "type": "LineString", "coordinates": [ [ -97.3022, 31.1385 ], [ -97.3306, 31.107 ] ] } },
{ "type": "Feature", "properties": { "faultType": "normal fault, certain" }, "geometry": { "type": "LineString", "coordinates": [ [ -98.5967, 31.132 ], [ -98.5999, 31.131 ] ] } },
{ "type": "Feature", "properties": { "faultType": "normal fault, certain" }, "geometry": { "type": "LineString", "coordinates": [ [ -98.7809, 31.1327 ], [ -98.7729, 31.1361 ] ] } },
{ "type": "Feature", "properties": { "faultType": "normal fault, certain" }, "geometry": { "type": "LineString", "coordinates": [ [ -98.7809, 31.1327 ], [ -98.7769, 31.1386 ] ] } },
{ "type": "Feature", "properties": { "faultType": "normal fault, certain" }, "geometry": { "type": "LineString", "coordinates": [ [ -99.0273, 31.1351 ], [ -99.0081, 31.1727 ] ] } },
{ "type": "Feature", "properties": { "faultType": "normal fault, certain" }, "geometry": { "type": "LineString", "coordinates": [ [ -98.5877, 31.1504 ], [ -98.6057, 31.1302 ] ] } },
{ "type": "Feature", "properties": { "faultType": "normal fault, certain" }, "geometry": { "type": "LineString", "coordinates": [ [ -99.0003, 31.1334 ], [ -98.9674, 31.1321 ], [ -98.9514, 31.1467 ] ] } },
{ "type": "Feature", "properties": { "faultType": "normal fault, certain" }, "geometry": { "type": "LineString", "coordinates": [ [ -98.6024, 31.1513 ], [ -98.6156, 31.1257 ] ] } },
{ "type": "Feature", "properties": { "faultType": "normal fault, certain" }, "geometry": { "type": "LineString", "coordinates": [ [ -98.616, 31.137 ], [ -98.6156, 31.1257 ] ] } },
{ "type": "Feature", "properties": { "faultType": "normal fault, certain" }, "geometry": { "type": "LineString", "coordinates": [ [ -97.0678, 31.0938 ], [ -97.0601, 31.1073 ] ] } },
{ "type": "Feature", "properties": { "faultType": "normal fault, certain" }, "geometry": { "type": "LineString", "coordinates": [ [ -97.0678, 31.0938 ], [ -97.0674, 31.1105 ] ] } },
{ "type": "Feature", "properties": { "faultType": "normal fault, certain" }, "geometry": { "type": "LineString", "coordinates": [ [ -98.5813, 31.1434 ], [ -98.5995, 31.1251 ] ] } },
{ "type": "Feature", "properties": { "faultType": "normal fault, certain" }, "geometry": { "type": "LineString", "coordinates": [ [ -98.5995, 31.1251 ], [ -98.5999, 31.131 ] ] } },
{ "type": "Feature", "properties": { "faultType": "normal fault, certain" }, "geometry": { "type": "LineString", "coordinates": [ [ -98.5324, 31.1483 ], [ -98.5666, 31.1243 ] ] } },
{ "type": "Feature", "properties": { "faultType": "normal fault, certain" }, "geometry": { "type": "LineString", "coordinates": [ [ -104.4558, 31.0499 ], [ -104.4482, 31.0402 ] ] } },
{ "type": "Feature", "properties": { "faultType": "normal fault, certain" }, "geometry": { "type": "LineString", "coordinates": [ [ -98.5999, 31.131 ], [ -98.614, 31.1224 ] ] } },
{ "type": "Feature", "properties": { "faultType": "normal fault, certain" }, "geometry": { "type": "LineString", "coordinates": [ [ -98.6007, 31.1204 ], [ -98.5995, 31.1251 ] ] } },
{ "type": "Feature", "properties": { "faultType": "normal fault, certain" }, "geometry": { "type": "LineString", "coordinates": [ [ -104.3064, 31.0412 ], [ -104.3213, 31.0798 ] ] } },
{ "type": "Feature", "properties": { "faultType": "normal fault, certain" }, "geometry": { "type": "LineString", "coordinates": [ [ -98.7886, 31.1309 ], [ -98.8001, 31.1222 ] ] } },
{ "type": "Feature", "properties": { "faultType": "normal fault, certain" }, "geometry": { "type": "LineString", "coordinates": [ [ -98.8001, 31.1222 ], [ -98.7865, 31.1677 ], [ -98.7685, 31.1851 ] ] } },
{ "type": "Feature", "properties": { "faultType": "normal fault, certain" }, "geometry": { "type": "LineString", "coordinates": [ [ -98.745, 31.1365 ], [ -98.7875, 31.122 ] ] } },
{ "type": "Feature", "properties": { "faultType": "normal fault, certain" }, "geometry": { "type": "LineString", "coordinates": [ [ -98.7875, 31.122 ], [ -98.7809, 31.1327 ] ] } },
{ "type": "Feature", "properties": { "faultType": "normal fault, certain" }, "geometry": { "type": "LineString", "coordinates": [ [ -99.0003, 31.1294 ], [ -99.0324, 31.1242 ] ] } },
{ "type": "Feature", "properties": { "faultType": "normal fault, certain" }, "geometry": { "type": "LineString", "coordinates": [ [ -99.0003, 31.1348 ], [ -99.0324, 31.1242 ] ] } },
{ "type": "Feature", "properties": { "faultType": "normal fault, certain" }, "geometry": { "type": "LineString", "coordinates": [ [ -98.8001, 31.1222 ], [ -98.8043, 31.1207 ] ] } },
{ "type": "Feature", "properties": { "faultType": "normal fault, certain" }, "geometry": { "type": "LineString", "coordinates": [ [ -104.2881, 31.0399 ], [ -104.299, 31.0566 ] ] } },
{ "type": "Feature", "properties": { "faultType": "normal fault, certain" }, "geometry": { "type": "LineString", "coordinates": [ [ -99.0725, 31.1346 ], [ -99.1014, 31.1231 ], [ -99.1361, 31.1239 ] ] } },
{ "type": "Feature", "properties": { "faultType": "normal fault, certain" }, "geometry": { "type": "LineString", "coordinates": [ [ -103.9566, 31.0648 ], [ -103.9422, 31.0511 ] ] } },
{ "type": "Feature", "properties": { "faultType": "normal fault, certain" }, "geometry": { "type": "LineString", "coordinates": [ [ -98.7834, 31.1348 ], [ -98.7984, 31.1171 ] ] } },
{ "type": "Feature", "properties": { "faultType": "normal fault, certain" }, "geometry": { "type": "LineString", "coordinates": [ [ -98.8401, 31.1176 ], [ -98.8241, 31.1279 ] ] } },
{ "type": "Feature", "properties": { "faultType": "normal fault, certain" }, "geometry": { "type": "LineString", "coordinates": [ [ -98.8353, 31.1253 ], [ -98.8401, 31.1176 ] ] } },
{ "type": "Feature", "properties": { "faultType": "normal fault, certain" }, "geometry": { "type": "LineString", "coordinates": [ [ -98.6156, 31.1257 ], [ -98.621, 31.1137 ] ] } },
{ "type": "Feature", "properties": { "faultType": "normal fault, certain" }, "geometry": { "type": "LineString", "coordinates": [ [ -98.6156, 31.1257 ], [ -98.621, 31.1137 ] ] } },
{ "type": "Feature", "properties": { "faultType": "normal fault, certain" }, "geometry": { "type": "LineString", "coordinates": [ [ -104.0486, 31.0873 ], [ -103.9511, 31.0485 ] ] } },
{ "type": "Feature", "properties": { "faultType": "normal fault, certain" }, "geometry": { "type": "LineString", "coordinates": [ [ -99.0003, 31.1229 ], [ -99.0066, 31.1159 ] ] } },
{ "type": "Feature", "properties": { "faultType": "normal fault, certain" }, "geometry": { "type": "LineString", "coordinates": [ [ -105.1853, 30.992 ], [ -105.1675, 30.9985 ] ] } },
{ "type": "Feature", "properties": { "faultType": "normal fault, certain" }, "geometry": { "type": "LineString", "coordinates": [ [ -98.4314, 31.1069 ], [ -98.4228, 31.14 ] ] } },
{ "type": "Feature", "properties": { "faultType": "normal fault, certain" }, "geometry": { "type": "LineString", "coordinates": [ [ -104.1723, 31.0472 ], [ -104.1647, 31.0359 ] ] } },
{ "type": "Feature", "properties": { "faultType": "normal fault, certain" }, "geometry": { "type": "LineString", "coordinates": [ [ -104.445, 31.0329 ], [ -104.4365, 31.0241 ] ] } },
{ "type": "Feature", "properties": { "faultType": "normal fault, certain" }, "geometry": { "type": "LineString", "coordinates": [ [ -104.4348, 31.0227 ], [ -104.4426, 31.0682 ] ] } },
{ "type": "Feature", "properties": { "faultType": "normal fault, certain" }, "geometry": { "type": "LineString", "coordinates": [ [ -105.1158, 30.994 ], [ -105.0989, 30.9922 ] ] } },
{ "type": "Feature", "properties": { "faultType": "normal fault, certain" }, "geometry": { "type": "LineString", "coordinates": [ [ -98.8458, 31.1219 ], [ -98.8535, 31.109 ] ] } },
{ "type": "Feature", "properties": { "faultType": "normal fault, certain" }, "geometry": { "type": "LineString", "coordinates": [ [ -98.621, 31.1137 ], [ -98.6248, 31.1054 ] ] } },
{ "type": "Feature", "properties": { "faultType": "normal fault, certain" }, "geometry": { "type": "LineString", "coordinates": [ [ -99.0324, 31.1242 ], [ -99.0666, 31.1097 ] ] } },
{ "type": "Feature", "properties": { "faultType": "normal fault, certain" }, "geometry": { "type": "LineString", "coordinates": [ [ -99.0081, 31.1727 ], [ -99.0666, 31.1097 ] ] } },
{ "type": "Feature", "properties": { "faultType": "normal fault, certain" }, "geometry": { "type": "LineString", "coordinates": [ [ -98.9243, 31.1067 ], [ -98.9169, 31.1301 ], [ -98.8475, 31.194 ] ] } },
{ "type": "Feature", "properties": { "faultType": "normal fault, certain" }, "geometry": { "type": "LineString", "coordinates": [ [ -104.0856, 31.071 ], [ -104.0308, 31.0571 ], [ -104.0016, 31.0349 ] ] } },
{ "type": "Feature", "properties": { "faultType": "normal fault, certain" }, "geometry": { "type": "LineString", "coordinates": [ [ -98.4078, 31.1052 ], [ -98.4064, 31.0983 ] ] } },
{ "type": "Feature", "properties": { "faultType": "normal fault, certain" }, "geometry": { "type": "LineString", "coordinates": [ [ -99.0274, 31.1196 ], [ -99.0492, 31.1059 ] ] } },
{ "type": "Feature", "properties": { "faultType": "normal fault, certain" }, "geometry": { "type": "LineString", "coordinates": [ [ -104.3724, 31.0293 ], [ -104.3683, 31.0189 ] ] } },
{ "type": "Feature", "properties": { "faultType": "normal fault, certain" }, "geometry": { "type": "LineString", "coordinates": [ [ -104.4941, 31.03 ], [ -104.4851, 31.0139 ] ] } },
{ "type": "Feature", "properties": { "faultType": "normal fault, certain" }, "geometry": { "type": "LineString", "coordinates": [ [ -99.0461, 31.1045 ], [ -99.0122, 31.1262 ] ] } },
{ "type": "Feature", "properties": { "faultType": "normal fault, certain" }, "geometry": { "type": "LineString", "coordinates": [ [ -97.3815, 31.1162 ], [ -97.4047, 31.0734 ] ] } },
{ "type": "Feature", "properties": { "faultType": "normal fault, certain" }, "geometry": { "type": "LineString", "coordinates": [ [ -98.4064, 31.0983 ], [ -98.4052, 31.0916 ] ] } },
{ "type": "Feature", "properties": { "faultType": "normal fault, certain" }, "geometry": { "type": "LineString", "coordinates": [ [ -98.6069, 31.093 ], [ -98.5869, 31.1115 ] ] } },
{ "type": "Feature", "properties": { "faultType": "normal fault, certain" }, "geometry": { "type": "LineString", "coordinates": [ [ -98.838, 31.0936 ], [ -98.8092, 31.0993 ], [ -98.7875, 31.122 ] ] } },
{ "type": "Feature", "properties": { "faultType": "normal fault, certain" }, "geometry": { "type": "LineString", "coordinates": [ [ -98.838, 31.0936 ], [ -98.7977, 31.115 ] ] } },
{ "type": "Feature", "properties": { "faultType": "normal fault, certain" }, "geometry": { "type": "LineString", "coordinates": [ [ -98.5632, 31.1069 ], [ -98.5711, 31.0884 ] ] } },
{ "type": "Feature", "properties": { "faultType": "normal fault, certain" }, "geometry": { "type": "LineString", "coordinates": [ [ -96.8931, 31.0697 ], [ -96.8978, 31.0507 ] ] } },
{ "type": "Feature", "properties": { "faultType": "normal fault, certain" }, "geometry": { "type": "LineString", "coordinates": [ [ -98.8401, 31.1176 ], [ -98.8531, 31.0896 ] ] } },
{ "type": "Feature", "properties": { "faultType": "normal fault, certain" }, "geometry": { "type": "LineString", "coordinates": [ [ -99.0648, 31.1088 ], [ -99.0767, 31.0905 ] ] } },
{ "type": "Feature", "properties": { "faultType": "normal fault, certain" }, "geometry": { "type": "LineString", "coordinates": [ [ -99.0066, 31.1159 ], [ -99.0417, 31.09 ] ] } },
{ "type": "Feature", "properties": { "faultType": "normal fault, certain" }, "geometry": { "type": "LineString", "coordinates": [ [ -98.442, 31.104 ], [ -98.4556, 31.0763 ] ] } },
{ "type": "Feature", "properties": { "faultType": "normal fault, certain" }, "geometry": { "type": "LineString", "coordinates": [ [ -98.4556, 31.0763 ], [ -98.4573, 31.0748 ] ] } },
{ "type": "Feature", "properties": { "faultType": "normal fault, certain" }, "geometry": { "type": "LineString", "coordinates": [ [ -98.4052, 31.0916 ], [ -98.4091, 31.074 ] ] } },
{ "type": "Feature", "properties": { "faultType": "normal fault, certain" }, "geometry": { "type": "LineString", "coordinates": [ [ -98.4064, 31.0983 ], [ -98.4175, 31.074 ] ] } },
{ "type": "Feature", "properties": { "faultType": "normal fault, certain" }, "geometry": { "type": "LineString", "coordinates": [ [ -99.0666, 31.1097 ], [ -99.098, 31.0812 ] ] } },
{ "type": "Feature", "properties": { "faultType": "normal fault, certain" }, "geometry": { "type": "LineString", "coordinates": [ [ -99.0544, 31.0954 ], [ -99.0669, 31.0796 ] ] } },
{ "type": "Feature", "properties": { "faultType": "normal fault, certain" }, "geometry": { "type": "LineString", "coordinates": [ [ -104.4119, 31.001 ], [ -104.3829, 30.986 ] ] } },
{ "type": "Feature", "properties": { "faultType": "normal fault, certain" }, "geometry": { "type": "LineString", "coordinates": [ [ -99.0643, 31.1008 ], [ -99.0898, 31.0721 ] ] } },
{ "type": "Feature", "properties": { "faultType": "normal fault, certain" }, "geometry": { "type": "LineString", "coordinates": [ [ -98.5702, 31.1123 ], [ -98.5776, 31.0827 ], [ -98.5964, 31.0658 ] ] } },
{ "type": "Feature", "properties": { "faultType": "normal fault, certain" }, "geometry": { "type": "LineString", "coordinates": [ [ -99.098, 31.0812 ], [ -99.1145, 31.0702 ] ] } },
{ "type": "Feature", "properties": { "faultType": "normal fault, certain" }, "geometry": { "type": "LineString", "coordinates": [ [ -99.1153, 31.0708 ], [ -99.1145, 31.0702 ] ] } },
{ "type": "Feature", "properties": { "faultType": "normal fault, certain" }, "geometry": { "type": "LineString", "coordinates": [ [ -96.6607, 31.1084 ], [ -96.7209, 31.0229 ] ] } },
{ "type": "Feature", "properties": { "faultType": "normal fault, certain" }, "geometry": { "type": "LineString", "coordinates": [ [ -99.0593, 31.0693 ], [ -99.0153, 31.0924 ], [ -99.0066, 31.1159 ] ] } },
{ "type": "Feature", "properties": { "faultType": "normal fault, certain" }, "geometry": { "type": "LineString", "coordinates": [ [ -98.4091, 31.074 ], [ -98.4182, 31.0597 ] ] } },
{ "type": "Feature", "properties": { "faultType": "normal fault, certain" }, "geometry": { "type": "LineString", "coordinates": [ [ -99.0003, 31.0662 ], [ -98.9775, 31.0791 ] ] } },
{ "type": "Feature", "properties": { "faultType": "normal fault, certain" }, "geometry": { "type": "LineString", "coordinates": [ [ -99.098, 31.0812 ], [ -99.1094, 31.0667 ] ] } },
{ "type": "Feature", "properties": { "faultType": "normal fault, certain" }, "geometry": { "type": "LineString", "coordinates": [ [ -99.1145, 31.0702 ], [ -99.1094, 31.0667 ] ] } },
{ "type": "Feature", "properties": { "faultType": "normal fault, certain" }, "geometry": { "type": "LineString", "coordinates": [ [ -98.775, 31.0631 ], [ -98.7298, 31.1336 ] ] } },
{ "type": "Feature", "properties": { "faultType": "normal fault, certain" }, "geometry": { "type": "LineString", "coordinates": [ [ -98.4091, 31.074 ], [ -98.4158, 31.058 ] ] } },
{ "type": "Feature", "properties": { "faultType": "normal fault, certain" }, "geometry": { "type": "LineString", "coordinates": [ [ -96.8994, 31.0425 ], [ -96.9064, 31.0245 ] ] } },
{ "type": "Feature", "properties": { "faultType": "normal fault, certain" }, "geometry": { "type": "LineString", "coordinates": [ [ -99.0791, 31.0764 ], [ -99.091, 31.0644 ] ] } },
{ "type": "Feature", "properties": { "faultType": "normal fault, certain" }, "geometry": { "type": "LineString", "coordinates": [ [ -99.1094, 31.0667 ], [ -99.107, 31.0645 ] ] } },
{ "type": "Feature", "properties": { "faultType": "normal fault, certain" }, "geometry": { "type": "LineString", "coordinates": [ [ -99.1166, 31.0644 ], [ -99.1181, 31.0649 ] ] } },
{ "type": "Feature", "properties": { "faultType": "normal fault, certain" }, "geometry": { "type": "LineString", "coordinates": [ [ -99.1137, 31.0635 ], [ -99.1166, 31.0644 ] ] } },
{ "type": "Feature", "properties": { "faultType": "normal fault, certain" }, "geometry": { "type": "LineString", "coordinates": [ [ -99.1073, 31.0629 ], [ -99.1137, 31.0635 ] ] } },
{ "type": "Feature", "properties": { "faultType": "normal fault, certain" }, "geometry": { "type": "LineString", "coordinates": [ [ -98.6249, 31.1031 ], [ -98.6353, 31.0714 ], [ -98.6536, 31.0549 ] ] } },
{ "type": "Feature", "properties": { "faultType": "normal fault, certain" }, "geometry": { "type": "LineString", "coordinates": [ [ -98.5992, 31.184 ], [ -98.6249, 31.1256 ], [ -98.6313, 31.0857 ], [ -98.6536, 31.0549 ] ] } },
{ "type": "Feature", "properties": { "faultType": "normal fault, certain" }, "geometry": { "type": "LineString", "coordinates": [ [ -105.0753, 30.9666 ], [ -105.0546, 30.9421 ] ] } },
{ "type": "Feature", "properties": { "faultType": "normal fault, certain" }, "geometry": { "type": "LineString", "coordinates": [ [ -105.0154, 30.9453 ], [ -105.0476, 30.9411 ] ] } },
{ "type": "Feature", "properties": { "faultType": "normal fault, certain" }, "geometry": { "type": "LineString", "coordinates": [ [ -105.319, 30.958 ], [ -105.3671, 30.925 ] ] } },
{ "type": "Feature", "properties": { "faultType": "normal fault, certain" }, "geometry": { "type": "LineString", "coordinates": [ [ -98.6536, 31.0549 ], [ -98.6593, 31.051 ] ] } },
{ "type": "Feature", "properties": { "faultType": "normal fault, certain" }, "geometry": { "type": "LineString", "coordinates": [ [ -98.6536, 31.0618 ], [ -98.6593, 31.051 ] ] } },
{ "type": "Feature", "properties": { "faultType": "normal fault, certain" }, "geometry": { "type": "LineString", "coordinates": [ [ -104.2896, 30.9717 ], [ -104.3068, 30.9904 ] ] } },
{ "type": "Feature", "properties": { "faultType": "normal fault, certain" }, "geometry": { "type": "LineString", "coordinates": [ [ -105.062, 30.9378 ], [ -105.1153, 30.9385 ] ] } },
{ "type": "Feature", "properties": { "faultType": "normal fault, certain" }, "geometry": { "type": "LineString", "coordinates": [ [ -99.1169, 31.0696 ], [ -99.1267, 31.0546 ] ] } },
{ "type": "Feature", "properties": { "faultType": "normal fault, certain" }, "geometry": { "type": "LineString", "coordinates": [ [ -98.9098, 31.0525 ], [ -98.838, 31.0936 ] ] } },
{ "type": "Feature", "properties": { "faultType": "normal fault, certain" }, "geometry": { "type": "LineString", "coordinates": [ [ -98.6593, 31.051 ], [ -98.6614, 31.0467 ] ] } },
{ "type": "Feature", "properties": { "faultType": "normal fault, certain" }, "geometry": { "type": "LineString", "coordinates": [ [ -99.128, 31.0712 ], [ -99.1358, 31.0516 ] ] } },
{ "type": "Feature", "properties": { "faultType": "normal fault, certain" }, "geometry": { "type": "LineString", "coordinates": [ [ -104.1459, 31.0604 ], [ -104.1585, 30.9729 ] ] } },
{ "type": "Feature", "properties": { "faultType": "normal fault, certain" }, "geometry": { "type": "LineString", "coordinates": [ [ -98.4401, 31.0433 ], [ -98.4366, 31.0568 ] ] } },
{ "type": "Feature", "properties": { "faultType": "normal fault, certain" }, "geometry": { "type": "LineString", "coordinates": [ [ -98.4221, 31.0425 ], [ -98.4158, 31.058 ] ] } },
{ "type": "Feature", "properties": { "faultType": "normal fault, certain" }, "geometry": { "type": "LineString", "coordinates": [ [ -98.4158, 31.058 ], [ -98.4221, 31.0425 ] ] } },
{ "type": "Feature", "properties": { "faultType": "normal fault, certain" }, "geometry": { "type": "LineString", "coordinates": [ [ -99.0967, 31.0493 ], [ -99.0593, 31.0693 ] ] } },
{ "type": "Feature", "properties": { "faultType": "normal fault, certain" }, "geometry": { "type": "LineString", "coordinates": [ [ -98.4913, 31.0422 ], [ -98.5075, 31.0549 ] ] } },
{ "type": "Feature", "properties": { "faultType": "normal fault, certain" }, "geometry": { "type": "LineString", "coordinates": [ [ -98.4401, 31.0433 ], [ -98.4276, 31.0412 ] ] } },
{ "type": "Feature", "properties": { "faultType": "normal fault, certain" }, "geometry": { "type": "LineString", "coordinates": [ [ -99.1174, 31.0769 ], [ -99.1315, 31.0491 ] ] } },
{ "type": "Feature", "properties": { "faultType": "normal fault, certain" }, "geometry": { "type": "LineString", "coordinates": [ [ -98.4556, 31.0763 ], [ -98.4692, 31.0409 ] ] } },
{ "type": "Feature", "properties": { "faultType": "normal fault, certain" }, "geometry": { "type": "LineString", "coordinates": [ [ -98.4052, 31.0916 ], [ -98.4242, 31.0591 ], [ -98.4246, 31.0399 ] ] } },
{ "type": "Feature", "properties": { "faultType": "normal fault, certain" }, "geometry": { "type": "LineString", "coordinates": [ [ -98.4276, 31.0412 ], [ -98.4246, 31.0399 ] ] } },
{ "type": "Feature", "properties": { "faultType": "normal fault, certain" }, "geometry": { "type": "LineString", "coordinates": [ [ -98.4492, 31.1042 ], [ -98.4822, 31.0407 ] ] } },
{ "type": "Feature", "properties": { "faultType": "normal fault, certain" }, "geometry": { "type": "LineString", "coordinates": [ [ -98.4221, 31.0425 ], [ -98.4232, 31.0394 ] ] } },
{ "type": "Feature", "properties": { "faultType": "normal fault, certain" }, "geometry": { "type": "LineString", "coordinates": [ [ -98.4246, 31.0399 ], [ -98.4232, 31.0394 ] ] } },
{ "type": "Feature", "properties": { "faultType": "normal fault, certain" }, "geometry": { "type": "LineString", "coordinates": [ [ -98.6609, 31.0427 ], [ -98.6537, 31.05 ] ] } },
{ "type": "Feature", "properties": { "faultType": "normal fault, certain" }, "geometry": { "type": "LineString", "coordinates": [ [ -98.6609, 31.0427 ], [ -98.6614, 31.0467 ] ] } },
{ "type": "Feature", "properties": { "faultType": "normal fault, certain" }, "geometry": { "type": "LineString", "coordinates": [ [ -104.0538, 30.9732 ], [ -104.0749, 30.9924 ] ] } },
{ "type": "Feature", "properties": { "faultType": "normal fault, certain" }, "geometry": { "type": "LineString", "coordinates": [ [ -105.37, 30.9142 ], [ -105.3432, 30.9228 ] ] } },
{ "type": "Feature", "properties": { "faultType": "normal fault, certain" }, "geometry": { "type": "LineString", "coordinates": [ [ -98.6614, 31.0467 ], [ -98.6646, 31.0417 ] ] } },
{ "type": "Feature", "properties": { "faultType": "normal fault, certain" }, "geometry": { "type": "LineString", "coordinates": [ [ -99.1137, 31.0635 ], [ -99.1201, 31.0449 ] ] } },
{ "type": "Feature", "properties": { "faultType": "normal fault, certain" }, "geometry": { "type": "LineString", "coordinates": [ [ -99.1166, 31.0644 ], [ -99.1201, 31.0449 ] ] } },
{ "type": "Feature", "properties": { "faultType": "normal fault, certain" }, "geometry": { "type": "LineString", "coordinates": [ [ -99.0003, 31.0662 ], [ -99.0231, 31.0437 ] ] } },
{ "type": "Feature", "properties": { "faultType": "normal fault, certain" }, "geometry": { "type": "LineString", "coordinates": [ [ -99.2026, 31.0464 ], [ -99.2092, 31.0412 ] ] } },
{ "type": "Feature", "properties": { "faultType": "normal fault, certain" }, "geometry": { "type": "LineString", "coordinates": [ [ -99.2092, 31.0412 ], [ -99.2039, 31.075 ], [ -99.1902, 31.0929 ] ] } },
{ "type": "Feature", "properties": { "faultType": "normal fault, certain" }, "geometry": { "type": "LineString", "coordinates": [ [ -99.1201, 31.0449 ], [ -99.1235, 31.0386 ] ] } },
{ "type": "Feature", "properties": { "faultType": "normal fault, certain" }, "geometry": { "type": "LineString", "coordinates": [ [ -99.1267, 31.0546 ], [ -99.1235, 31.0386 ] ] } },
{ "type": "Feature", "properties": { "faultType": "normal fault, certain" }, "geometry": { "type": "LineString", "coordinates": [ [ -98.3978, 31.0294 ], [ -98.3653, 31.0576 ] ] } },
{ "type": "Feature", "properties": { "faultType": "normal fault, certain" }, "geometry": { "type": "LineString", "coordinates": [ [ -99.0003, 31.0368 ], [ -98.9439, 31.0712 ] ] } },
{ "type": "Feature", "properties": { "faultType": "normal fault, certain" }, "geometry": { "type": "LineString", "coordinates": [ [ -99.1235, 31.0386 ], [ -99.1256, 31.0361 ] ] } },
{ "type": "Feature", "properties": { "faultType": "normal fault, certain" }, "geometry": { "type": "LineString", "coordinates": [ [ -99.1267, 31.0546 ], [ -99.1256, 31.0361 ] ] } },
{ "type": "Feature", "properties": { "faultType": "normal fault, certain" }, "geometry": { "type": "LineString", "coordinates": [ [ -99.2081, 31.0367 ], [ -99.1923, 31.0564 ] ] } },
{ "type": "Feature", "properties": { "faultType": "normal fault, certain" }, "geometry": { "type": "LineString", "coordinates": [ [ -99.2081, 31.0367 ], [ -99.2092, 31.0412 ] ] } },
{ "type": "Feature", "properties": { "faultType": "normal fault, certain" }, "geometry": { "type": "LineString", "coordinates": [ [ -98.4451, 31.0272 ], [ -98.4401, 31.0433 ] ] } },
{ "type": "Feature", "properties": { "faultType": "normal fault, certain" }, "geometry": { "type": "LineString", "coordinates": [ [ -104.1585, 30.9729 ], [ -104.1587, 30.9537 ] ] } },
{ "type": "Feature", "properties": { "faultType": "normal fault, certain" }, "geometry": { "type": "LineString", "coordinates": [ [ -104.2877, 30.9676 ], [ -104.2763, 30.9469 ] ] } },
{ "type": "Feature", "properties": { "faultType": "normal fault, certain" }, "geometry": { "type": "LineString", "coordinates": [ [ -105.3368, 30.9231 ], [ -105.3546, 30.8971 ] ] } },
{ "type": "Feature", "properties": { "faultType": "normal fault, certain" }, "geometry": { "type": "LineString", "coordinates": [ [ -104.0422, 30.9538 ], [ -104.0538, 30.9732 ] ] } },
{ "type": "Feature", "properties": { "faultType": "normal fault, certain" }, "geometry": { "type": "LineString", "coordinates": [ [ -104.0259, 30.952 ], [ -104.0538, 30.9732 ] ] } },
{ "type": "Feature", "properties": { "faultType": "normal fault, certain" }, "geometry": { "type": "LineString", "coordinates": [ [ -99.2057, 31.0239 ], [ -99.2081, 31.0367 ] ] } },
{ "type": "Feature", "properties": { "faultType": "normal fault, certain" }, "geometry": { "type": "LineString", "coordinates": [ [ -99.0995, 31.0459 ], [ -99.1132, 31.0214 ] ] } },
{ "type": "Feature", "properties": { "faultType": "normal fault, certain" }, "geometry": { "type": "LineString", "coordinates": [ [ -99.1132, 31.0214 ], [ -99.1235, 31.0386 ] ] } },
{ "type": "Feature", "properties": { "faultType": "normal fault, certain" }, "geometry": { "type": "LineString", "coordinates": [ [ -98.4232, 31.0394 ], [ -98.4258, 31.013 ] ] } },
{ "type": "Feature", "properties": { "faultType": "normal fault, certain" }, "geometry": { "type": "LineString", "coordinates": [ [ -98.4198, 31.0119 ], [ -98.3978, 31.0294 ] ] } },
{ "type": "Feature", "properties": { "faultType": "normal fault, certain" }, "geometry": { "type": "LineString", "coordinates": [ [ -98.4198, 31.0119 ], [ -98.4029, 31.0575 ] ] } },
{ "type": "Feature", "properties": { "faultType": "normal fault, certain" }, "geometry": { "type": "LineString", "coordinates": [ [ -98.6505, 31.0144 ], [ -98.6276, 31.0479 ] ] } },
{ "type": "Feature", "properties": { "faultType": "normal fault, certain" }, "geometry": { "type": "LineString", "coordinates": [ [ -98.644, 31.0467 ], [ -98.6505, 31.0144 ] ] } },
{ "type": "Feature", "properties": { "faultType": "normal fault, certain" }, "geometry": { "type": "LineString", "coordinates": [ [ -97.0963, 30.981 ], [ -97.0702, 31.0405 ], [ -97.0678, 31.0938 ] ] } },
{ "type": "Feature", "properties": { "faultType": "normal fault, certain" }, "geometry": { "type": "LineString", "coordinates": [ [ -99.0646, 31.0163 ], [ -99.0461, 31.0362 ], [ -99.0231, 31.0437 ] ] } },
{ "type": "Feature", "properties": { "faultType": "normal fault, certain" }, "geometry": { "type": "LineString", "coordinates": [ [ -99.2092, 31.0412 ], [ -99.2323, 31.0176 ] ] } },
{ "type": "Feature", "properties": { "faultType": "normal fault, certain" }, "geometry": { "type": "LineString", "coordinates": [ [ -99.0231, 31.0437 ], [ -99.064, 31.0146 ] ] } },
{ "type": "Feature", "properties": { "faultType": "normal fault, certain" }, "geometry": { "type": "LineString", "coordinates": [ [ -99.064, 31.0146 ], [ -99.0646, 31.0163 ] ] } },
{ "type": "Feature", "properties": { "faultType": "normal fault, certain" }, "geometry": { "type": "LineString", "coordinates": [ [ -98.4253, 31.0055 ], [ -98.4198, 31.0119 ] ] } },
{ "type": "Feature", "properties": { "faultType": "normal fault, certain" }, "geometry": { "type": "LineString", "coordinates": [ [ -98.4258, 31.013 ], [ -98.4253, 31.0055 ] ] } },
{ "type": "Feature", "properties": { "faultType": "normal fault, certain" }, "geometry": { "type": "LineString", "coordinates": [ [ -105.1404, 30.8897 ], [ -105.155, 30.9109 ] ] } },
{ "type": "Feature", "properties": { "faultType": "normal fault, certain" }, "geometry": { "type": "LineString", "coordinates": [ [ -99.1265, 31.0269 ], [ -99.1294, 31.0106 ] ] } },
{ "type": "Feature", "properties": { "faultType": "normal fault, certain" }, "geometry": { "type": "LineString", "coordinates": [ [ -99.1256, 31.0361 ], [ -99.1294, 31.0106 ] ] } },
{ "type": "Feature", "properties": { "faultType": "normal fault, certain" }, "geometry": { "type": "LineString", "coordinates": [ [ -99.3639, 31.0121 ], [ -99.3543, 31.0444 ] ] } },
{ "type": "Feature", "properties": { "faultType": "normal fault, certain" }, "geometry": { "type": "LineString", "coordinates": [ [ -98.4283, 31.0005 ], [ -98.4253, 31.0055 ] ] } },
{ "type": "Feature", "properties": { "faultType": "normal fault, certain" }, "geometry": { "type": "LineString", "coordinates": [ [ -99.0384, 31.0071 ], [ -99.001, 31.0364 ] ] } },
{ "type": "Feature", "properties": { "faultType": "normal fault, certain" }, "geometry": { "type": "LineString", "coordinates": [ [ -98.6391, 31.017 ], [ -98.6431, 31.0022 ] ] } },
{ "type": "Feature", "properties": { "faultType": "normal fault, certain" }, "geometry": { "type": "LineString", "coordinates": [ [ -98.6505, 31.0144 ], [ -98.6431, 31.0022 ] ] } },
{ "type": "Feature", "properties": { "faultType": "normal fault, certain" }, "geometry": { "type": "LineString", "coordinates": [ [ -98.6875, 31.0026 ], [ -98.6609, 31.0427 ] ] } },
{ "type": "Feature", "properties": { "faultType": "normal fault, certain" }, "geometry": { "type": "LineString", "coordinates": [ [ -99.2347, 31.0148 ], [ -99.24, 31.0065 ] ] } },
{ "type": "Feature", "properties": { "faultType": "normal fault, certain" }, "geometry": { "type": "LineString", "coordinates": [ [ -98.3877, 30.9966 ], [ -98.3596, 31.0256 ] ] } },
{ "type": "Feature", "properties": { "faultType": "normal fault, certain" }, "geometry": { "type": "LineString", "coordinates": [ [ -98.3877, 30.9966 ], [ -98.3978, 31.0294 ] ] } },
{ "type": "Feature", "properties": { "faultType": "normal fault, certain" }, "geometry": { "type": "LineString", "coordinates": [ [ -104.8442, 30.8961 ], [ -104.8395, 30.9032 ] ] } },
{ "type": "Feature", "properties": { "faultType": "normal fault, certain" }, "geometry": { "type": "LineString", "coordinates": [ [ -99.0811, 31.0008 ], [ -99.0646, 31.0163 ] ] } },
{ "type": "Feature", "properties": { "faultType": "normal fault, certain" }, "geometry": { "type": "LineString", "coordinates": [ [ -99.0811, 31.0008 ], [ -99.0593, 31.0693 ] ] } },
{ "type": "Feature", "properties": { "faultType": "normal fault, certain" }, "geometry": { "type": "LineString", "coordinates": [ [ -99.1221, 31.0049 ], [ -99.1221, 31.0004 ] ] } },
{ "type": "Feature", "properties": { "faultType": "normal fault, certain" }, "geometry": { "type": "LineString", "coordinates": [ [ -99.1294, 31.0106 ], [ -99.1221, 31.0004 ] ] } },
{ "type": "Feature", "properties": { "faultType": "normal fault, certain" }, "geometry": { "type": "LineString", "coordinates": [ [ -98.6837, 31.0045 ], [ -98.6854, 30.9958 ] ] } },
{ "type": "Feature", "properties": { "faultType": "normal fault, certain" }, "geometry": { "type": "LineString", "coordinates": [ [ -99.0805, 30.9983 ], [ -99.0811, 31.0008 ] ] } },
{ "type": "Feature", "properties": { "faultType": "normal fault, certain" }, "geometry": { "type": "LineString", "coordinates": [ [ -104.2583, 30.9159 ], [ -104.2632, 30.9601 ] ] } },
{ "type": "Feature", "properties": { "faultType": "normal fault, certain" }, "geometry": { "type": "LineString", "coordinates": [ [ -98.574, 31.0889 ], [ -98.5805, 31.0503 ], [ -98.6158, 30.9925 ] ] } },
{ "type": "Feature", "properties": { "faultType": "normal fault, certain" }, "geometry": { "type": "LineString", "coordinates": [ [ -97.4442, 30.9875 ], [ -97.4626, 30.9707 ] ] } },
{ "type": "Feature", "properties": { "faultType": "normal fault, certain" }, "geometry": { "type": "LineString", "coordinates": [ [ -99.1132, 31.0214 ], [ -99.1175, 30.9972 ] ] } },
{ "type": "Feature", "properties": { "faultType": "normal fault, certain" }, "geometry": { "type": "LineString", "coordinates": [ [ -99.1221, 31.0004 ], [ -99.1175, 30.9972 ] ] } },
{ "type": "Feature", "properties": { "faultType": "normal fault, certain" }, "geometry": { "type": "LineString", "coordinates": [ [ -105.0501, 30.8768 ], [ -105.0363, 30.8859 ] ] } },
{ "type": "Feature", "properties": { "faultType": "normal fault, certain" }, "geometry": { "type": "LineString", "coordinates": [ [ -104.8562, 30.8858 ], [ -104.8442, 30.8961 ] ] } },
{ "type": "Feature", "properties": { "faultType": "normal fault, certain" }, "geometry": { "type": "LineString", "coordinates": [ [ -104.8607, 30.9105 ], [ -104.8562, 30.8858 ] ] } },
{ "type": "Feature", "properties": { "faultType": "normal fault, certain" }, "geometry": { "type": "LineString", "coordinates": [ [ -105.3001, 30.8688 ], [ -105.3403, 30.8609 ] ] } },
{ "type": "Feature", "properties": { "faultType": "thrust fault, certain" }, "geometry": { "type": "LineString", "coordinates": [ [ -105.0506, 30.8748 ], [ -105.0501, 30.8768 ] ] } },
{ "type": "Feature", "properties": { "faultType": "normal fault, certain" }, "geometry": { "type": "LineString", "coordinates": [ [ -105.0667, 30.872 ], [ -105.0501, 30.8768 ] ] } },
{ "type": "Feature", "properties": { "faultType": "normal fault, certain" }, "geometry": { "type": "LineString", "coordinates": [ [ -105.2782, 30.8716 ], [ -105.3237, 30.8589 ] ] } },
{ "type": "Feature", "properties": { "faultType": "normal fault, certain" }, "geometry": { "type": "LineString", "coordinates": [ [ -99.3979, 30.9917 ], [ -99.3717, 31.0156 ] ] } },
{ "type": "Feature", "properties": { "faultType": "normal fault, certain" }, "geometry": { "type": "LineString", "coordinates": [ [ -99.3979, 30.9917 ], [ -99.3881, 31.0189 ] ] } },
{ "type": "Feature", "properties": { "faultType": "normal fault, certain" }, "geometry": { "type": "LineString", "coordinates": [ [ -105.0506, 30.8748 ], [ -105.0613, 30.8702 ] ] } },
{ "type": "Feature", "properties": { "faultType": "normal fault, certain" }, "geometry": { "type": "LineString", "coordinates": [ [ -99.2464, 30.9949 ], [ -99.2486, 30.9865 ] ] } },
{ "type": "Feature", "properties": { "faultType": "normal fault, certain" }, "geometry": { "type": "LineString", "coordinates": [ [ -104.8562, 30.8858 ], [ -104.8709, 30.8759 ] ] } },
{ "type": "Feature", "properties": { "faultType": "normal fault, certain" }, "geometry": { "type": "LineString", "coordinates": [ [ -99.1092, 31.0038 ], [ -99.1163, 30.9836 ] ] } },
{ "type": "Feature", "properties": { "faultType": "normal fault, certain" }, "geometry": { "type": "LineString", "coordinates": [ [ -99.1175, 30.9972 ], [ -99.1199, 30.9834 ] ] } },
{ "type": "Feature", "properties": { "faultType": "normal fault, certain" }, "geometry": { "type": "LineString", "coordinates": [ [ -99.1221, 31.0004 ], [ -99.1199, 30.9834 ] ] } },
{ "type": "Feature", "properties": { "faultType": "normal fault, certain" }, "geometry": { "type": "LineString", "coordinates": [ [ -99.3979, 30.9917 ], [ -99.4035, 30.985 ] ] } },
{ "type": "Feature", "properties": { "faultType": "normal fault, certain" }, "geometry": { "type": "LineString", "coordinates": [ [ -98.6854, 30.9958 ], [ -98.677, 30.9782 ] ] } },
{ "type": "Feature", "properties": { "faultType": "normal fault, certain" }, "geometry": { "type": "LineString", "coordinates": [ [ -98.6158, 30.9925 ], [ -98.6345, 30.9769 ] ] } },
{ "type": "Feature", "properties": { "faultType": "normal fault, certain" }, "geometry": { "type": "LineString", "coordinates": [ [ -98.6431, 31.0022 ], [ -98.6345, 30.9769 ] ] } },
{ "type": "Feature", "properties": { "faultType": "normal fault, certain" }, "geometry": { "type": "LineString", "coordinates": [ [ -98.6854, 30.9958 ], [ -98.6855, 30.977 ] ] } },
{ "type": "Feature", "properties": { "faultType": "normal fault, certain" }, "geometry": { "type": "LineString", "coordinates": [ [ -99.1199, 30.9834 ], [ -99.1207, 30.9809 ] ] } },
{ "type": "Feature", "properties": { "faultType": "normal fault, certain" }, "geometry": { "type": "LineString", "coordinates": [ [ -104.847, 30.8726 ], [ -104.8442, 30.8961 ] ] } },
{ "type": "Feature", "properties": { "faultType": "normal fault, certain" }, "geometry": { "type": "LineString", "coordinates": [ [ -104.847, 30.8726 ], [ -104.8333, 30.8731 ] ] } },
{ "type": "Feature", "properties": { "faultType": "normal fault, certain" }, "geometry": { "type": "LineString", "coordinates": [ [ -104.8562, 30.8858 ], [ -104.8523, 30.8709 ] ] } },
{ "type": "Feature", "properties": { "faultType": "normal fault, certain" }, "geometry": { "type": "LineString", "coordinates": [ [ -97.2451, 31.0185 ], [ -97.2689, 30.9467 ] ] } },
{ "type": "Feature", "properties": { "faultType": "normal fault, certain" }, "geometry": { "type": "LineString", "coordinates": [ [ -98.4483, 30.9705 ], [ -98.4283, 31.0005 ] ] } },
{ "type": "Feature", "properties": { "faultType": "normal fault, certain" }, "geometry": { "type": "LineString", "coordinates": [ [ -98.4483, 30.9705 ], [ -98.4283, 31.0005 ] ] } },
{ "type": "Feature", "properties": { "faultType": "normal fault, certain" }, "geometry": { "type": "LineString", "coordinates": [ [ -98.6534, 30.9733 ], [ -98.6404, 30.9944 ] ] } },
{ "type": "Feature", "properties": { "faultType": "normal fault, certain" }, "geometry": { "type": "LineString", "coordinates": [ [ -104.2509, 30.8959 ], [ -104.2607, 30.9117 ] ] } },
{ "type": "Feature", "properties": { "faultType": "normal fault, certain" }, "geometry": { "type": "LineString", "coordinates": [ [ -98.7981, 30.9846 ], [ -98.8112, 30.9733 ] ] } },
{ "type": "Feature", "properties": { "faultType": "normal fault, certain" }, "geometry": { "type": "LineString", "coordinates": [ [ -98.8112, 30.9733 ], [ -98.805, 30.9878 ] ] } },
{ "type": "Feature", "properties": { "faultType": "normal fault, certain" }, "geometry": { "type": "LineString", "coordinates": [ [ -98.8371, 30.9998 ], [ -98.8755, 30.973 ] ] } },
{ "type": "Feature", "properties": { "faultType": "normal fault, certain" }, "geometry": { "type": "LineString", "coordinates": [ [ -98.4573, 30.9666 ], [ -98.4483, 30.9705 ] ] } },
{ "type": "Feature", "properties": { "faultType": "normal fault, certain" }, "geometry": { "type": "LineString", "coordinates": [ [ -99.0533, 30.9876 ], [ -99.0632, 30.9737 ] ] } },
{ "type": "Feature", "properties": { "faultType": "normal fault, certain" }, "geometry": { "type": "LineString", "coordinates": [ [ -98.4642, 30.9662 ], [ -98.4573, 30.9666 ] ] } },
{ "type": "Feature", "properties": { "faultType": "normal fault, certain" }, "geometry": { "type": "LineString", "coordinates": [ [ -98.4655, 30.9658 ], [ -98.4642, 30.9662 ] ] } },
{ "type": "Feature", "properties": { "faultType": "normal fault, certain" }, "geometry": { "type": "LineString", "coordinates": [ [ -98.467, 30.966 ], [ -98.4655, 30.9658 ] ] } },
{ "type": "Feature", "properties": { "faultType": "normal fault, certain" }, "geometry": { "type": "LineString", "coordinates": [ [ -99.0723, 30.9704 ], [ -99.0632, 30.9737 ] ] } },
{ "type": "Feature", "properties": { "faultType": "normal fault, certain" }, "geometry": { "type": "LineString", "coordinates": [ [ -99.0723, 30.9704 ], [ -99.0384, 31.0071 ] ] } },
{ "type": "Feature", "properties": { "faultType": "normal fault, certain" }, "geometry": { "type": "LineString", "coordinates": [ [ -98.8301, 30.9834 ], [ -98.8562, 30.968 ] ] } },
{ "type": "Feature", "properties": { "faultType": "normal fault, certain" }, "geometry": { "type": "LineString", "coordinates": [ [ -99.0502, 31.0066 ], [ -99.0764, 30.9693 ] ] } },
{ "type": "Feature", "properties": { "faultType": "normal fault, certain" }, "geometry": { "type": "LineString", "coordinates": [ [ -99.0764, 30.9693 ], [ -99.0723, 30.9704 ] ] } },
{ "type": "Feature", "properties": { "faultType": "normal fault, certain" }, "geometry": { "type": "LineString", "coordinates": [ [ -104.1899, 30.8889 ], [ -104.1956, 30.9133 ] ] } },
{ "type": "Feature", "properties": { "faultType": "normal fault, certain" }, "geometry": { "type": "LineString", "coordinates": [ [ -104.8483, 30.8606 ], [ -104.847, 30.8726 ] ] } },
{ "type": "Feature", "properties": { "faultType": "normal fault, certain" }, "geometry": { "type": "LineString", "coordinates": [ [ -104.8236, 30.8932 ], [ -104.8242, 30.8707 ], [ -104.8125, 30.8619 ] ] } },
{ "type": "Feature", "properties": { "faultType": "normal fault, certain" }, "geometry": { "type": "LineString", "coordinates": [ [ -98.6635, 30.9632 ], [ -98.6534, 30.9733 ] ] } },
{ "type": "Feature", "properties": { "faultType": "normal fault, certain" }, "geometry": { "type": "LineString", "coordinates": [ [ -99.314, 30.9692 ], [ -99.3029, 30.9728 ] ] } },
{ "type": "Feature", "properties": { "faultType": "normal fault, certain" }, "geometry": { "type": "LineString", "coordinates": [ [ -99.314, 30.9692 ], [ -99.3209, 30.9729 ] ] } },
{ "type": "Feature", "properties": { "faultType": "normal fault, certain" }, "geometry": { "type": "LineString", "coordinates": [ [ -99.2486, 30.9865 ], [ -99.2521, 30.9744 ], [ -99.2852, 30.9677 ] ] } },
{ "type": "Feature", "properties": { "faultType": "normal fault, certain" }, "geometry": { "type": "LineString", "coordinates": [ [ -99.2296, 30.9663 ], [ -99.2032, 31.0168 ] ] } },
{ "type": "Feature", "properties": { "faultType": "normal fault, certain" }, "geometry": { "type": "LineString", "coordinates": [ [ -99.0365, 30.9717 ], [ -99.0497, 30.9646 ] ] } },
{ "type": "Feature", "properties": { "faultType": "normal fault, certain" }, "geometry": { "type": "LineString", "coordinates": [ [ -99.326, 30.966 ], [ -99.314, 30.9692 ] ] } },
{ "type": "Feature", "properties": { "faultType": "normal fault, certain" }, "geometry": { "type": "LineString", "coordinates": [ [ -98.8728, 30.967 ], [ -98.8755, 30.962 ] ] } },
{ "type": "Feature", "properties": { "faultType": "normal fault, certain" }, "geometry": { "type": "LineString", "coordinates": [ [ -98.8755, 30.973 ], [ -98.8755, 30.962 ] ] } },
{ "type": "Feature", "properties": { "faultType": "normal fault, certain" }, "geometry": { "type": "LineString", "coordinates": [ [ -99.0874, 30.9639 ], [ -99.0764, 30.9693 ] ] } },
{ "type": "Feature", "properties": { "faultType": "normal fault, certain" }, "geometry": { "type": "LineString", "coordinates": [ [ -99.0874, 30.9639 ], [ -99.0817, 30.994 ], [ -99.064, 31.0146 ] ] } },
{ "type": "Feature", "properties": { "faultType": "normal fault, certain" }, "geometry": { "type": "LineString", "coordinates": [ [ -99.0881, 30.9636 ], [ -99.0874, 30.9639 ] ] } },
{ "type": "Feature", "properties": { "faultType": "normal fault, certain" }, "geometry": { "type": "LineString", "coordinates": [ [ -98.6534, 30.9733 ], [ -98.6577, 30.9589 ] ] } },
{ "type": "Feature", "properties": { "faultType": "normal fault, certain" }, "geometry": { "type": "LineString", "coordinates": [ [ -104.3647, 30.8898 ], [ -104.3531, 30.8774 ] ] } },
{ "type": "Feature", "properties": { "faultType": "normal fault, certain" }, "geometry": { "type": "LineString", "coordinates": [ [ -98.421, 30.9739 ], [ -98.4353, 30.9553 ] ] } },
{ "type": "Feature", "properties": { "faultType": "normal fault, certain" }, "geometry": { "type": "LineString", "coordinates": [ [ -98.675, 30.9695 ], [ -98.6865, 30.9584 ] ] } },
{ "type": "Feature", "properties": { "faultType": "normal fault, certain" }, "geometry": { "type": "LineString", "coordinates": [ [ -98.8049, 30.9595 ], [ -98.7679, 30.963 ] ] } },
{ "type": "Feature", "properties": { "faultType": "normal fault, certain" }, "geometry": { "type": "LineString", "coordinates": [ [ -98.8259, 30.9597 ], [ -98.8095, 30.9697 ] ] } },
{ "type": "Feature", "properties": { "faultType": "normal fault, certain" }, "geometry": { "type": "LineString", "coordinates": [ [ -98.8112, 30.9733 ], [ -98.8259, 30.9597 ] ] } },
{ "type": "Feature", "properties": { "faultType": "normal fault, certain" }, "geometry": { "type": "LineString", "coordinates": [ [ -98.3877, 30.9966 ], [ -98.3954, 30.9795 ], [ -98.4353, 30.9553 ] ] } },
{ "type": "Feature", "properties": { "faultType": "normal fault, certain" }, "geometry": { "type": "LineString", "coordinates": [ [ -98.5439, 30.9561 ], [ -98.4645, 31.0243 ] ] } },
{ "type": "Feature", "properties": { "faultType": "normal fault, certain" }, "geometry": { "type": "LineString", "coordinates": [ [ -99.0003, 30.9591 ], [ -99.0263, 30.9682 ], [ -99.0497, 30.9646 ] ] } },
{ "type": "Feature", "properties": { "faultType": "normal fault, certain" }, "geometry": { "type": "LineString", "coordinates": [ [ -98.4871, 30.953 ], [ -98.4258, 31.013 ] ] } },
{ "type": "Feature", "properties": { "faultType": "normal fault, certain" }, "geometry": { "type": "LineString", "coordinates": [ [ -98.4655, 30.9658 ], [ -98.4871, 30.953 ] ] } },
{ "type": "Feature", "properties": { "faultType": "normal fault, certain" }, "geometry": { "type": "LineString", "coordinates": [ [ -105.0094, 30.8534 ], [ -105.0337, 30.843 ] ] } },
{ "type": "Feature", "properties": { "faultType": "thrust fault, certain" }, "geometry": { "type": "LineString", "coordinates": [ [ -105.0337, 30.843 ], [ -105.0354, 30.8608 ], [ -105.049, 30.8582 ], [ -105.0506, 30.8748 ] ] } },
{ "type": "Feature", "properties": { "faultType": "normal fault, certain" }, "geometry": { "type": "LineString", "coordinates": [ [ -98.8049, 30.9595 ], [ -98.7523, 30.9558 ] ] } },
{ "type": "Feature", "properties": { "faultType": "normal fault, certain" }, "geometry": { "type": "LineString", "coordinates": [ [ -99.4035, 30.985 ], [ -99.4372, 30.9616 ] ] } },
{ "type": "Feature", "properties": { "faultType": "normal fault, certain" }, "geometry": { "type": "LineString", "coordinates": [ [ -99.4372, 30.9616 ], [ -99.4326, 30.9698 ] ] } },
{ "type": "Feature", "properties": { "faultType": "normal fault, certain" }, "geometry": { "type": "LineString", "coordinates": [ [ -98.817, 30.9562 ], [ -98.7692, 30.9978 ], [ -98.7211, 31.0185 ] ] } },
{ "type": "Feature", "properties": { "faultType": "normal fault, certain" }, "geometry": { "type": "LineString", "coordinates": [ [ -98.4353, 30.9553 ], [ -98.4667, 30.9514 ] ] } },
{ "type": "Feature", "properties": { "faultType": "normal fault, certain" }, "geometry": { "type": "LineString", "coordinates": [ [ -98.4603, 30.957 ], [ -98.4667, 30.9514 ] ] } },
{ "type": "Feature", "properties": { "faultType": "normal fault, certain" }, "geometry": { "type": "LineString", "coordinates": [ [ -97.4683, 30.9669 ], [ -97.4834, 30.9484 ], [ -97.4811, 30.9324 ] ] } },
{ "type": "Feature", "properties": { "faultType": "normal fault, certain" }, "geometry": { "type": "LineString", "coordinates": [ [ -98.6158, 30.9925 ], [ -98.6192, 30.9643 ], [ -98.6295, 30.9533 ] ] } },
{ "type": "Feature", "properties": { "faultType": "normal fault, certain" }, "geometry": { "type": "LineString", "coordinates": [ [ -98.6345, 30.9769 ], [ -98.6295, 30.9533 ] ] } },
{ "type": "Feature", "properties": { "faultType": "normal fault, certain" }, "geometry": { "type": "LineString", "coordinates": [ [ -105.0337, 30.843 ], [ -105.0352, 30.8418 ] ] } },
{ "type": "Feature", "properties": { "faultType": "normal fault, certain" }, "geometry": { "type": "LineString", "coordinates": [ [ -98.4353, 30.9553 ], [ -98.4401, 30.9505 ] ] } },
{ "type": "Feature", "properties": { "faultType": "normal fault, certain" }, "geometry": { "type": "LineString", "coordinates": [ [ -98.4667, 30.9514 ], [ -98.4707, 30.9508 ] ] } },
{ "type": "Feature", "properties": { "faultType": "normal fault, certain" }, "geometry": { "type": "LineString", "coordinates": [ [ -98.4573, 30.9666 ], [ -98.4707, 30.9508 ] ] } },
{ "type": "Feature", "properties": { "faultType": "normal fault, certain" }, "geometry": { "type": "LineString", "coordinates": [ [ -105.0352, 30.8418 ], [ -105.0364, 30.8413 ] ] } },
{ "type": "Feature", "properties": { "faultType": "normal fault, certain" }, "geometry": { "type": "LineString", "coordinates": [ [ -105.0613, 30.8702 ], [ -105.0364, 30.8413 ] ] } },
{ "type": "Feature", "properties": { "faultType": "normal fault, certain" }, "geometry": { "type": "LineString", "coordinates": [ [ -99.4372, 30.9616 ], [ -99.44, 30.9599 ] ] } },
{ "type": "Feature", "properties": { "faultType": "normal fault, certain" }, "geometry": { "type": "LineString", "coordinates": [ [ -98.4789, 30.95 ], [ -98.4642, 30.9662 ] ] } },
{ "type": "Feature", "properties": { "faultType": "normal fault, certain" }, "geometry": { "type": "LineString", "coordinates": [ [ -98.4707, 30.9508 ], [ -98.4789, 30.95 ] ] } },
{ "type": "Feature", "properties": { "faultType": "normal fault, certain" }, "geometry": { "type": "LineString", "coordinates": [ [ -105.0364, 30.8413 ], [ -105.045, 30.8399 ] ] } },
{ "type": "Feature", "properties": { "faultType": "normal fault, certain" }, "geometry": { "type": "LineString", "coordinates": [ [ -105.045, 30.8399 ], [ -105.0613, 30.8387 ] ] } },
{ "type": "Feature", "properties": { "faultType": "normal fault, certain" }, "geometry": { "type": "LineString", "coordinates": [ [ -105.0729, 30.8616 ], [ -105.0613, 30.8387 ] ] } },
{ "type": "Feature", "properties": { "faultType": "thrust fault, certain" }, "geometry": { "type": "LineString", "coordinates": [ [ -105.0352, 30.8418 ], [ -105.0005, 30.8497 ] ] } },
{ "type": "Feature", "properties": { "faultType": "normal fault, certain" }, "geometry": { "type": "LineString", "coordinates": [ [ -105.0613, 30.8387 ], [ -105.063, 30.8382 ] ] } },
{ "type": "Feature", "properties": { "faultType": "normal fault, certain" }, "geometry": { "type": "LineString", "coordinates": [ [ -104.2326, 30.891 ], [ -104.1954, 30.8757 ] ] } },
{ "type": "Feature", "properties": { "faultType": "normal fault, certain" }, "geometry": { "type": "LineString", "coordinates": [ [ -98.8355, 30.9523 ], [ -98.8259, 30.9597 ] ] } },
{ "type": "Feature", "properties": { "faultType": "normal fault, certain" }, "geometry": { "type": "LineString", "coordinates": [ [ -105.063, 30.8382 ], [ -105.0718, 30.8365 ] ] } },
{ "type": "Feature", "properties": { "faultType": "normal fault, certain" }, "geometry": { "type": "LineString", "coordinates": [ [ -99.226, 30.9553 ], [ -99.1964, 30.9892 ] ] } },
{ "type": "Feature", "properties": { "faultType": "normal fault, certain" }, "geometry": { "type": "LineString", "coordinates": [ [ -105.2492, 30.8337 ], [ -105.2566, 30.825 ] ] } },
{ "type": "Feature", "properties": { "faultType": "normal fault, certain" }, "geometry": { "type": "LineString", "coordinates": [ [ -98.7928, 30.9499 ], [ -98.7688, 30.9495 ] ] } },
{ "type": "Feature", "properties": { "faultType": "normal fault, certain" }, "geometry": { "type": "LineString", "coordinates": [ [ -104.9077, 30.8416 ], [ -104.923, 30.881 ] ] } },
{ "type": "Feature", "properties": { "faultType": "normal fault, certain" }, "geometry": { "type": "LineString", "coordinates": [ [ -98.4871, 30.953 ], [ -98.5138, 30.945 ] ] } },
{ "type": "Feature", "properties": { "faultType": "normal fault, certain" }, "geometry": { "type": "LineString", "coordinates": [ [ -98.5138, 30.945 ], [ -98.4276, 31.0412 ] ] } },
{ "type": "Feature", "properties": { "faultType": "normal fault, certain" }, "geometry": { "type": "LineString", "coordinates": [ [ -99.0942, 30.9817 ], [ -99.1181, 30.966 ], [ -99.1233, 30.9516 ] ] } },
{ "type": "Feature", "properties": { "faultType": "normal fault, certain" }, "geometry": { "type": "LineString", "coordinates": [ [ -104.4494, 30.8825 ], [ -104.439, 30.8611 ] ] } },
{ "type": "Feature", "properties": { "faultType": "normal fault, certain" }, "geometry": { "type": "LineString", "coordinates": [ [ -104.9033, 30.8402 ], [ -104.9077, 30.8416 ] ] } },
{ "type": "Feature", "properties": { "faultType": "normal fault, certain" }, "geometry": { "type": "LineString", "coordinates": [ [ -104.4069, 30.861 ], [ -104.4204, 30.8883 ] ] } },
{ "type": "Feature", "properties": { "faultType": "normal fault, certain" }, "geometry": { "type": "LineString", "coordinates": [ [ -104.9033, 30.8402 ], [ -104.8918, 30.8396 ], [ -104.9065, 30.8698 ], [ -104.9223, 30.8808 ] ] } },
{ "type": "Feature", "properties": { "faultType": "normal fault, certain" }, "geometry": { "type": "LineString", "coordinates": [ [ -98.8755, 30.962 ], [ -98.8822, 30.9469 ] ] } },
{ "type": "Feature", "properties": { "faultType": "normal fault, certain" }, "geometry": { "type": "LineString", "coordinates": [ [ -98.8755, 30.973 ], [ -98.8822, 30.9469 ] ] } },
{ "type": "Feature", "properties": { "faultType": "normal fault, certain" }, "geometry": { "type": "LineString", "coordinates": [ [ -99.0408, 30.9563 ], [ -99.0003, 30.9476 ] ] } },
{ "type": "Feature", "properties": { "faultType": "normal fault, certain" }, "geometry": { "type": "LineString", "coordinates": [ [ -99.0632, 30.9737 ], [ -99.086, 30.9483 ] ] } },
{ "type": "Feature", "properties": { "faultType": "normal fault, certain" }, "geometry": { "type": "LineString", "coordinates": [ [ -99.086, 30.9483 ], [ -99.0874, 30.9639 ] ] } },
{ "type": "Feature", "properties": { "faultType": "normal fault, certain" }, "geometry": { "type": "LineString", "coordinates": [ [ -104.3531, 30.8774 ], [ -104.3505, 30.8621 ] ] } },
{ "type": "Feature", "properties": { "faultType": "normal fault, certain" }, "geometry": { "type": "LineString", "coordinates": [ [ -105.2593, 30.8271 ], [ -105.2801, 30.8188 ] ] } },
{ "type": "Feature", "properties": { "faultType": "normal fault, certain" }, "geometry": { "type": "LineString", "coordinates": [ [ -105.2801, 30.8188 ], [ -105.2795, 30.8394 ] ] } },
{ "type": "Feature", "properties": { "faultType": "normal fault, certain" }, "geometry": { "type": "LineString", "coordinates": [ [ -98.6788, 30.9429 ], [ -98.6605, 30.956 ] ] } },
{ "type": "Feature", "properties": { "faultType": "normal fault, certain" }, "geometry": { "type": "LineString", "coordinates": [ [ -98.8365, 30.942 ], [ -98.7928, 30.9499 ] ] } },
{ "type": "Feature", "properties": { "faultType": "normal fault, certain" }, "geometry": { "type": "LineString", "coordinates": [ [ -98.8365, 30.942 ], [ -98.8049, 30.9595 ] ] } },
{ "type": "Feature", "properties": { "faultType": "normal fault, certain" }, "geometry": { "type": "LineString", "coordinates": [ [ -98.6295, 30.9533 ], [ -98.6227, 30.9365 ] ] } },
{ "type": "Feature", "properties": { "faultType": "normal fault, certain" }, "geometry": { "type": "LineString", "coordinates": [ [ -98.7928, 30.9499 ], [ -98.804, 30.9385 ] ] } },
{ "type": "Feature", "properties": { "faultType": "normal fault, certain" }, "geometry": { "type": "LineString", "coordinates": [ [ -104.3151, 30.8552 ], [ -104.3655, 30.9148 ], [ -104.3677, 30.934 ] ] } },
{ "type": "Feature", "properties": { "faultType": "normal fault, certain" }, "geometry": { "type": "LineString", "coordinates": [ [ -104.3151, 30.8552 ], [ -104.3531, 30.8774 ] ] } },
{ "type": "Feature", "properties": { "faultType": "normal fault, certain" }, "geometry": { "type": "LineString", "coordinates": [ [ -98.998, 30.9467 ], [ -98.9762, 30.9386 ] ] } },
{ "type": "Feature", "properties": { "faultType": "normal fault, certain" }, "geometry": { "type": "LineString", "coordinates": [ [ -99.277, 30.9406 ], [ -99.2642, 30.9401 ] ] } },
{ "type": "Feature", "properties": { "faultType": "normal fault, certain" }, "geometry": { "type": "LineString", "coordinates": [ [ -105.2614, 30.8171 ], [ -105.2757, 30.8101 ] ] } },
{ "type": "Feature", "properties": { "faultType": "normal fault, certain" }, "geometry": { "type": "LineString", "coordinates": [ [ -104.4046, 30.8731 ], [ -104.3917, 30.8506 ] ] } },
{ "type": "Feature", "properties": { "faultType": "normal fault, certain" }, "geometry": { "type": "LineString", "coordinates": [ [ -98.7495, 30.9347 ], [ -98.7265, 30.9642 ] ] } },
{ "type": "Feature", "properties": { "faultType": "normal fault, certain" }, "geometry": { "type": "LineString", "coordinates": [ [ -98.7439, 30.9346 ], [ -98.7236, 30.9613 ] ] } },
{ "type": "Feature", "properties": { "faultType": "normal fault, certain" }, "geometry": { "type": "LineString", "coordinates": [ [ -98.7495, 30.9347 ], [ -98.7439, 30.9346 ] ] } },
{ "type": "Feature", "properties": { "faultType": "normal fault, certain" }, "geometry": { "type": "LineString", "coordinates": [ [ -98.6898, 30.9332 ], [ -98.6788, 30.9429 ] ] } },
{ "type": "Feature", "properties": { "faultType": "normal fault, certain" }, "geometry": { "type": "LineString", "coordinates": [ [ -98.6855, 30.9545 ], [ -98.6898, 30.9332 ] ] } },
{ "type": "Feature", "properties": { "faultType": "thrust fault, certain" }, "geometry": { "type": "LineString", "coordinates": [ [ -105.045, 30.8399 ], [ -105.0005, 30.8224 ] ] } },
{ "type": "Feature", "properties": { "faultType": "normal fault, certain" }, "geometry": { "type": "LineString", "coordinates": [ [ -99.2486, 30.9865 ], [ -99.2416, 30.9627 ], [ -99.2482, 30.9382 ] ] } },
{ "type": "Feature", "properties": { "faultType": "normal fault, certain" }, "geometry": { "type": "LineString", "coordinates": [ [ -98.7108, 30.9317 ], [ -98.668, 30.9795 ] ] } },
{ "type": "Feature", "properties": { "faultType": "normal fault, certain" }, "geometry": { "type": "LineString", "coordinates": [ [ -98.7439, 30.9346 ], [ -98.7108, 30.9317 ] ] } },
{ "type": "Feature", "properties": { "faultType": "normal fault, certain" }, "geometry": { "type": "LineString", "coordinates": [ [ -98.5374, 30.9287 ], [ -98.5138, 30.945 ] ] } },
{ "type": "Feature", "properties": { "faultType": "normal fault, certain" }, "geometry": { "type": "LineString", "coordinates": [ [ -99.0003, 30.9591 ], [ -98.9594, 30.9329 ] ] } },
{ "type": "Feature", "properties": { "faultType": "normal fault, certain" }, "geometry": { "type": "LineString", "coordinates": [ [ -98.9735, 30.938 ], [ -98.9594, 30.9329 ] ] } },
{ "type": "Feature", "properties": { "faultType": "normal fault, certain" }, "geometry": { "type": "LineString", "coordinates": [ [ -104.0291, 30.8609 ], [ -104.1156, 30.9154 ] ] } },
{ "type": "Feature", "properties": { "faultType": "normal fault, certain" }, "geometry": { "type": "LineString", "coordinates": [ [ -98.8452, 30.9313 ], [ -98.8365, 30.942 ] ] } },
{ "type": "Feature", "properties": { "faultType": "normal fault, certain" }, "geometry": { "type": "LineString", "coordinates": [ [ -105.063, 30.8382 ], [ -105.0455, 30.8153 ] ] } },
{ "type": "Feature", "properties": { "faultType": "normal fault, certain" }, "geometry": { "type": "LineString", "coordinates": [ [ -104.3143, 30.8477 ], [ -104.3151, 30.8552 ] ] } },
{ "type": "Feature", "properties": { "faultType": "normal fault, certain" }, "geometry": { "type": "LineString", "coordinates": [ [ -98.3625, 30.9627 ], [ -98.4197, 30.924 ] ] } },
{ "type": "Feature", "properties": { "faultType": "normal fault, certain" }, "geometry": { "type": "LineString", "coordinates": [ [ -104.3813, 30.8446 ], [ -104.3984, 30.8798 ] ] } },
{ "type": "Feature", "properties": { "faultType": "normal fault, certain" }, "geometry": { "type": "LineString", "coordinates": [ [ -98.6139, 30.9266 ], [ -98.5932, 30.9988 ], [ -98.5327, 31.0558 ] ] } },
{ "type": "Feature", "properties": { "faultType": "normal fault, certain" }, "geometry": { "type": "LineString", "coordinates": [ [ -98.6227, 30.9365 ], [ -98.6139, 30.9266 ] ] } },
{ "type": "Feature", "properties": { "faultType": "normal fault, certain" }, "geometry": { "type": "LineString", "coordinates": [ [ -98.6898, 30.9332 ], [ -98.6926, 30.9272 ] ] } },
{ "type": "Feature", "properties": { "faultType": "normal fault, certain" }, "geometry": { "type": "LineString", "coordinates": [ [ -104.1345, 30.9385 ], [ -104.133, 30.9162 ], [ -104.1188, 30.9018 ], [ -104.0535, 30.8571 ] ] } },
{ "type": "Feature", "properties": { "faultType": "normal fault, certain" }, "geometry": { "type": "LineString", "coordinates": [ [ -98.7127, 30.9261 ], [ -98.7108, 30.9317 ] ] } },
{ "type": "Feature", "properties": { "faultType": "normal fault, certain" }, "geometry": { "type": "LineString", "coordinates": [ [ -99.0384, 31.0071 ], [ -99.0526, 30.9737 ], [ -99.0908, 30.9301 ] ] } },
{ "type": "Feature", "properties": { "faultType": "normal fault, certain" }, "geometry": { "type": "LineString", "coordinates": [ [ -99.0908, 30.9301 ], [ -99.086, 30.9483 ] ] } },
{ "type": "Feature", "properties": { "faultType": "normal fault, certain" }, "geometry": { "type": "LineString", "coordinates": [ [ -104.1039, 30.8525 ], [ -104.1302, 30.866 ] ] } },
{ "type": "Feature", "properties": { "faultType": "normal fault, certain" }, "geometry": { "type": "LineString", "coordinates": [ [ -98.4917, 30.9216 ], [ -98.4789, 30.95 ] ] } },
{ "type": "Feature", "properties": { "faultType": "normal fault, certain" }, "geometry": { "type": "LineString", "coordinates": [ [ -98.8854, 30.9244 ], [ -98.861, 30.941 ] ] } },
{ "type": "Feature", "properties": { "faultType": "normal fault, certain" }, "geometry": { "type": "LineString", "coordinates": [ [ -98.8854, 30.9244 ], [ -98.8798, 30.936 ] ] } },
{ "type": "Feature", "properties": { "faultType": "normal fault, certain" }, "geometry": { "type": "LineString", "coordinates": [ [ -104.3374, 30.8608 ], [ -104.3311, 30.8413 ] ] } },
{ "type": "Feature", "properties": { "faultType": "thrust fault, certain" }, "geometry": { "type": "LineString", "coordinates": [ [ -105.0613, 30.8387 ], [ -105.0005, 30.8115 ] ] } },
{ "type": "Feature", "properties": { "faultType": "normal fault, certain" }, "geometry": { "type": "LineString", "coordinates": [ [ -98.6788, 30.9429 ], [ -98.6921, 30.9221 ] ] } },
{ "type": "Feature", "properties": { "faultType": "normal fault, certain" }, "geometry": { "type": "LineString", "coordinates": [ [ -98.4828, 30.9188 ], [ -98.442, 30.9473 ] ] } },
{ "type": "Feature", "properties": { "faultType": "normal fault, certain" }, "geometry": { "type": "LineString", "coordinates": [ [ -98.4917, 30.9216 ], [ -98.4828, 30.9188 ] ] } },
{ "type": "Feature", "properties": { "faultType": "normal fault, certain" }, "geometry": { "type": "LineString", "coordinates": [ [ -98.8885, 30.923 ], [ -98.8854, 30.9244 ] ] } },
{ "type": "Feature", "properties": { "faultType": "normal fault, certain" }, "geometry": { "type": "LineString", "coordinates": [ [ -98.8822, 30.9469 ], [ -98.8885, 30.923 ] ] } },
{ "type": "Feature", "properties": { "faultType": "normal fault, certain" }, "geometry": { "type": "LineString", "coordinates": [ [ -99.0933, 30.9705 ], [ -99.1151, 30.9499 ], [ -99.1247, 30.9246 ] ] } },
{ "type": "Feature", "properties": { "faultType": "normal fault, certain" }, "geometry": { "type": "LineString", "coordinates": [ [ -98.6154, 30.9185 ], [ -98.6139, 30.9266 ] ] } },
{ "type": "Feature", "properties": { "faultType": "thrust fault, certain" }, "geometry": { "type": "LineString", "coordinates": [ [ -104.964, 30.8102 ], [ -104.9952, 30.8371 ], [ -104.9881, 30.8596 ] ] } },
{ "type": "Feature", "properties": { "faultType": "thrust fault, certain" }, "geometry": { "type": "LineString", "coordinates": [ [ -105.0005, 30.8115 ], [ -104.9956, 30.808 ] ] } },
{ "type": "Feature", "properties": { "faultType": "normal fault, certain" }, "geometry": { "type": "LineString", "coordinates": [ [ -98.6163, 30.9174 ], [ -98.6154, 30.9185 ] ] } },
{ "type": "Feature", "properties": { "faultType": "normal fault, certain" }, "geometry": { "type": "LineString", "coordinates": [ [ -98.6227, 30.9365 ], [ -98.6163, 30.9174 ] ] } },
{ "type": "Feature", "properties": { "faultType": "normal fault, certain" }, "geometry": { "type": "LineString", "coordinates": [ [ -98.553, 30.958 ], [ -98.6061, 30.9173 ] ] } },
{ "type": "Feature", "properties": { "faultType": "normal fault, certain" }, "geometry": { "type": "LineString", "coordinates": [ [ -98.8885, 30.923 ], [ -98.8891, 30.9198 ] ] } },
{ "type": "Feature", "properties": { "faultType": "normal fault, certain" }, "geometry": { "type": "LineString", "coordinates": [ [ -99.4425, 30.9505 ], [ -99.4648, 30.9238 ] ] } },
{ "type": "Feature", "properties": { "faultType": "normal fault, certain" }, "geometry": { "type": "LineString", "coordinates": [ [ -103.9919, 30.8488 ], [ -103.9745, 30.8644 ] ] } },
{ "type": "Feature", "properties": { "faultType": "normal fault, certain" }, "geometry": { "type": "LineString", "coordinates": [ [ -98.7904, 30.9165 ], [ -98.7324, 30.9264 ] ] } },
{ "type": "Feature", "properties": { "faultType": "normal fault, certain" }, "geometry": { "type": "LineString", "coordinates": [ [ -98.9594, 30.9329 ], [ -98.9405, 30.9176 ] ] } },
{ "type": "Feature", "properties": { "faultType": "normal fault, certain" }, "geometry": { "type": "LineString", "coordinates": [ [ -98.6061, 30.9173 ], [ -98.6109, 30.9123 ] ] } },
{ "type": "Feature", "properties": { "faultType": "normal fault, certain" }, "geometry": { "type": "LineString", "coordinates": [ [ -98.6154, 30.9185 ], [ -98.6109, 30.9123 ] ] } },
{ "type": "Feature", "properties": { "faultType": "thrust fault, certain" }, "geometry": { "type": "LineString", "coordinates": [ [ -105.0005, 30.8224 ], [ -104.9866, 30.8034 ] ] } },
{ "type": "Feature", "properties": { "faultType": "thrust fault, certain" }, "geometry": { "type": "LineString", "coordinates": [ [ -104.9956, 30.808 ], [ -104.9866, 30.8034 ] ] } },
{ "type": "Feature", "properties": { "faultType": "normal fault, certain" }, "geometry": { "type": "LineString", "coordinates": [ [ -99.2978, 30.9191 ], [ -99.2851, 30.9296 ] ] } },
{ "type": "Feature", "properties": { "faultType": "normal fault, certain" }, "geometry": { "type": "LineString", "coordinates": [ [ -104.1071, 30.8403 ], [ -104.1039, 30.8525 ] ] } },
{ "type": "Feature", "properties": { "faultType": "normal fault, certain" }, "geometry": { "type": "LineString", "coordinates": [ [ -98.8829, 30.9143 ], [ -98.8891, 30.9198 ] ] } },
{ "type": "Feature", "properties": { "faultType": "normal fault, certain" }, "geometry": { "type": "LineString", "coordinates": [ [ -98.6109, 30.9123 ], [ -98.6125, 30.9107 ] ] } },
{ "type": "Feature", "properties": { "faultType": "normal fault, certain" }, "geometry": { "type": "LineString", "coordinates": [ [ -98.5232, 30.9064 ], [ -98.4828, 30.9188 ] ] } },
{ "type": "Feature", "properties": { "faultType": "normal fault, certain" }, "geometry": { "type": "LineString", "coordinates": [ [ -98.5232, 30.9064 ], [ -98.4917, 30.9216 ] ] } },
{ "type": "Feature", "properties": { "faultType": "normal fault, certain" }, "geometry": { "type": "LineString", "coordinates": [ [ -98.6171, 30.9076 ], [ -98.6163, 30.9174 ] ] } },
{ "type": "Feature", "properties": { "faultType": "normal fault, certain" }, "geometry": { "type": "LineString", "coordinates": [ [ -105.0334, 30.8145 ], [ -105.0005, 30.7965 ] ] } },
{ "type": "Feature", "properties": { "faultType": "normal fault, certain" }, "geometry": { "type": "LineString", "coordinates": [ [ -98.8829, 30.9143 ], [ -98.8934, 30.9073 ] ] } },
{ "type": "Feature", "properties": { "faultType": "normal fault, certain" }, "geometry": { "type": "LineString", "coordinates": [ [ -98.8891, 30.9198 ], [ -98.8934, 30.9073 ] ] } },
{ "type": "Feature", "properties": { "faultType": "normal fault, certain" }, "geometry": { "type": "LineString", "coordinates": [ [ -98.3852, 30.9331 ], [ -98.4158, 30.9003 ] ] } },
{ "type": "Feature", "properties": { "faultType": "normal fault, certain" }, "geometry": { "type": "LineString", "coordinates": [ [ -98.532, 30.9016 ], [ -98.5232, 30.9064 ] ] } },
{ "type": "Feature", "properties": { "faultType": "normal fault, certain" }, "geometry": { "type": "LineString", "coordinates": [ [ -103.7649, 30.8581 ], [ -103.7298, 30.8435 ] ] } },
{ "type": "Feature", "properties": { "faultType": "normal fault, certain" }, "geometry": { "type": "LineString", "coordinates": [ [ -98.8934, 30.9073 ], [ -98.8953, 30.9034 ] ] } },
{ "type": "Feature", "properties": { "faultType": "normal fault, certain" }, "geometry": { "type": "LineString", "coordinates": [ [ -104.8702, 30.8205 ], [ -104.8595, 30.7954 ] ] } },
{ "type": "Feature", "properties": { "faultType": "normal fault, certain" }, "geometry": { "type": "LineString", "coordinates": [ [ -99.1244, 30.9037 ], [ -99.1182, 30.9306 ], [ -99.099, 30.9546 ] ] } },
{ "type": "Feature", "properties": { "faultType": "normal fault, certain" }, "geometry": { "type": "LineString", "coordinates": [ [ -99.1242, 30.9132 ], [ -99.1244, 30.9037 ] ] } },
{ "type": "Feature", "properties": { "faultType": "normal fault, certain" }, "geometry": { "type": "LineString", "coordinates": [ [ -98.8287, 30.9003 ], [ -98.7708, 30.9336 ], [ -98.7495, 30.9347 ] ] } },
{ "type": "Feature", "properties": { "faultType": "normal fault, certain" }, "geometry": { "type": "LineString", "coordinates": [ [ -98.5654, 30.8949 ], [ -98.5374, 30.9287 ] ] } },
{ "type": "Feature", "properties": { "faultType": "normal fault, certain" }, "geometry": { "type": "LineString", "coordinates": [ [ -98.5374, 30.9287 ], [ -98.569, 30.9047 ], [ -98.5654, 30.8949 ] ] } },
{ "type": "Feature", "properties": { "faultType": "normal fault, certain" }, "geometry": { "type": "LineString", "coordinates": [ [ -98.6061, 30.9173 ], [ -98.6086, 30.8954 ] ] } },
{ "type": "Feature", "properties": { "faultType": "normal fault, certain" }, "geometry": { "type": "LineString", "coordinates": [ [ -98.6125, 30.9107 ], [ -98.6086, 30.8954 ] ] } },
{ "type": "Feature", "properties": { "faultType": "normal fault, certain" }, "geometry": { "type": "LineString", "coordinates": [ [ -98.7744, 30.8968 ], [ -98.7474, 30.8979 ] ] } },
{ "type": "Feature", "properties": { "faultType": "normal fault, certain" }, "geometry": { "type": "LineString", "coordinates": [ [ -98.7744, 30.8968 ], [ -98.7544, 30.9148 ], [ -98.7167, 30.9168 ] ] } },
{ "type": "Feature", "properties": { "faultType": "normal fault, certain" }, "geometry": { "type": "LineString", "coordinates": [ [ -99.1244, 30.9037 ], [ -99.1256, 30.9002 ] ] } },
{ "type": "Feature", "properties": { "faultType": "normal fault, certain" }, "geometry": { "type": "LineString", "coordinates": [ [ -99.4912, 30.9019 ], [ -99.4936, 30.9162 ] ] } },
{ "type": "Feature", "properties": { "faultType": "normal fault, certain" }, "geometry": { "type": "LineString", "coordinates": [ [ -99.4883, 30.9016 ], [ -99.4834, 30.915 ] ] } },
{ "type": "Feature", "properties": { "faultType": "normal fault, certain" }, "geometry": { "type": "LineString", "coordinates": [ [ -103.9792, 30.8434 ], [ -103.996, 30.827 ] ] } },
{ "type": "Feature", "properties": { "faultType": "normal fault, certain" }, "geometry": { "type": "LineString", "coordinates": [ [ -98.3494, 30.9031 ], [ -98.367, 30.89 ] ] } },
{ "type": "Feature", "properties": { "faultType": "normal fault, certain" }, "geometry": { "type": "LineString", "coordinates": [ [ -98.4073, 30.8898 ], [ -98.3814, 30.9183 ] ] } },
{ "type": "Feature", "properties": { "faultType": "normal fault, certain" }, "geometry": { "type": "LineString", "coordinates": [ [ -98.8366, 30.8951 ], [ -98.8287, 30.9003 ] ] } },
{ "type": "Feature", "properties": { "faultType": "thrust fault, certain" }, "geometry": { "type": "LineString", "coordinates": [ [ -104.9956, 30.808 ], [ -104.9714, 30.7836 ] ] } },
{ "type": "Feature", "properties": { "faultType": "normal fault, certain" }, "geometry": { "type": "LineString", "coordinates": [ [ -104.1071, 30.8403 ], [ -104.081, 30.8219 ] ] } },
{ "type": "Feature", "properties": { "faultType": "normal fault, certain" }, "geometry": { "type": "LineString", "coordinates": [ [ -98.8542, 30.9104 ], [ -98.8773, 30.8941 ] ] } },
{ "type": "Feature", "properties": { "faultType": "normal fault, certain" }, "geometry": { "type": "LineString", "coordinates": [ [ -98.8773, 30.8941 ], [ -98.8377, 30.9321 ] ] } },
{ "type": "Feature", "properties": { "faultType": "normal fault, certain" }, "geometry": { "type": "LineString", "coordinates": [ [ -99.2349, 30.8971 ], [ -99.2359, 30.9373 ] ] } },
{ "type": "Feature", "properties": { "faultType": "normal fault, certain" }, "geometry": { "type": "LineString", "coordinates": [ [ -98.8366, 30.8951 ], [ -98.8467, 30.8932 ] ] } },
{ "type": "Feature", "properties": { "faultType": "normal fault, certain" }, "geometry": { "type": "LineString", "coordinates": [ [ -98.8287, 30.9003 ], [ -98.8467, 30.8932 ] ] } },
{ "type": "Feature", "properties": { "faultType": "normal fault, certain" }, "geometry": { "type": "LineString", "coordinates": [ [ -104.277, 30.8124 ], [ -104.2893, 30.8315 ] ] } },
{ "type": "Feature", "properties": { "faultType": "normal fault, certain" }, "geometry": { "type": "LineString", "coordinates": [ [ -99.1317, 30.8955 ], [ -99.1305, 30.8985 ] ] } },
{ "type": "Feature", "properties": { "faultType": "normal fault, certain" }, "geometry": { "type": "LineString", "coordinates": [ [ -103.9755, 30.8278 ], [ -103.9704, 30.8241 ] ] } },
{ "type": "Feature", "properties": { "faultType": "thrust fault, certain" }, "geometry": { "type": "LineString", "coordinates": [ [ -105.0005, 30.7965 ], [ -104.9714, 30.7836 ] ] } },
{ "type": "Feature", "properties": { "faultType": "normal fault, certain" }, "geometry": { "type": "LineString", "coordinates": [ [ -104.1108, 30.8185 ], [ -104.1071, 30.8403 ] ] } },
{ "type": "Feature", "properties": { "faultType": "thrust fault, certain" }, "geometry": { "type": "LineString", "coordinates": [ [ -104.9714, 30.7836 ], [ -104.9709, 30.7813 ] ] } },
{ "type": "Feature", "properties": { "faultType": "normal fault, certain" }, "geometry": { "type": "LineString", "coordinates": [ [ -103.5479, 30.8486 ], [ -103.5091, 30.84 ] ] } },
{ "type": "Feature", "properties": { "faultType": "normal fault, certain" }, "geometry": { "type": "LineString", "coordinates": [ [ -104.8595, 30.7954 ], [ -104.856, 30.7858 ] ] } },
{ "type": "Feature", "properties": { "faultType": "thrust fault, certain" }, "geometry": { "type": "LineString", "coordinates": [ [ -105.0455, 30.8153 ], [ -105.0287, 30.7775 ] ] } },
{ "type": "Feature", "properties": { "faultType": "normal fault, certain" }, "geometry": { "type": "LineString", "coordinates": [ [ -98.3994, 30.911 ], [ -98.4199, 30.8857 ] ] } },
{ "type": "Feature", "properties": { "faultType": "normal fault, certain" }, "geometry": { "type": "LineString", "coordinates": [ [ -98.4158, 30.9003 ], [ -98.4199, 30.8857 ] ] } },
{ "type": "Feature", "properties": { "faultType": "normal fault, certain" }, "geometry": { "type": "LineString", "coordinates": [ [ -98.84, 30.8911 ], [ -98.8366, 30.8951 ] ] } },
{ "type": "Feature", "properties": { "faultType": "normal fault, certain" }, "geometry": { "type": "LineString", "coordinates": [ [ -105.0309, 30.7772 ], [ -105.0287, 30.7775 ] ] } },
{ "type": "Feature", "properties": { "faultType": "normal fault, certain" }, "geometry": { "type": "LineString", "coordinates": [ [ -104.8595, 30.7954 ], [ -104.8597, 30.7849 ] ] } },
{ "type": "Feature", "properties": { "faultType": "normal fault, certain" }, "geometry": { "type": "LineString", "coordinates": [ [ -103.7098, 30.8396 ], [ -103.71, 30.8312 ] ] } },
{ "type": "Feature", "properties": { "faultType": "normal fault, certain" }, "geometry": { "type": "LineString", "coordinates": [ [ -103.7205, 30.835 ], [ -103.71, 30.8312 ] ] } },
{ "type": "Feature", "properties": { "faultType": "normal fault, certain" }, "geometry": { "type": "LineString", "coordinates": [ [ -99.2355, 30.9464 ], [ -99.2404, 30.8933 ] ] } },
{ "type": "Feature", "properties": { "faultType": "thrust fault, certain" }, "geometry": { "type": "LineString", "coordinates": [ [ -104.9866, 30.8034 ], [ -104.965, 30.7781 ] ] } },
{ "type": "Feature", "properties": { "faultType": "normal fault, certain" }, "geometry": { "type": "LineString", "coordinates": [ [ -98.8969, 30.8885 ], [ -98.8829, 30.9143 ] ] } },
{ "type": "Feature", "properties": { "faultType": "normal fault, certain" }, "geometry": { "type": "LineString", "coordinates": [ [ -98.8953, 30.9034 ], [ -98.8969, 30.8885 ] ] } },
{ "type": "Feature", "properties": { "faultType": "normal fault, certain" }, "geometry": { "type": "LineString", "coordinates": [ [ -98.5617, 30.8843 ], [ -98.532, 30.9016 ] ] } },
{ "type": "Feature", "properties": { "faultType": "normal fault, certain" }, "geometry": { "type": "LineString", "coordinates": [ [ -98.5654, 30.8949 ], [ -98.5617, 30.8843 ] ] } },
{ "type": "Feature", "properties": { "faultType": "normal fault, certain" }, "geometry": { "type": "LineString", "coordinates": [ [ -99.3263, 30.8916 ], [ -99.2978, 30.9191 ] ] } },
{ "type": "Feature", "properties": { "faultType": "normal fault, certain" }, "geometry": { "type": "LineString", "coordinates": [ [ -98.3035, 30.9292 ], [ -98.3371, 30.88 ] ] } },
{ "type": "Feature", "properties": { "faultType": "normal fault, certain" }, "geometry": { "type": "LineString", "coordinates": [ [ -98.338, 30.8907 ], [ -98.3371, 30.88 ] ] } },
{ "type": "Feature", "properties": { "faultType": "normal fault, certain" }, "geometry": { "type": "LineString", "coordinates": [ [ -104.8845, 30.8592 ], [ -104.8629, 30.7793 ] ] } },
{ "type": "Feature", "properties": { "faultType": "normal fault, certain" }, "geometry": { "type": "LineString", "coordinates": [ [ -104.8771, 30.7786 ], [ -104.9077, 30.8416 ] ] } },
{ "type": "Feature", "properties": { "faultType": "normal fault, certain" }, "geometry": { "type": "LineString", "coordinates": [ [ -105.0455, 30.8153 ], [ -105.01, 30.7721 ] ] } },
{ "type": "Feature", "properties": { "faultType": "normal fault, certain" }, "geometry": { "type": "LineString", "coordinates": [ [ -105.0287, 30.7775 ], [ -105.01, 30.7721 ] ] } },
{ "type": "Feature", "properties": { "faultType": "normal fault, certain" }, "geometry": { "type": "LineString", "coordinates": [ [ -98.4158, 30.9003 ], [ -98.4442, 30.8796 ] ] } },
{ "type": "Feature", "properties": { "faultType": "normal fault, certain" }, "geometry": { "type": "LineString", "coordinates": [ [ -104.8771, 30.7786 ], [ -104.8629, 30.7793 ] ] } },
{ "type": "Feature", "properties": { "faultType": "normal fault, certain" }, "geometry": { "type": "LineString", "coordinates": [ [ -103.5579, 30.8654 ], [ -103.4922, 30.8326 ] ] } },
{ "type": "Feature", "properties": { "faultType": "normal fault, certain" }, "geometry": { "type": "LineString", "coordinates": [ [ -104.7962, 30.8907 ], [ -104.8305, 30.7791 ] ] } },
{ "type": "Feature", "properties": { "faultType": "normal fault, certain" }, "geometry": { "type": "LineString", "coordinates": [ [ -99.0497, 30.9646 ], [ -99.0862, 30.93 ], [ -99.1043, 30.892 ], [ -99.1179, 30.8863 ] ] } },
{ "type": "Feature", "properties": { "faultType": "normal fault, certain" }, "geometry": { "type": "LineString", "coordinates": [ [ -103.51, 30.8314 ], [ -103.5191, 30.8375 ] ] } },
{ "type": "Feature", "properties": { "faultType": "normal fault, certain" }, "geometry": { "type": "LineString", "coordinates": [ [ -103.71, 30.8312 ], [ -103.6893, 30.8248 ] ] } },
{ "type": "Feature", "properties": { "faultType": "normal fault, certain" }, "geometry": { "type": "LineString", "coordinates": [ [ -98.4058, 30.8765 ], [ -98.3966, 30.8847 ] ] } },
{ "type": "Feature", "properties": { "faultType": "normal fault, certain" }, "geometry": { "type": "LineString", "coordinates": [ [ -98.4058, 30.8765 ], [ -98.4006, 30.8835 ] ] } },
{ "type": "Feature", "properties": { "faultType": "normal fault, certain" }, "geometry": { "type": "LineString", "coordinates": [ [ -104.8433, 30.7771 ], [ -104.8305, 30.7791 ] ] } },
{ "type": "Feature", "properties": { "faultType": "normal fault, certain" }, "geometry": { "type": "LineString", "coordinates": [ [ -104.8629, 30.7793 ], [ -104.8433, 30.7771 ] ] } },
{ "type": "Feature", "properties": { "faultType": "normal fault, certain" }, "geometry": { "type": "LineString", "coordinates": [ [ -98.3679, 30.8982 ], [ -98.3854, 30.8756 ] ] } },
{ "type": "Feature", "properties": { "faultType": "normal fault, certain" }, "geometry": { "type": "LineString", "coordinates": [ [ -97.438, 30.8928 ], [ -97.453, 30.8564 ] ] } },
{ "type": "Feature", "properties": { "faultType": "normal fault, certain" }, "geometry": { "type": "LineString", "coordinates": [ [ -99.3185, 30.8845 ], [ -99.2764, 30.919 ] ] } },
{ "type": "Feature", "properties": { "faultType": "normal fault, certain" }, "geometry": { "type": "LineString", "coordinates": [ [ -98.4199, 30.8857 ], [ -98.4315, 30.8745 ] ] } },
{ "type": "Feature", "properties": { "faultType": "normal fault, certain" }, "geometry": { "type": "LineString", "coordinates": [ [ -104.8305, 30.7791 ], [ -104.8292, 30.7753 ] ] } },
{ "type": "Feature", "properties": { "faultType": "normal fault, certain" }, "geometry": { "type": "LineString", "coordinates": [ [ -103.9704, 30.8241 ], [ -103.9825, 30.8185 ], [ -103.9791, 30.8104 ] ] } },
{ "type": "Feature", "properties": { "faultType": "normal fault, certain" }, "geometry": { "type": "LineString", "coordinates": [ [ -99.1347, 30.8813 ], [ -99.1256, 30.9002 ] ] } },
{ "type": "Feature", "properties": { "faultType": "normal fault, certain" }, "geometry": { "type": "LineString", "coordinates": [ [ -99.1347, 30.8813 ], [ -99.1317, 30.8955 ] ] } },
{ "type": "Feature", "properties": { "faultType": "normal fault, certain" }, "geometry": { "type": "LineString", "coordinates": [ [ -99.391, 30.8828 ], [ -99.3782, 30.8938 ] ] } },
{ "type": "Feature", "properties": { "faultType": "normal fault, certain" }, "geometry": { "type": "LineString", "coordinates": [ [ -98.367, 30.89 ], [ -98.3702, 30.8716 ] ] } },
{ "type": "Feature", "properties": { "faultType": "normal fault, certain" }, "geometry": { "type": "LineString", "coordinates": [ [ -99.2978, 30.9191 ], [ -99.3261, 30.8817 ] ] } },
{ "type": "Feature", "properties": { "faultType": "normal fault, certain" }, "geometry": { "type": "LineString", "coordinates": [ [ -97.5566, 30.8858 ], [ -97.5712, 30.8558 ] ] } },
{ "type": "Feature", "properties": { "faultType": "normal fault, certain" }, "geometry": { "type": "LineString", "coordinates": [ [ -103.7549, 30.8418 ], [ -103.7176, 30.8166 ] ] } },
{ "type": "Feature", "properties": { "faultType": "thrust fault, certain" }, "geometry": { "type": "LineString", "coordinates": [ [ -105.0258, 30.7612 ], [ -105.0547, 30.788 ], [ -105.058, 30.8166 ], [ -105.0735, 30.8348 ] ] } },
{ "type": "Feature", "properties": { "faultType": "normal fault, certain" }, "geometry": { "type": "LineString", "coordinates": [ [ -98.4251, 30.869 ], [ -98.4073, 30.8898 ] ] } },
{ "type": "Feature", "properties": { "faultType": "normal fault, certain" }, "geometry": { "type": "LineString", "coordinates": [ [ -105.0258, 30.7612 ], [ -105.0206, 30.7606 ] ] } },
{ "type": "Feature", "properties": { "faultType": "normal fault, certain" }, "geometry": { "type": "LineString", "coordinates": [ [ -104.0245, 30.8034 ], [ -104.0579, 30.8228 ] ] } },
{ "type": "Feature", "properties": { "faultType": "normal fault, certain" }, "geometry": { "type": "LineString", "coordinates": [ [ -98.4127, 30.8675 ], [ -98.4058, 30.8765 ] ] } },
{ "type": "Feature", "properties": { "faultType": "normal fault, certain" }, "geometry": { "type": "LineString", "coordinates": [ [ -105.0206, 30.7606 ], [ -105.0144, 30.7598 ] ] } },
{ "type": "Feature", "properties": { "faultType": "normal fault, certain" }, "geometry": { "type": "LineString", "coordinates": [ [ -98.4073, 30.8898 ], [ -98.4164, 30.8673 ] ] } },
{ "type": "Feature", "properties": { "faultType": "normal fault, certain" }, "geometry": { "type": "LineString", "coordinates": [ [ -105.0005, 30.7598 ], [ -105.01, 30.7721 ] ] } },
{ "type": "Feature", "properties": { "faultType": "normal fault, certain" }, "geometry": { "type": "LineString", "coordinates": [ [ -103.9454, 30.8123 ], [ -103.9367, 30.8044 ] ] } },
{ "type": "Feature", "properties": { "faultType": "normal fault, certain" }, "geometry": { "type": "LineString", "coordinates": [ [ -103.9704, 30.8241 ], [ -103.9367, 30.8044 ] ] } },
{ "type": "Feature", "properties": { "faultType": "normal fault, certain" }, "geometry": { "type": "LineString", "coordinates": [ [ -98.7876, 30.8793 ], [ -98.836, 30.8714 ] ] } },
{ "type": "Feature", "properties": { "faultType": "normal fault, certain" }, "geometry": { "type": "LineString", "coordinates": [ [ -99.3452, 30.8816 ], [ -99.3651, 30.875 ] ] } },
{ "type": "Feature", "properties": { "faultType": "normal fault, certain" }, "geometry": { "type": "LineString", "coordinates": [ [ -98.8953, 30.9034 ], [ -98.9227, 30.8712 ] ] } },
{ "type": "Feature", "properties": { "faultType": "normal fault, certain" }, "geometry": { "type": "LineString", "coordinates": [ [ -98.8733, 30.8824 ], [ -98.8997, 30.8708 ] ] } },
{ "type": "Feature", "properties": { "faultType": "normal fault, certain" }, "geometry": { "type": "LineString", "coordinates": [ [ -98.8969, 30.8885 ], [ -98.8997, 30.8708 ] ] } },
{ "type": "Feature", "properties": { "faultType": "normal fault, certain" }, "geometry": { "type": "LineString", "coordinates": [ [ -98.532, 30.9016 ], [ -98.5754, 30.8664 ] ] } },
{ "type": "Feature", "properties": { "faultType": "normal fault, certain" }, "geometry": { "type": "LineString", "coordinates": [ [ -98.367, 30.89 ], [ -98.402, 30.8638 ] ] } },
{ "type": "Feature", "properties": { "faultType": "normal fault, certain" }, "geometry": { "type": "LineString", "coordinates": [ [ -98.402, 30.8638 ], [ -98.3844, 30.8905 ] ] } },
{ "type": "Feature", "properties": { "faultType": "normal fault, certain" }, "geometry": { "type": "LineString", "coordinates": [ [ -104.8857, 30.7623 ], [ -104.8761, 30.7647 ] ] } },
{ "type": "Feature", "properties": { "faultType": "normal fault, certain" }, "geometry": { "type": "LineString", "coordinates": [ [ -98.7848, 30.8681 ], [ -98.7809, 30.8684 ] ] } },
{ "type": "Feature", "properties": { "faultType": "normal fault, certain" }, "geometry": { "type": "LineString", "coordinates": [ [ -98.7948, 30.8719 ], [ -98.7848, 30.8681 ] ] } },
{ "type": "Feature", "properties": { "faultType": "normal fault, certain" }, "geometry": { "type": "LineString", "coordinates": [ [ -103.5227, 30.8368 ], [ -103.5243, 30.8152 ] ] } },
{ "type": "Feature", "properties": { "faultType": "normal fault, certain" }, "geometry": { "type": "LineString", "coordinates": [ [ -98.4332, 30.8657 ], [ -98.4487, 30.8614 ] ] } },
{ "type": "Feature", "properties": { "faultType": "normal fault, certain" }, "geometry": { "type": "LineString", "coordinates": [ [ -98.4708, 30.8861 ], [ -98.531, 30.8616 ] ] } },
{ "type": "Feature", "properties": { "faultType": "normal fault, certain" }, "geometry": { "type": "LineString", "coordinates": [ [ -98.402, 30.8638 ], [ -98.4135, 30.8597 ] ] } },
{ "type": "Feature", "properties": { "faultType": "normal fault, certain" }, "geometry": { "type": "LineString", "coordinates": [ [ -98.3506, 30.8912 ], [ -98.3555, 30.8583 ] ] } },
{ "type": "Feature", "properties": { "faultType": "normal fault, certain" }, "geometry": { "type": "LineString", "coordinates": [ [ -98.5822, 30.8607 ], [ -98.5617, 30.8843 ] ] } },
{ "type": "Feature", "properties": { "faultType": "normal fault, certain" }, "geometry": { "type": "LineString", "coordinates": [ [ -103.5136, 30.8116 ], [ -103.51, 30.8314 ] ] } },
{ "type": "Feature", "properties": { "faultType": "normal fault, certain" }, "geometry": { "type": "LineString", "coordinates": [ [ -103.5136, 30.8116 ], [ -103.5243, 30.8152 ] ] } },
{ "type": "Feature", "properties": { "faultType": "normal fault, certain" }, "geometry": { "type": "LineString", "coordinates": [ [ -99.1013, 30.8654 ], [ -99.1011, 30.8887 ] ] } },
{ "type": "Feature", "properties": { "faultType": "normal fault, certain" }, "geometry": { "type": "LineString", "coordinates": [ [ -103.5112, 30.8106 ], [ -103.5136, 30.8116 ] ] } },
{ "type": "Feature", "properties": { "faultType": "normal fault, certain" }, "geometry": { "type": "LineString", "coordinates": [ [ -99.3792, 30.8673 ], [ -99.3737, 30.8706 ] ] } },
{ "type": "Feature", "properties": { "faultType": "normal fault, certain" }, "geometry": { "type": "LineString", "coordinates": [ [ -99.1256, 30.9002 ], [ -99.1419, 30.8653 ] ] } },
{ "type": "Feature", "properties": { "faultType": "normal fault, certain" }, "geometry": { "type": "LineString", "coordinates": [ [ -99.1571, 30.8651 ], [ -99.1317, 30.8955 ] ] } },
{ "type": "Feature", "properties": { "faultType": "normal fault, certain" }, "geometry": { "type": "LineString", "coordinates": [ [ -98.555, 30.8736 ], [ -98.5712, 30.8587 ] ] } },
{ "type": "Feature", "properties": { "faultType": "normal fault, certain" }, "geometry": { "type": "LineString", "coordinates": [ [ -104.8613, 30.7559 ], [ -104.8629, 30.7793 ] ] } },
{ "type": "Feature", "properties": { "faultType": "normal fault, certain" }, "geometry": { "type": "LineString", "coordinates": [ [ -98.5474, 30.8582 ], [ -98.5107, 30.8713 ], [ -98.487, 30.8973 ], [ -98.4524, 30.9121 ] ] } },
{ "type": "Feature", "properties": { "faultType": "normal fault, certain" }, "geometry": { "type": "LineString", "coordinates": [ [ -103.51, 30.8314 ], [ -103.4843, 30.8105 ] ] } },
{ "type": "Feature", "properties": { "faultType": "normal fault, certain" }, "geometry": { "type": "LineString", "coordinates": [ [ -99.103, 30.93 ], [ -99.127, 30.8702 ], [ -99.1376, 30.8646 ] ] } },
{ "type": "Feature", "properties": { "faultType": "normal fault, certain" }, "geometry": { "type": "LineString", "coordinates": [ [ -99.1376, 30.8646 ], [ -99.1349, 30.8728 ] ] } },
{ "type": "Feature", "properties": { "faultType": "normal fault, certain" }, "geometry": { "type": "LineString", "coordinates": [ [ -99.1376, 30.8646 ], [ -99.1243, 30.8641 ] ] } },
{ "type": "Feature", "properties": { "faultType": "normal fault, certain" }, "geometry": { "type": "LineString", "coordinates": [ [ -104.9609, 30.7502 ], [ -104.9503, 30.7547 ] ] } },
{ "type": "Feature", "properties": { "faultType": "normal fault, certain" }, "geometry": { "type": "LineString", "coordinates": [ [ -104.9717, 30.7508 ], [ -104.9609, 30.7502 ] ] } },
{ "type": "Feature", "properties": { "faultType": "normal fault, certain" }, "geometry": { "type": "LineString", "coordinates": [ [ -104.3424, 30.8367 ], [ -104.3246, 30.7782 ] ] } },
{ "type": "Feature", "properties": { "faultType": "normal fault, certain" }, "geometry": { "type": "LineString", "coordinates": [ [ -98.6086, 30.8954 ], [ -98.598, 30.8576 ] ] } },
{ "type": "Feature", "properties": { "faultType": "normal fault, certain" }, "geometry": { "type": "LineString", "coordinates": [ [ -98.3938, 30.8542 ], [ -98.3702, 30.8716 ] ] } },
{ "type": "Feature", "properties": { "faultType": "normal fault, certain" }, "geometry": { "type": "LineString", "coordinates": [ [ -104.8973, 30.7524 ], [ -104.8857, 30.7623 ] ] } },
{ "type": "Feature", "properties": { "faultType": "normal fault, certain" }, "geometry": { "type": "LineString", "coordinates": [ [ -104.8292, 30.7753 ], [ -104.8127, 30.7555 ] ] } },
{ "type": "Feature", "properties": { "faultType": "normal fault, certain" }, "geometry": { "type": "LineString", "coordinates": [ [ -104.8292, 30.7753 ], [ -104.8127, 30.7555 ] ] } },
{ "type": "Feature", "properties": { "faultType": "normal fault, certain" }, "geometry": { "type": "LineString", "coordinates": [ [ -97.5748, 30.8652 ], [ -97.5877, 30.8378 ] ] } },
{ "type": "Feature", "properties": { "faultType": "normal fault, certain" }, "geometry": { "type": "LineString", "coordinates": [ [ -98.531, 30.8616 ], [ -98.5469, 30.8551 ] ] } },
{ "type": "Feature", "properties": { "faultType": "normal fault, certain" }, "geometry": { "type": "LineString", "coordinates": [ [ -98.5474, 30.8582 ], [ -98.5469, 30.8551 ] ] } },
{ "type": "Feature", "properties": { "faultType": "normal fault, certain" }, "geometry": { "type": "LineString", "coordinates": [ [ -103.993, 30.8184 ], [ -103.972, 30.79 ] ] } },
{ "type": "Feature", "properties": { "faultType": "normal fault, certain" }, "geometry": { "type": "LineString", "coordinates": [ [ -99.4035, 30.985 ], [ -99.4009, 30.8628 ] ] } },
{ "type": "Feature", "properties": { "faultType": "normal fault, certain" }, "geometry": { "type": "LineString", "coordinates": [ [ -99.122, 30.8617 ], [ -99.103, 30.8625 ] ] } },
{ "type": "Feature", "properties": { "faultType": "normal fault, certain" }, "geometry": { "type": "LineString", "coordinates": [ [ -103.889, 30.7992 ], [ -103.9005, 30.7913 ] ] } },
{ "type": "Feature", "properties": { "faultType": "normal fault, certain" }, "geometry": { "type": "LineString", "coordinates": [ [ -98.8692, 30.8574 ], [ -98.7744, 30.8968 ] ] } },
{ "type": "Feature", "properties": { "faultType": "normal fault, certain" }, "geometry": { "type": "LineString", "coordinates": [ [ -103.6893, 30.8248 ], [ -103.6144, 30.7997 ] ] } },
{ "type": "Feature", "properties": { "faultType": "normal fault, certain" }, "geometry": { "type": "LineString", "coordinates": [ [ -104.1268, 30.8135 ], [ -104.0807, 30.7816 ] ] } },
{ "type": "Feature", "properties": { "faultType": "normal fault, certain" }, "geometry": { "type": "LineString", "coordinates": [ [ -98.8801, 30.8539 ], [ -98.8692, 30.8574 ] ] } },
{ "type": "Feature", "properties": { "faultType": "normal fault, certain" }, "geometry": { "type": "LineString", "coordinates": [ [ -98.3371, 30.88 ], [ -98.3553, 30.8562 ], [ -98.3758, 30.8468 ] ] } },
{ "type": "Feature", "properties": { "faultType": "normal fault, certain" }, "geometry": { "type": "LineString", "coordinates": [ [ -98.3702, 30.8716 ], [ -98.3758, 30.8468 ] ] } },
{ "type": "Feature", "properties": { "faultType": "normal fault, certain" }, "geometry": { "type": "LineString", "coordinates": [ [ -104.8857, 30.7623 ], [ -104.8803, 30.7445 ] ] } },
{ "type": "Feature", "properties": { "faultType": "thrust fault, certain" }, "geometry": { "type": "LineString", "coordinates": [ [ -105.0323, 30.7373 ], [ -105.074, 30.8059 ] ] } },
{ "type": "Feature", "properties": { "faultType": "normal fault, certain" }, "geometry": { "type": "LineString", "coordinates": [ [ -98.3758, 30.8468 ], [ -98.3753, 30.8444 ] ] } },
{ "type": "Feature", "properties": { "faultType": "normal fault, certain" }, "geometry": { "type": "LineString", "coordinates": [ [ -98.8371, 30.85 ], [ -98.7806, 30.8636 ] ] } },
{ "type": "Feature", "properties": { "faultType": "normal fault, certain" }, "geometry": { "type": "LineString", "coordinates": [ [ -99.1419, 30.8653 ], [ -99.1468, 30.8519 ] ] } },
{ "type": "Feature", "properties": { "faultType": "normal fault, certain" }, "geometry": { "type": "LineString", "coordinates": [ [ -99.159, 30.8519 ], [ -99.1347, 30.8813 ] ] } },
{ "type": "Feature", "properties": { "faultType": "normal fault, certain" }, "geometry": { "type": "LineString", "coordinates": [ [ -99.1576, 30.861 ], [ -99.159, 30.8519 ] ] } },
{ "type": "Feature", "properties": { "faultType": "normal fault, certain" }, "geometry": { "type": "LineString", "coordinates": [ [ -98.8692, 30.8574 ], [ -98.8842, 30.8485 ] ] } },
{ "type": "Feature", "properties": { "faultType": "normal fault, certain" }, "geometry": { "type": "LineString", "coordinates": [ [ -98.531, 30.8616 ], [ -98.5527, 30.8444 ] ] } },
{ "type": "Feature", "properties": { "faultType": "normal fault, certain" }, "geometry": { "type": "LineString", "coordinates": [ [ -98.5469, 30.8551 ], [ -98.5527, 30.8444 ] ] } },
{ "type": "Feature", "properties": { "faultType": "normal fault, certain" }, "geometry": { "type": "LineString", "coordinates": [ [ -104.1087, 30.7738 ], [ -104.0892, 30.7721 ] ] } },
{ "type": "Feature", "properties": { "faultType": "normal fault, certain" }, "geometry": { "type": "LineString", "coordinates": [ [ -98.8739, 30.8452 ], [ -98.8427, 30.8613 ], [ -98.7848, 30.8681 ] ] } },
{ "type": "Feature", "properties": { "faultType": "normal fault, certain" }, "geometry": { "type": "LineString", "coordinates": [ [ -98.5241, 30.8394 ], [ -98.496, 30.8622 ], [ -98.4523, 30.8692 ] ] } },
{ "type": "Feature", "properties": { "faultType": "normal fault, certain" }, "geometry": { "type": "LineString", "coordinates": [ [ -103.9034, 30.7764 ], [ -103.8928, 30.7917 ] ] } },
{ "type": "Feature", "properties": { "faultType": "normal fault, certain" }, "geometry": { "type": "LineString", "coordinates": [ [ -99.1252, 30.8443 ], [ -99.1381, 30.8572 ] ] } },
{ "type": "Feature", "properties": { "faultType": "normal fault, certain" }, "geometry": { "type": "LineString", "coordinates": [ [ -99.1657, 30.8438 ], [ -99.159, 30.8519 ] ] } },
{ "type": "Feature", "properties": { "faultType": "normal fault, certain" }, "geometry": { "type": "LineString", "coordinates": [ [ -98.8997, 30.8708 ], [ -98.9026, 30.8413 ] ] } },
{ "type": "Feature", "properties": { "faultType": "normal fault, certain" }, "geometry": { "type": "LineString", "coordinates": [ [ -98.8704, 30.8409 ], [ -98.827, 30.8577 ] ] } },
{ "type": "Feature", "properties": { "faultType": "normal fault, certain" }, "geometry": { "type": "LineString", "coordinates": [ [ -104.9689, 30.7282 ], [ -104.9609, 30.7502 ] ] } },
{ "type": "Feature", "properties": { "faultType": "normal fault, certain" }, "geometry": { "type": "LineString", "coordinates": [ [ -104.9689, 30.7282 ], [ -105.0005, 30.7598 ] ] } },
{ "type": "Feature", "properties": { "faultType": "normal fault, certain" }, "geometry": { "type": "LineString", "coordinates": [ [ -98.8986, 30.8387 ], [ -98.8836, 30.8462 ] ] } },
{ "type": "Feature", "properties": { "faultType": "normal fault, certain" }, "geometry": { "type": "LineString", "coordinates": [ [ -98.5527, 30.8444 ], [ -98.5596, 30.8345 ] ] } },
{ "type": "Feature", "properties": { "faultType": "normal fault, certain" }, "geometry": { "type": "LineString", "coordinates": [ [ -104.8571, 30.7547 ], [ -104.8563, 30.7321 ] ] } },
{ "type": "Feature", "properties": { "faultType": "normal fault, certain" }, "geometry": { "type": "LineString", "coordinates": [ [ -104.8613, 30.7559 ], [ -104.866, 30.7471 ], [ -104.8563, 30.7321 ] ] } },
{ "type": "Feature", "properties": { "faultType": "normal fault, certain" }, "geometry": { "type": "LineString", "coordinates": [ [ -104.9959, 30.734 ], [ -105.0005, 30.7235 ] ] } },
{ "type": "Feature", "properties": { "faultType": "normal fault, certain" }, "geometry": { "type": "LineString", "coordinates": [ [ -104.2984, 30.7775 ], [ -104.2864, 30.754 ] ] } },
{ "type": "Feature", "properties": { "faultType": "thrust fault, certain" }, "geometry": { "type": "LineString", "coordinates": [ [ -105.0118, 30.7208 ], [ -105.0258, 30.7612 ] ] } },
{ "type": "Feature", "properties": { "faultType": "normal fault, certain" }, "geometry": { "type": "LineString", "coordinates": [ [ -98.8836, 30.8462 ], [ -98.8952, 30.8343 ] ] } },
{ "type": "Feature", "properties": { "faultType": "normal fault, certain" }, "geometry": { "type": "LineString", "coordinates": [ [ -105.0086, 30.7204 ], [ -105.0206, 30.7606 ] ] } },
{ "type": "Feature", "properties": { "faultType": "normal fault, certain" }, "geometry": { "type": "LineString", "coordinates": [ [ -105.0118, 30.7208 ], [ -105.0086, 30.7204 ] ] } },
{ "type": "Feature", "properties": { "faultType": "normal fault, certain" }, "geometry": { "type": "LineString", "coordinates": [ [ -103.8871, 30.7886 ], [ -103.8627, 30.7682 ] ] } },
{ "type": "Feature", "properties": { "faultType": "normal fault, certain" }, "geometry": { "type": "LineString", "coordinates": [ [ -98.5473, 30.8602 ], [ -98.5718, 30.8288 ] ] } },
{ "type": "Feature", "properties": { "faultType": "normal fault, certain" }, "geometry": { "type": "LineString", "coordinates": [ [ -98.3015, 30.824 ], [ -98.2822, 30.8378 ] ] } },
{ "type": "Feature", "properties": { "faultType": "normal fault, certain" }, "geometry": { "type": "LineString", "coordinates": [ [ -104.8474, 30.7374 ], [ -104.8471, 30.7257 ] ] } },
{ "type": "Feature", "properties": { "faultType": "normal fault, certain" }, "geometry": { "type": "LineString", "coordinates": [ [ -104.8563, 30.7321 ], [ -104.8471, 30.7257 ] ] } },
{ "type": "Feature", "properties": { "faultType": "normal fault, certain" }, "geometry": { "type": "LineString", "coordinates": [ [ -97.6745, 30.8302 ], [ -97.6904, 30.8107 ] ] } },
{ "type": "Feature", "properties": { "faultType": "thrust fault, certain" }, "geometry": { "type": "LineString", "coordinates": [ [ -104.9643, 30.7188 ], [ -104.9563, 30.7346 ] ] } },
{ "type": "Feature", "properties": { "faultType": "normal fault, certain" }, "geometry": { "type": "LineString", "coordinates": [ [ -104.9643, 30.7188 ], [ -104.9689, 30.7282 ] ] } },
{ "type": "Feature", "properties": { "faultType": "normal fault, certain" }, "geometry": { "type": "LineString", "coordinates": [ [ -99.1388, 30.8323 ], [ -99.0978, 30.8362 ] ] } },
{ "type": "Feature", "properties": { "faultType": "normal fault, certain" }, "geometry": { "type": "LineString", "coordinates": [ [ -99.1501, 30.8318 ], [ -99.1376, 30.8646 ] ] } },
{ "type": "Feature", "properties": { "faultType": "normal fault, certain" }, "geometry": { "type": "LineString", "coordinates": [ [ -98.5595, 30.8251 ], [ -98.5314, 30.8543 ], [ -98.4746, 30.8683 ] ] } },
{ "type": "Feature", "properties": { "faultType": "normal fault, certain" }, "geometry": { "type": "LineString", "coordinates": [ [ -99.1501, 30.8318 ], [ -99.1388, 30.8323 ] ] } },
{ "type": "Feature", "properties": { "faultType": "thrust fault, certain" }, "geometry": { "type": "LineString", "coordinates": [ [ -104.9591, 30.7174 ], [ -104.954, 30.7341 ] ] } },
{ "type": "Feature", "properties": { "faultType": "normal fault, certain" }, "geometry": { "type": "LineString", "coordinates": [ [ -103.9367, 30.8044 ], [ -103.8974, 30.7619 ] ] } },
{ "type": "Feature", "properties": { "faultType": "normal fault, certain" }, "geometry": { "type": "LineString", "coordinates": [ [ -99.1075, 30.8298 ], [ -99.0194, 30.8372 ] ] } },
{ "type": "Feature", "properties": { "faultType": "normal fault, certain" }, "geometry": { "type": "LineString", "coordinates": [ [ -98.3411, 30.8187 ], [ -98.3023, 30.8515 ] ] } },
{ "type": "Feature", "properties": { "faultType": "normal fault, certain" }, "geometry": { "type": "LineString", "coordinates": [ [ -98.2952, 30.8526 ], [ -98.3411, 30.8187 ] ] } },
{ "type": "Feature", "properties": { "faultType": "normal fault, certain" }, "geometry": { "type": "LineString", "coordinates": [ [ -105.0016, 30.7113 ], [ -105.0086, 30.7204 ] ] } },
{ "type": "Feature", "properties": { "faultType": "normal fault, certain" }, "geometry": { "type": "LineString", "coordinates": [ [ -99.2585, 30.8271 ], [ -99.2398, 30.8455 ] ] } },
{ "type": "Feature", "properties": { "faultType": "normal fault, certain" }, "geometry": { "type": "LineString", "coordinates": [ [ -99.2549, 30.8396 ], [ -99.2585, 30.8271 ] ] } },
{ "type": "Feature", "properties": { "faultType": "normal fault, certain" }, "geometry": { "type": "LineString", "coordinates": [ [ -99.197, 30.8252 ], [ -99.1858, 30.8398 ] ] } },
{ "type": "Feature", "properties": { "faultType": "normal fault, certain" }, "geometry": { "type": "LineString", "coordinates": [ [ -103.5758, 30.7672 ], [ -103.6146, 30.7882 ] ] } },
{ "type": "Feature", "properties": { "faultType": "normal fault, certain" }, "geometry": { "type": "LineString", "coordinates": [ [ -104.913, 30.7101 ], [ -104.9158, 30.7492 ] ] } },
{ "type": "Feature", "properties": { "faultType": "normal fault, certain" }, "geometry": { "type": "LineString", "coordinates": [ [ -104.8803, 30.7445 ], [ -104.8961, 30.7099 ] ] } },
{ "type": "Feature", "properties": { "faultType": "normal fault, certain" }, "geometry": { "type": "LineString", "coordinates": [ [ -98.8256, 30.8398 ], [ -98.847, 30.8168 ] ] } },
{ "type": "Feature", "properties": { "faultType": "normal fault, certain" }, "geometry": { "type": "LineString", "coordinates": [ [ -99.264, 30.8199 ], [ -99.2585, 30.8271 ] ] } },
{ "type": "Feature", "properties": { "faultType": "normal fault, certain" }, "geometry": { "type": "LineString", "coordinates": [ [ -99.1984, 30.8185 ], [ -99.1835, 30.8452 ] ] } },
{ "type": "Feature", "properties": { "faultType": "normal fault, certain" }, "geometry": { "type": "LineString", "coordinates": [ [ -99.1984, 30.8185 ], [ -99.197, 30.8252 ] ] } },
{ "type": "Feature", "properties": { "faultType": "normal fault, certain" }, "geometry": { "type": "LineString", "coordinates": [ [ -99.1738, 30.8184 ], [ -99.1419, 30.8653 ] ] } },
{ "type": "Feature", "properties": { "faultType": "normal fault, certain" }, "geometry": { "type": "LineString", "coordinates": [ [ -99.2119, 30.8179 ], [ -99.197, 30.8252 ] ] } },
{ "type": "Feature", "properties": { "faultType": "normal fault, certain" }, "geometry": { "type": "LineString", "coordinates": [ [ -99.2119, 30.8179 ], [ -99.1862, 30.8466 ] ] } },
{ "type": "Feature", "properties": { "faultType": "normal fault, certain" }, "geometry": { "type": "LineString", "coordinates": [ [ -98.8954, 30.815 ], [ -98.8971, 30.8272 ] ] } },
{ "type": "Feature", "properties": { "faultType": "normal fault, certain" }, "geometry": { "type": "LineString", "coordinates": [ [ -97.5938, 30.8513 ], [ -97.6318, 30.794 ] ] } },
{ "type": "Feature", "properties": { "faultType": "normal fault, certain" }, "geometry": { "type": "LineString", "coordinates": [ [ -99.2536, 30.8173 ], [ -99.2362, 30.8457 ] ] } },
{ "type": "Feature", "properties": { "faultType": "normal fault, certain" }, "geometry": { "type": "LineString", "coordinates": [ [ -104.0288, 30.7407 ], [ -104.0595, 30.7721 ] ] } },
{ "type": "Feature", "properties": { "faultType": "normal fault, certain" }, "geometry": { "type": "LineString", "coordinates": [ [ -104.9485, 30.7014 ], [ -104.9643, 30.7188 ] ] } },
{ "type": "Feature", "properties": { "faultType": "normal fault, certain" }, "geometry": { "type": "LineString", "coordinates": [ [ -104.1007, 30.7365 ], [ -104.1284, 30.8106 ] ] } },
{ "type": "Feature", "properties": { "faultType": "normal fault, certain" }, "geometry": { "type": "LineString", "coordinates": [ [ -98.2822, 30.8378 ], [ -98.2878, 30.8013 ] ] } },
{ "type": "Feature", "properties": { "faultType": "normal fault, certain" }, "geometry": { "type": "LineString", "coordinates": [ [ -103.8055, 30.7455 ], [ -103.8295, 30.7594 ] ] } },
{ "type": "Feature", "properties": { "faultType": "normal fault, certain" }, "geometry": { "type": "LineString", "coordinates": [ [ -98.9044, 30.8084 ], [ -98.8954, 30.815 ] ] } },
{ "type": "Feature", "properties": { "faultType": "normal fault, certain" }, "geometry": { "type": "LineString", "coordinates": [ [ -98.9048, 30.8379 ], [ -98.9044, 30.8084 ] ] } },
{ "type": "Feature", "properties": { "faultType": "normal fault, certain" }, "geometry": { "type": "LineString", "coordinates": [ [ -99.1673, 30.8106 ], [ -99.1501, 30.8318 ] ] } },
{ "type": "Feature", "properties": { "faultType": "normal fault, certain" }, "geometry": { "type": "LineString", "coordinates": [ [ -105.0005, 30.7134 ], [ -104.9818, 30.6939 ] ] } },
{ "type": "Feature", "properties": { "faultType": "normal fault, certain" }, "geometry": { "type": "LineString", "coordinates": [ [ -96.7613, 30.7965 ], [ -96.8503, 30.7642 ] ] } },
{ "type": "Feature", "properties": { "faultType": "normal fault, certain" }, "geometry": { "type": "LineString", "coordinates": [ [ -98.9044, 30.8084 ], [ -98.9033, 30.8045 ] ] } },
{ "type": "Feature", "properties": { "faultType": "normal fault, certain" }, "geometry": { "type": "LineString", "coordinates": [ [ -98.8952, 30.8034 ], [ -98.8763, 30.8477 ] ] } },
{ "type": "Feature", "properties": { "faultType": "normal fault, certain" }, "geometry": { "type": "LineString", "coordinates": [ [ -98.8985, 30.8029 ], [ -98.8954, 30.815 ] ] } },
{ "type": "Feature", "properties": { "faultType": "normal fault, certain" }, "geometry": { "type": "LineString", "coordinates": [ [ -97.6904, 30.8107 ], [ -97.7165, 30.7837 ] ] } },
{ "type": "Feature", "properties": { "faultType": "normal fault, certain" }, "geometry": { "type": "LineString", "coordinates": [ [ -104.4971, 30.7222 ], [ -104.505, 30.7099 ] ] } },
{ "type": "Feature", "properties": { "faultType": "normal fault, certain" }, "geometry": { "type": "LineString", "coordinates": [ [ -104.0839, 30.7264 ], [ -104.1086, 30.7374 ] ] } },
{ "type": "Feature", "properties": { "faultType": "normal fault, certain" }, "geometry": { "type": "LineString", "coordinates": [ [ -99.1835, 30.8025 ], [ -99.1738, 30.8184 ] ] } },
{ "type": "Feature", "properties": { "faultType": "normal fault, certain" }, "geometry": { "type": "LineString", "coordinates": [ [ -104.08, 30.7471 ], [ -104.0835, 30.7264 ] ] } },
{ "type": "Feature", "properties": { "faultType": "normal fault, certain" }, "geometry": { "type": "LineString", "coordinates": [ [ -104.0839, 30.7264 ], [ -104.0835, 30.7264 ] ] } },
{ "type": "Feature", "properties": { "faultType": "normal fault, certain" }, "geometry": { "type": "LineString", "coordinates": [ [ -105.0005, 30.7031 ], [ -104.994, 30.6869 ] ] } },
{ "type": "Feature", "properties": { "faultType": "normal fault, certain" }, "geometry": { "type": "LineString", "coordinates": [ [ -98.3683, 30.8285 ], [ -98.3825, 30.7923 ] ] } },
{ "type": "Feature", "properties": { "faultType": "normal fault, certain" }, "geometry": { "type": "LineString", "coordinates": [ [ -104.2821, 30.7222 ], [ -104.2449, 30.7183 ] ] } },
{ "type": "Feature", "properties": { "faultType": "normal fault, certain" }, "geometry": { "type": "LineString", "coordinates": [ [ -104.0533, 30.7247 ], [ -104.054, 30.7253 ] ] } },
{ "type": "Feature", "properties": { "faultType": "thrust fault, certain" }, "geometry": { "type": "LineString", "coordinates": [ [ -105.0118, 30.7208 ], [ -105.0252, 30.6824 ] ] } },
{ "type": "Feature", "properties": { "faultType": "normal fault, certain" }, "geometry": { "type": "LineString", "coordinates": [ [ -103.8301, 30.7317 ], [ -103.8912, 30.7886 ] ] } },
{ "type": "Feature", "properties": { "faultType": "normal fault, certain" }, "geometry": { "type": "LineString", "coordinates": [ [ -104.5096, 30.7033 ], [ -104.5098, 30.7178 ] ] } },
{ "type": "Feature", "properties": { "faultType": "normal fault, certain" }, "geometry": { "type": "LineString", "coordinates": [ [ -104.5191, 30.7186 ], [ -104.5252, 30.7009 ] ] } },
{ "type": "Feature", "properties": { "faultType": "normal fault, certain" }, "geometry": { "type": "LineString", "coordinates": [ [ -99.1966, 30.7951 ], [ -99.1738, 30.8184 ] ] } },
{ "type": "Feature", "properties": { "faultType": "normal fault, certain" }, "geometry": { "type": "LineString", "coordinates": [ [ -99.2253, 30.795 ], [ -99.2056, 30.8174 ] ] } },
{ "type": "Feature", "properties": { "faultType": "normal fault, certain" }, "geometry": { "type": "LineString", "coordinates": [ [ -103.8643, 30.7416 ], [ -103.8447, 30.7268 ] ] } },
{ "type": "Feature", "properties": { "faultType": "normal fault, certain" }, "geometry": { "type": "LineString", "coordinates": [ [ -104.8127, 30.7555 ], [ -104.7961, 30.7312 ], [ -104.7306, 30.6906 ] ] } },
{ "type": "Feature", "properties": { "faultType": "normal fault, certain" }, "geometry": { "type": "LineString", "coordinates": [ [ -104.0385, 30.7193 ], [ -104.0533, 30.7247 ] ] } },
{ "type": "Feature", "properties": { "faultType": "normal fault, certain" }, "geometry": { "type": "LineString", "coordinates": [ [ -97.654, 30.7704 ], [ -97.6318, 30.794 ] ] } },
{ "type": "Feature", "properties": { "faultType": "normal fault, certain" }, "geometry": { "type": "LineString", "coordinates": [ [ -97.5744, 30.8846 ], [ -97.6237, 30.8298 ], [ -97.654, 30.7704 ] ] } },
{ "type": "Feature", "properties": { "faultType": "normal fault, certain" }, "geometry": { "type": "LineString", "coordinates": [ [ -104.907, 30.6818 ], [ -104.9257, 30.7152 ] ] } },
{ "type": "Feature", "properties": { "faultType": "normal fault, certain" }, "geometry": { "type": "LineString", "coordinates": [ [ -104.8471, 30.7257 ], [ -104.827, 30.6841 ] ] } },
{ "type": "Feature", "properties": { "faultType": "normal fault, certain" }, "geometry": { "type": "LineString", "coordinates": [ [ -99.3191, 30.8125 ], [ -99.3466, 30.7928 ] ] } },
{ "type": "Feature", "properties": { "faultType": "normal fault, certain" }, "geometry": { "type": "LineString", "coordinates": [ [ -97.654, 30.7704 ], [ -97.6548, 30.7673 ] ] } },
{ "type": "Feature", "properties": { "faultType": "normal fault, certain" }, "geometry": { "type": "LineString", "coordinates": [ [ -97.7319, 30.7852 ], [ -97.7561, 30.7662 ] ] } },
{ "type": "Feature", "properties": { "faultType": "normal fault, certain" }, "geometry": { "type": "LineString", "coordinates": [ [ -97.6318, 30.794 ], [ -97.6548, 30.7633 ] ] } },
{ "type": "Feature", "properties": { "faultType": "normal fault, certain" }, "geometry": { "type": "LineString", "coordinates": [ [ -97.6548, 30.7673 ], [ -97.6548, 30.7633 ] ] } },
{ "type": "Feature", "properties": { "faultType": "thrust fault, certain" }, "geometry": { "type": "LineString", "coordinates": [ [ -104.8108, 30.6782 ], [ -104.8093, 30.7328 ], [ -104.8402, 30.7449 ], [ -104.8433, 30.7771 ] ] } },
{ "type": "Feature", "properties": { "faultType": "normal fault, certain" }, "geometry": { "type": "LineString", "coordinates": [ [ -98.3632, 30.7746 ], [ -98.3411, 30.8187 ] ] } },
{ "type": "Feature", "properties": { "faultType": "normal fault, certain" }, "geometry": { "type": "LineString", "coordinates": [ [ -104.0748, 30.7058 ], [ -104.0835, 30.7264 ] ] } },
{ "type": "Feature", "properties": { "faultType": "normal fault, certain" }, "geometry": { "type": "LineString", "coordinates": [ [ -104.0533, 30.7247 ], [ -104.0613, 30.706 ] ] } },
{ "type": "Feature", "properties": { "faultType": "normal fault, certain" }, "geometry": { "type": "LineString", "coordinates": [ [ -95.669, 30.8713 ], [ -95.79, 30.7675 ], [ -95.929, 30.7024 ] ] } },
{ "type": "Feature", "properties": { "faultType": "normal fault, certain" }, "geometry": { "type": "LineString", "coordinates": [ [ -99.2847, 30.7719 ], [ -99.2816, 30.7776 ] ] } },
{ "type": "Feature", "properties": { "faultType": "normal fault, certain" }, "geometry": { "type": "LineString", "coordinates": [ [ -97.6548, 30.7633 ], [ -97.6572, 30.7477 ] ] } },
{ "type": "Feature", "properties": { "faultType": "normal fault, certain" }, "geometry": { "type": "LineString", "coordinates": [ [ -104.1744, 30.7209 ], [ -104.1573, 30.6915 ] ] } },
{ "type": "Feature", "properties": { "faultType": "normal fault, certain" }, "geometry": { "type": "LineString", "coordinates": [ [ -99.3994, 30.7691 ], [ -99.4, 30.7993 ] ] } },
{ "type": "Feature", "properties": { "faultType": "normal fault, certain" }, "geometry": { "type": "LineString", "coordinates": [ [ -99.2847, 30.7719 ], [ -99.2939, 30.7677 ] ] } },
{ "type": "Feature", "properties": { "faultType": "normal fault, certain" }, "geometry": { "type": "LineString", "coordinates": [ [ -99.4162, 30.7943 ], [ -99.4231, 30.7684 ] ] } },
{ "type": "Feature", "properties": { "faultType": "normal fault, certain" }, "geometry": { "type": "LineString", "coordinates": [ [ -98.3002, 30.7547 ], [ -98.2873, 30.7719 ] ] } },
{ "type": "Feature", "properties": { "faultType": "normal fault, certain" }, "geometry": { "type": "LineString", "coordinates": [ [ -99.2939, 30.7677 ], [ -99.3018, 30.7658 ] ] } },
{ "type": "Feature", "properties": { "faultType": "normal fault, certain" }, "geometry": { "type": "LineString", "coordinates": [ [ -98.2989, 30.7542 ], [ -98.3002, 30.7547 ] ] } },
{ "type": "Feature", "properties": { "faultType": "normal fault, certain" }, "geometry": { "type": "LineString", "coordinates": [ [ -99.287, 30.7643 ], [ -99.2847, 30.7719 ] ] } },
{ "type": "Feature", "properties": { "faultType": "normal fault, certain" }, "geometry": { "type": "LineString", "coordinates": [ [ -99.2343, 30.7623 ], [ -99.1792, 30.8372 ] ] } },
{ "type": "Feature", "properties": { "faultType": "normal fault, certain" }, "geometry": { "type": "LineString", "coordinates": [ [ -97.6615, 30.8472 ], [ -97.7613, 30.7388 ] ] } },
{ "type": "Feature", "properties": { "faultType": "normal fault, certain" }, "geometry": { "type": "LineString", "coordinates": [ [ -97.6904, 30.8107 ], [ -97.6993, 30.7788 ], [ -97.7309, 30.7373 ] ] } },
{ "type": "Feature", "properties": { "faultType": "normal fault, certain" }, "geometry": { "type": "LineString", "coordinates": [ [ -98.3002, 30.7547 ], [ -98.3446, 30.7483 ] ] } },
{ "type": "Feature", "properties": { "faultType": "normal fault, certain" }, "geometry": { "type": "LineString", "coordinates": [ [ -98.2819, 30.7674 ], [ -98.3125, 30.7452 ] ] } },
{ "type": "Feature", "properties": { "faultType": "normal fault, certain" }, "geometry": { "type": "LineString", "coordinates": [ [ -98.3446, 30.7483 ], [ -98.3498, 30.7458 ] ] } },
{ "type": "Feature", "properties": { "faultType": "normal fault, certain" }, "geometry": { "type": "LineString", "coordinates": [ [ -104.8428, 30.6468 ], [ -104.8916, 30.6924 ] ] } },
{ "type": "Feature", "properties": { "faultType": "normal fault, certain" }, "geometry": { "type": "LineString", "coordinates": [ [ -104.6799, 30.6628 ], [ -104.6695, 30.6546 ] ] } },
{ "type": "Feature", "properties": { "faultType": "normal fault, certain" }, "geometry": { "type": "LineString", "coordinates": [ [ -99.4298, 30.7559 ], [ -99.4231, 30.7684 ] ] } },
{ "type": "Feature", "properties": { "faultType": "normal fault, certain" }, "geometry": { "type": "LineString", "coordinates": [ [ -99.2416, 30.7547 ], [ -99.2379, 30.7594 ] ] } },
{ "type": "Feature", "properties": { "faultType": "normal fault, certain" }, "geometry": { "type": "LineString", "coordinates": [ [ -99.2416, 30.7547 ], [ -99.2426, 30.7605 ] ] } },
{ "type": "Feature", "properties": { "faultType": "normal fault, certain" }, "geometry": { "type": "LineString", "coordinates": [ [ -97.7661, 30.7681 ], [ -97.7959, 30.7341 ] ] } },
{ "type": "Feature", "properties": { "faultType": "normal fault, certain" }, "geometry": { "type": "LineString", "coordinates": [ [ -98.4128, 30.7448 ], [ -98.4007, 30.7502 ] ] } },
{ "type": "Feature", "properties": { "faultType": "normal fault, certain" }, "geometry": { "type": "LineString", "coordinates": [ [ -99.2277, 30.7526 ], [ -99.1388, 30.8323 ] ] } },
{ "type": "Feature", "properties": { "faultType": "normal fault, certain" }, "geometry": { "type": "LineString", "coordinates": [ [ -99.3994, 30.7648 ], [ -99.4028, 30.7535 ] ] } },
{ "type": "Feature", "properties": { "faultType": "normal fault, certain" }, "geometry": { "type": "LineString", "coordinates": [ [ -99.287, 30.7643 ], [ -99.3002, 30.7525 ] ] } },
{ "type": "Feature", "properties": { "faultType": "normal fault, certain" }, "geometry": { "type": "LineString", "coordinates": [ [ -99.3002, 30.7525 ], [ -99.2939, 30.7677 ] ] } },
{ "type": "Feature", "properties": { "faultType": "normal fault, certain" }, "geometry": { "type": "LineString", "coordinates": [ [ -98.4225, 30.7407 ], [ -98.4128, 30.7448 ] ] } },
{ "type": "Feature", "properties": { "faultType": "normal fault, certain" }, "geometry": { "type": "LineString", "coordinates": [ [ -103.7837, 30.696 ], [ -103.765, 30.6842 ] ] } },
{ "type": "Feature", "properties": { "faultType": "normal fault, certain" }, "geometry": { "type": "LineString", "coordinates": [ [ -99.2951, 30.7486 ], [ -99.2679, 30.7668 ] ] } },
{ "type": "Feature", "properties": { "faultType": "normal fault, certain" }, "geometry": { "type": "LineString", "coordinates": [ [ -99.2951, 30.7486 ], [ -99.287, 30.7643 ] ] } },
{ "type": "Feature", "properties": { "faultType": "normal fault, certain" }, "geometry": { "type": "LineString", "coordinates": [ [ -99.3018, 30.7658 ], [ -99.3256, 30.7487 ] ] } },
{ "type": "Feature", "properties": { "faultType": "normal fault, certain" }, "geometry": { "type": "LineString", "coordinates": [ [ -99.3099, 30.7478 ], [ -99.3018, 30.7658 ] ] } },
{ "type": "Feature", "properties": { "faultType": "normal fault, certain" }, "geometry": { "type": "LineString", "coordinates": [ [ -103.7225, 30.684 ], [ -103.7188, 30.6901 ] ] } },
{ "type": "Feature", "properties": { "faultType": "normal fault, certain" }, "geometry": { "type": "LineString", "coordinates": [ [ -98.3293, 30.7456 ], [ -98.3452, 30.7368 ] ] } },
{ "type": "Feature", "properties": { "faultType": "normal fault, certain" }, "geometry": { "type": "LineString", "coordinates": [ [ -98.3452, 30.7368 ], [ -98.3446, 30.7483 ] ] } },
{ "type": "Feature", "properties": { "faultType": "normal fault, certain" }, "geometry": { "type": "LineString", "coordinates": [ [ -98.3951, 30.7369 ], [ -98.3914, 30.7375 ] ] } },
{ "type": "Feature", "properties": { "faultType": "normal fault, certain" }, "geometry": { "type": "LineString", "coordinates": [ [ -98.391, 30.7476 ], [ -98.3951, 30.7369 ] ] } },
{ "type": "Feature", "properties": { "faultType": "normal fault, certain" }, "geometry": { "type": "LineString", "coordinates": [ [ -99.2431, 30.7453 ], [ -99.24, 30.7471 ] ] } },
{ "type": "Feature", "properties": { "faultType": "normal fault, certain" }, "geometry": { "type": "LineString", "coordinates": [ [ -99.2431, 30.7453 ], [ -99.2416, 30.7547 ] ] } },
{ "type": "Feature", "properties": { "faultType": "normal fault, certain" }, "geometry": { "type": "LineString", "coordinates": [ [ -97.6595, 30.7309 ], [ -97.6639, 30.7221 ] ] } },
{ "type": "Feature", "properties": { "faultType": "normal fault, certain" }, "geometry": { "type": "LineString", "coordinates": [ [ -97.6252, 30.7572 ], [ -97.6392, 30.7211 ] ] } },
{ "type": "Feature", "properties": { "faultType": "normal fault, certain" }, "geometry": { "type": "LineString", "coordinates": [ [ -99.3223, 30.7423 ], [ -99.3099, 30.7478 ] ] } },
{ "type": "Feature", "properties": { "faultType": "normal fault, certain" }, "geometry": { "type": "LineString", "coordinates": [ [ -99.3223, 30.7423 ], [ -99.3256, 30.7487 ] ] } },
{ "type": "Feature", "properties": { "faultType": "normal fault, certain" }, "geometry": { "type": "LineString", "coordinates": [ [ -98.42, 30.7323 ], [ -98.4009, 30.7426 ] ] } },
{ "type": "Feature", "properties": { "faultType": "normal fault, certain" }, "geometry": { "type": "LineString", "coordinates": [ [ -98.4128, 30.7448 ], [ -98.42, 30.7323 ] ] } },
{ "type": "Feature", "properties": { "faultType": "normal fault, certain" }, "geometry": { "type": "LineString", "coordinates": [ [ -99.3256, 30.7487 ], [ -99.3403, 30.7418 ] ] } },
{ "type": "Feature", "properties": { "faultType": "normal fault, certain" }, "geometry": { "type": "LineString", "coordinates": [ [ -99.3403, 30.7418 ], [ -99.2953, 30.7758 ] ] } },
{ "type": "Feature", "properties": { "faultType": "normal fault, certain" }, "geometry": { "type": "LineString", "coordinates": [ [ -95.9104, 30.6633 ], [ -95.8359, 30.7141 ], [ -95.7481, 30.7308 ] ] } },
{ "type": "Feature", "properties": { "faultType": "normal fault, certain" }, "geometry": { "type": "LineString", "coordinates": [ [ -95.9536, 30.665 ], [ -95.6955, 30.7998 ], [ -95.6421, 30.8371 ] ] } },
{ "type": "Feature", "properties": { "faultType": "normal fault, certain" }, "geometry": { "type": "LineString", "coordinates": [ [ -99.4711, 30.7543 ], [ -99.4711, 30.7408 ] ] } },
{ "type": "Feature", "properties": { "faultType": "normal fault, certain" }, "geometry": { "type": "LineString", "coordinates": [ [ -97.7645, 30.7948 ], [ -97.7785, 30.7638 ], [ -97.8198, 30.719 ] ] } },
{ "type": "Feature", "properties": { "faultType": "normal fault, certain" }, "geometry": { "type": "LineString", "coordinates": [ [ -97.8151, 30.7326 ], [ -97.8198, 30.719 ] ] } },
{ "type": "Feature", "properties": { "faultType": "normal fault, certain" }, "geometry": { "type": "LineString", "coordinates": [ [ -99.3011, 30.7383 ], [ -99.3002, 30.7525 ] ] } },
{ "type": "Feature", "properties": { "faultType": "normal fault, certain" }, "geometry": { "type": "LineString", "coordinates": [ [ -99.3403, 30.7418 ], [ -99.3547, 30.7389 ] ] } },
{ "type": "Feature", "properties": { "faultType": "normal fault, certain" }, "geometry": { "type": "LineString", "coordinates": [ [ -98.4308, 30.7284 ], [ -98.42, 30.7323 ] ] } },
{ "type": "Feature", "properties": { "faultType": "normal fault, certain" }, "geometry": { "type": "LineString", "coordinates": [ [ -98.4308, 30.7284 ], [ -98.4308, 30.7284 ] ] } },
{ "type": "Feature", "properties": { "faultType": "normal fault, certain" }, "geometry": { "type": "LineString", "coordinates": [ [ -104.1952, 30.679 ], [ -104.1605, 30.6569 ] ] } },
{ "type": "Feature", "properties": { "faultType": "normal fault, certain" }, "geometry": { "type": "LineString", "coordinates": [ [ -104.9775, 30.6212 ], [ -104.9787, 30.6523 ] ] } },
{ "type": "Feature", "properties": { "faultType": "normal fault, certain" }, "geometry": { "type": "LineString", "coordinates": [ [ -97.8198, 30.719 ], [ -97.8221, 30.7162 ] ] } },
{ "type": "Feature", "properties": { "faultType": "normal fault, certain" }, "geometry": { "type": "LineString", "coordinates": [ [ -99.3547, 30.7389 ], [ -99.3611, 30.7367 ] ] } },
{ "type": "Feature", "properties": { "faultType": "normal fault, certain" }, "geometry": { "type": "LineString", "coordinates": [ [ -104.2456, 30.6653 ], [ -104.2181, 30.6536 ] ] } },
{ "type": "Feature", "properties": { "faultType": "normal fault, certain" }, "geometry": { "type": "LineString", "coordinates": [ [ -99.2427, 30.7422 ], [ -99.2488, 30.7354 ] ] } },
{ "type": "Feature", "properties": { "faultType": "normal fault, certain" }, "geometry": { "type": "LineString", "coordinates": [ [ -99.2488, 30.7354 ], [ -99.2431, 30.7453 ] ] } },
{ "type": "Feature", "properties": { "faultType": "normal fault, certain" }, "geometry": { "type": "LineString", "coordinates": [ [ -95.9512, 30.6591 ], [ -95.9043, 30.6844 ] ] } },
{ "type": "Feature", "properties": { "faultType": "normal fault, certain" }, "geometry": { "type": "LineString", "coordinates": [ [ -95.9608, 30.6746 ], [ -95.9512, 30.6591 ] ] } },
{ "type": "Feature", "properties": { "faultType": "normal fault, certain" }, "geometry": { "type": "LineString", "coordinates": [ [ -104.1451, 30.7062 ], [ -104.1392, 30.6554 ] ] } },
{ "type": "Feature", "properties": { "faultType": "normal fault, certain" }, "geometry": { "type": "LineString", "coordinates": [ [ -104.8935, 30.624 ], [ -104.8814, 30.6226 ] ] } },
{ "type": "Feature", "properties": { "faultType": "normal fault, certain" }, "geometry": { "type": "LineString", "coordinates": [ [ -104.8613, 30.6235 ], [ -104.8806, 30.6354 ] ] } },
{ "type": "Feature", "properties": { "faultType": "normal fault, certain" }, "geometry": { "type": "LineString", "coordinates": [ [ -99.301, 30.7323 ], [ -99.2951, 30.7486 ] ] } },
{ "type": "Feature", "properties": { "faultType": "normal fault, certain" }, "geometry": { "type": "LineString", "coordinates": [ [ -103.7894, 30.6873 ], [ -103.7714, 30.6668 ] ] } },
{ "type": "Feature", "properties": { "faultType": "normal fault, certain" }, "geometry": { "type": "LineString", "coordinates": [ [ -104.8806, 30.6354 ], [ -104.8724, 30.6212 ] ] } },
{ "type": "Feature", "properties": { "faultType": "normal fault, certain" }, "geometry": { "type": "LineString", "coordinates": [ [ -104.8724, 30.6212 ], [ -104.8871, 30.6303 ], [ -104.9041, 30.6633 ] ] } },
{ "type": "Feature", "properties": { "faultType": "normal fault, certain" }, "geometry": { "type": "LineString", "coordinates": [ [ -98.7158, 30.7326 ], [ -98.7439, 30.7265 ] ] } },
{ "type": "Feature", "properties": { "faultType": "normal fault, certain" }, "geometry": { "type": "LineString", "coordinates": [ [ -103.7345, 30.6675 ], [ -103.7225, 30.684 ] ] } },
{ "type": "Feature", "properties": { "faultType": "normal fault, certain" }, "geometry": { "type": "LineString", "coordinates": [ [ -103.765, 30.6842 ], [ -103.7345, 30.6675 ] ] } },
{ "type": "Feature", "properties": { "faultType": "normal fault, certain" }, "geometry": { "type": "LineString", "coordinates": [ [ -99.3611, 30.7367 ], [ -99.376, 30.7321 ] ] } },
{ "type": "Feature", "properties": { "faultType": "normal fault, certain" }, "geometry": { "type": "LineString", "coordinates": [ [ -99.4303, 30.7321 ], [ -99.4241, 30.7419 ], [ -99.4375, 30.7361 ] ] } },
{ "type": "Feature", "properties": { "faultType": "normal fault, certain" }, "geometry": { "type": "LineString", "coordinates": [ [ -99.1147, 30.7419 ], [ -99.1279, 30.73 ] ] } },
{ "type": "Feature", "properties": { "faultType": "normal fault, certain" }, "geometry": { "type": "LineString", "coordinates": [ [ -99.4254, 30.7317 ], [ -99.3984, 30.7408 ] ] } },
{ "type": "Feature", "properties": { "faultType": "normal fault, certain" }, "geometry": { "type": "LineString", "coordinates": [ [ -104.8724, 30.6212 ], [ -104.8722, 30.6201 ] ] } },
{ "type": "Feature", "properties": { "faultType": "normal fault, certain" }, "geometry": { "type": "LineString", "coordinates": [ [ -104.1623, 30.6733 ], [ -104.1512, 30.6503 ] ] } },
{ "type": "Feature", "properties": { "faultType": "normal fault, certain" }, "geometry": { "type": "LineString", "coordinates": [ [ -98.4225, 30.7407 ], [ -98.4572, 30.7208 ] ] } },
{ "type": "Feature", "properties": { "faultType": "normal fault, certain" }, "geometry": { "type": "LineString", "coordinates": [ [ -99.3667, 30.7301 ], [ -99.3611, 30.7367 ] ] } },
{ "type": "Feature", "properties": { "faultType": "normal fault, certain" }, "geometry": { "type": "LineString", "coordinates": [ [ -97.6672, 30.7104 ], [ -97.6687, 30.7056 ] ] } },
{ "type": "Feature", "properties": { "faultType": "normal fault, certain" }, "geometry": { "type": "LineString", "coordinates": [ [ -99.3203, 30.7282 ], [ -99.3099, 30.7478 ] ] } },
{ "type": "Feature", "properties": { "faultType": "normal fault, certain" }, "geometry": { "type": "LineString", "coordinates": [ [ -99.3203, 30.7282 ], [ -99.3223, 30.7423 ] ] } },
{ "type": "Feature", "properties": { "faultType": "normal fault, certain" }, "geometry": { "type": "LineString", "coordinates": [ [ -104.8565, 30.6259 ], [ -104.8508, 30.6177 ] ] } },
{ "type": "Feature", "properties": { "faultType": "normal fault, certain" }, "geometry": { "type": "LineString", "coordinates": [ [ -98.3125, 30.7452 ], [ -98.3567, 30.7166 ] ] } },
{ "type": "Feature", "properties": { "faultType": "normal fault, certain" }, "geometry": { "type": "LineString", "coordinates": [ [ -98.3567, 30.7166 ], [ -98.3452, 30.7368 ] ] } },
{ "type": "Feature", "properties": { "faultType": "normal fault, certain" }, "geometry": { "type": "LineString", "coordinates": [ [ -97.6778, 30.7031 ], [ -97.6548, 30.7673 ] ] } },
{ "type": "Feature", "properties": { "faultType": "normal fault, certain" }, "geometry": { "type": "LineString", "coordinates": [ [ -98.4491, 30.7171 ], [ -98.4225, 30.7407 ] ] } },
{ "type": "Feature", "properties": { "faultType": "normal fault, certain" }, "geometry": { "type": "LineString", "coordinates": [ [ -104.2181, 30.6536 ], [ -104.1715, 30.6456 ] ] } },
{ "type": "Feature", "properties": { "faultType": "normal fault, certain" }, "geometry": { "type": "LineString", "coordinates": [ [ -97.6737, 30.7022 ], [ -97.6703, 30.7183 ] ] } },
{ "type": "Feature", "properties": { "faultType": "normal fault, certain" }, "geometry": { "type": "LineString", "coordinates": [ [ -98.6063, 30.7335 ], [ -98.6319, 30.7187 ] ] } },
{ "type": "Feature", "properties": { "faultType": "normal fault, certain" }, "geometry": { "type": "LineString", "coordinates": [ [ -95.9445, 30.6478 ], [ -95.9097, 30.6722 ] ] } },
{ "type": "Feature", "properties": { "faultType": "normal fault, certain" }, "geometry": { "type": "LineString", "coordinates": [ [ -95.9512, 30.6591 ], [ -95.9445, 30.6478 ] ] } },
{ "type": "Feature", "properties": { "faultType": "normal fault, certain" }, "geometry": { "type": "LineString", "coordinates": [ [ -98.4437, 30.7117 ], [ -98.42, 30.7323 ] ] } },
{ "type": "Feature", "properties": { "faultType": "normal fault, certain" }, "geometry": { "type": "LineString", "coordinates": [ [ -98.4437, 30.7117 ], [ -98.4308, 30.7284 ] ] } },
{ "type": "Feature", "properties": { "faultType": "normal fault, certain" }, "geometry": { "type": "LineString", "coordinates": [ [ -99.2705, 30.7207 ], [ -99.2534, 30.7702 ] ] } },
{ "type": "Feature", "properties": { "faultType": "normal fault, certain" }, "geometry": { "type": "LineString", "coordinates": [ [ -99.2079, 30.7351 ], [ -99.2267, 30.7199 ] ] } },
{ "type": "Feature", "properties": { "faultType": "normal fault, certain" }, "geometry": { "type": "LineString", "coordinates": [ [ -99.2196, 30.7442 ], [ -99.2267, 30.7199 ] ] } },
{ "type": "Feature", "properties": { "faultType": "normal fault, certain" }, "geometry": { "type": "LineString", "coordinates": [ [ -98.3567, 30.7166 ], [ -98.3701, 30.7085 ] ] } },
{ "type": "Feature", "properties": { "faultType": "normal fault, certain" }, "geometry": { "type": "LineString", "coordinates": [ [ -95.9409, 30.6425 ], [ -95.9104, 30.6633 ] ] } },
{ "type": "Feature", "properties": { "faultType": "normal fault, certain" }, "geometry": { "type": "LineString", "coordinates": [ [ -95.9445, 30.6478 ], [ -95.9409, 30.6425 ] ] } },
{ "type": "Feature", "properties": { "faultType": "normal fault, certain" }, "geometry": { "type": "LineString", "coordinates": [ [ -103.6923, 30.6557 ], [ -103.7225, 30.684 ] ] } },
{ "type": "Feature", "properties": { "faultType": "normal fault, certain" }, "geometry": { "type": "LineString", "coordinates": [ [ -99.323, 30.7183 ], [ -99.3011, 30.7383 ] ] } },
{ "type": "Feature", "properties": { "faultType": "normal fault, certain" }, "geometry": { "type": "LineString", "coordinates": [ [ -99.3891, 30.7176 ], [ -99.3667, 30.7301 ] ] } },
{ "type": "Feature", "properties": { "faultType": "normal fault, certain" }, "geometry": { "type": "LineString", "coordinates": [ [ -103.7687, 30.6621 ], [ -103.7655, 30.6518 ] ] } },
{ "type": "Feature", "properties": { "faultType": "normal fault, certain" }, "geometry": { "type": "LineString", "coordinates": [ [ -103.7345, 30.6675 ], [ -103.7503, 30.6517 ] ] } },
{ "type": "Feature", "properties": { "faultType": "normal fault, certain" }, "geometry": { "type": "LineString", "coordinates": [ [ -97.6051, 30.7052 ], [ -97.6097, 30.691 ] ] } },
{ "type": "Feature", "properties": { "faultType": "normal fault, certain" }, "geometry": { "type": "LineString", "coordinates": [ [ -99.4711, 30.7408 ], [ -99.4727, 30.7162 ] ] } },
{ "type": "Feature", "properties": { "faultType": "normal fault, certain" }, "geometry": { "type": "LineString", "coordinates": [ [ -104.8004, 30.6077 ], [ -104.819, 30.6292 ], [ -104.827, 30.6841 ] ] } },
{ "type": "Feature", "properties": { "faultType": "normal fault, certain" }, "geometry": { "type": "LineString", "coordinates": [ [ -99.4297, 30.7157 ], [ -99.4147, 30.7288 ] ] } },
{ "type": "Feature", "properties": { "faultType": "normal fault, certain" }, "geometry": { "type": "LineString", "coordinates": [ [ -103.7519, 30.6501 ], [ -103.765, 30.6842 ] ] } },
{ "type": "Feature", "properties": { "faultType": "normal fault, certain" }, "geometry": { "type": "LineString", "coordinates": [ [ -99.3363, 30.7149 ], [ -99.3203, 30.7282 ] ] } },
{ "type": "Feature", "properties": { "faultType": "normal fault, certain" }, "geometry": { "type": "LineString", "coordinates": [ [ -99.3363, 30.7149 ], [ -99.3223, 30.7423 ] ] } },
{ "type": "Feature", "properties": { "faultType": "normal fault, certain" }, "geometry": { "type": "LineString", "coordinates": [ [ -99.4727, 30.7162 ], [ -99.4804, 30.7157 ] ] } },
{ "type": "Feature", "properties": { "faultType": "normal fault, certain" }, "geometry": { "type": "LineString", "coordinates": [ [ -99.4804, 30.7157 ], [ -99.4711, 30.7408 ] ] } },
{ "type": "Feature", "properties": { "faultType": "normal fault, certain" }, "geometry": { "type": "LineString", "coordinates": [ [ -95.9381, 30.6384 ], [ -95.9104, 30.6633 ] ] } },
{ "type": "Feature", "properties": { "faultType": "normal fault, certain" }, "geometry": { "type": "LineString", "coordinates": [ [ -95.9409, 30.6425 ], [ -95.9381, 30.6384 ] ] } },
{ "type": "Feature", "properties": { "faultType": "normal fault, certain" }, "geometry": { "type": "LineString", "coordinates": [ [ -98.4494, 30.7053 ], [ -98.4437, 30.7117 ] ] } },
{ "type": "Feature", "properties": { "faultType": "normal fault, certain" }, "geometry": { "type": "LineString", "coordinates": [ [ -98.4494, 30.7053 ], [ -98.4308, 30.7284 ] ] } },
{ "type": "Feature", "properties": { "faultType": "normal fault, certain" }, "geometry": { "type": "LineString", "coordinates": [ [ -97.8221, 30.7162 ], [ -97.8259, 30.6942 ] ] } },
{ "type": "Feature", "properties": { "faultType": "normal fault, certain" }, "geometry": { "type": "LineString", "coordinates": [ [ -97.5901, 30.7038 ], [ -97.5918, 30.6889 ] ] } },
{ "type": "Feature", "properties": { "faultType": "normal fault, certain" }, "geometry": { "type": "LineString", "coordinates": [ [ -99.376, 30.7321 ], [ -99.4165, 30.7146 ] ] } },
{ "type": "Feature", "properties": { "faultType": "normal fault, certain" }, "geometry": { "type": "LineString", "coordinates": [ [ -99.4074, 30.7312 ], [ -99.4165, 30.7146 ] ] } },
{ "type": "Feature", "properties": { "faultType": "normal fault, certain" }, "geometry": { "type": "LineString", "coordinates": [ [ -99.3947, 30.7141 ], [ -99.3891, 30.7176 ] ] } },
{ "type": "Feature", "properties": { "faultType": "normal fault, certain" }, "geometry": { "type": "LineString", "coordinates": [ [ -98.45, 30.7032 ], [ -98.3951, 30.7369 ] ] } },
{ "type": "Feature", "properties": { "faultType": "normal fault, certain" }, "geometry": { "type": "LineString", "coordinates": [ [ -98.45, 30.7032 ], [ -98.4494, 30.7053 ] ] } },
{ "type": "Feature", "properties": { "faultType": "normal fault, certain" }, "geometry": { "type": "LineString", "coordinates": [ [ -99.1586, 30.711 ], [ -99.1179, 30.7439 ] ] } },
{ "type": "Feature", "properties": { "faultType": "normal fault, certain" }, "geometry": { "type": "LineString", "coordinates": [ [ -98.245, 30.6988 ], [ -98.2288, 30.7177 ] ] } },
{ "type": "Feature", "properties": { "faultType": "normal fault, certain" }, "geometry": { "type": "LineString", "coordinates": [ [ -98.452, 30.7021 ], [ -98.45, 30.7032 ] ] } },
{ "type": "Feature", "properties": { "faultType": "normal fault, certain" }, "geometry": { "type": "LineString", "coordinates": [ [ -98.4572, 30.7208 ], [ -98.452, 30.7021 ] ] } },
{ "type": "Feature", "properties": { "faultType": "normal fault, certain" }, "geometry": { "type": "LineString", "coordinates": [ [ -99.4438, 30.7119 ], [ -99.4297, 30.7157 ] ] } },
{ "type": "Feature", "properties": { "faultType": "normal fault, certain" }, "geometry": { "type": "LineString", "coordinates": [ [ -99.4569, 30.7196 ], [ -99.4679, 30.7117 ] ] } },
{ "type": "Feature", "properties": { "faultType": "normal fault, certain" }, "geometry": { "type": "LineString", "coordinates": [ [ -99.4679, 30.7117 ], [ -99.4584, 30.7255 ] ] } },
{ "type": "Feature", "properties": { "faultType": "normal fault, certain" }, "geometry": { "type": "LineString", "coordinates": [ [ -104.1512, 30.6503 ], [ -104.1524, 30.6308 ] ] } },
{ "type": "Feature", "properties": { "faultType": "normal fault, certain" }, "geometry": { "type": "LineString", "coordinates": [ [ -98.5949, 30.7066 ], [ -98.5846, 30.7101 ], [ -98.5961, 30.7032 ] ] } },
{ "type": "Feature", "properties": { "faultType": "normal fault, certain" }, "geometry": { "type": "LineString", "coordinates": [ [ -99.4727, 30.7162 ], [ -99.4752, 30.7099 ] ] } },
{ "type": "Feature", "properties": { "faultType": "normal fault, certain" }, "geometry": { "type": "LineString", "coordinates": [ [ -99.3864, 30.7093 ], [ -99.3667, 30.7301 ] ] } },
{ "type": "Feature", "properties": { "faultType": "normal fault, certain" }, "geometry": { "type": "LineString", "coordinates": [ [ -104.879, 30.6086 ], [ -104.8796, 30.5975 ] ] } },
{ "type": "Feature", "properties": { "faultType": "normal fault, certain" }, "geometry": { "type": "LineString", "coordinates": [ [ -104.8796, 30.5975 ], [ -104.8814, 30.6226 ] ] } },
{ "type": "Feature", "properties": { "faultType": "normal fault, certain" }, "geometry": { "type": "LineString", "coordinates": [ [ -99.4804, 30.7157 ], [ -99.4752, 30.7099 ] ] } },
{ "type": "Feature", "properties": { "faultType": "normal fault, certain" }, "geometry": { "type": "LineString", "coordinates": [ [ -104.8761, 30.6108 ], [ -104.8791, 30.5965 ] ] } },
{ "type": "Feature", "properties": { "faultType": "normal fault, certain" }, "geometry": { "type": "LineString", "coordinates": [ [ -104.8796, 30.5975 ], [ -104.8791, 30.5965 ] ] } },
{ "type": "Feature", "properties": { "faultType": "normal fault, certain" }, "geometry": { "type": "LineString", "coordinates": [ [ -104.8961, 30.5955 ], [ -104.8935, 30.624 ] ] } },
{ "type": "Feature", "properties": { "faultType": "normal fault, certain" }, "geometry": { "type": "LineString", "coordinates": [ [ -99.3811, 30.7077 ], [ -99.3547, 30.7389 ] ] } },
{ "type": "Feature", "properties": { "faultType": "normal fault, certain" }, "geometry": { "type": "LineString", "coordinates": [ [ -104.1544, 30.6544 ], [ -104.1589, 30.6266 ] ] } },
{ "type": "Feature", "properties": { "faultType": "normal fault, certain" }, "geometry": { "type": "LineString", "coordinates": [ [ -104.8457, 30.619 ], [ -104.8427, 30.5971 ] ] } },
{ "type": "Feature", "properties": { "faultType": "normal fault, certain" }, "geometry": { "type": "LineString", "coordinates": [ [ -96.8089, 30.6943 ], [ -96.8578, 30.6617 ] ] } },
{ "type": "Feature", "properties": { "faultType": "normal fault, certain" }, "geometry": { "type": "LineString", "coordinates": [ [ -103.7611, 30.6562 ], [ -103.7675, 30.6411 ] ] } },
{ "type": "Feature", "properties": { "faultType": "normal fault, certain" }, "geometry": { "type": "LineString", "coordinates": [ [ -98.4575, 30.6972 ], [ -98.452, 30.7021 ] ] } },
{ "type": "Feature", "properties": { "faultType": "normal fault, certain" }, "geometry": { "type": "LineString", "coordinates": [ [ -98.4572, 30.7208 ], [ -98.4575, 30.6972 ] ] } },
{ "type": "Feature", "properties": { "faultType": "normal fault, certain" }, "geometry": { "type": "LineString", "coordinates": [ [ -104.8534, 30.5964 ], [ -104.8613, 30.6235 ] ] } },
{ "type": "Feature", "properties": { "faultType": "normal fault, certain" }, "geometry": { "type": "LineString", "coordinates": [ [ -98.3701, 30.7085 ], [ -98.3806, 30.6956 ] ] } },
{ "type": "Feature", "properties": { "faultType": "normal fault, certain" }, "geometry": { "type": "LineString", "coordinates": [ [ -103.5762, 30.6472 ], [ -103.6003, 30.6639 ] ] } },
{ "type": "Feature", "properties": { "faultType": "normal fault, certain" }, "geometry": { "type": "LineString", "coordinates": [ [ -104.842, 30.6195 ], [ -104.839, 30.5964 ] ] } },
{ "type": "Feature", "properties": { "faultType": "normal fault, certain" }, "geometry": { "type": "LineString", "coordinates": [ [ -103.5995, 30.6813 ], [ -103.5697, 30.647 ] ] } },
{ "type": "Feature", "properties": { "faultType": "normal fault, certain" }, "geometry": { "type": "LineString", "coordinates": [ [ -99.1561, 30.7038 ], [ -99.1176, 30.7283 ] ] } },
{ "type": "Feature", "properties": { "faultType": "normal fault, certain" }, "geometry": { "type": "LineString", "coordinates": [ [ -104.8508, 30.6177 ], [ -104.8488, 30.5946 ] ] } },
{ "type": "Feature", "properties": { "faultType": "normal fault, certain" }, "geometry": { "type": "LineString", "coordinates": [ [ -99.3949, 30.7047 ], [ -99.3811, 30.7077 ] ] } },
{ "type": "Feature", "properties": { "faultType": "normal fault, certain" }, "geometry": { "type": "LineString", "coordinates": [ [ -99.3949, 30.7047 ], [ -99.3891, 30.7176 ] ] } },
{ "type": "Feature", "properties": { "faultType": "normal fault, certain" }, "geometry": { "type": "LineString", "coordinates": [ [ -99.3169, 30.7025 ], [ -99.301, 30.7323 ] ] } },
{ "type": "Feature", "properties": { "faultType": "normal fault, certain" }, "geometry": { "type": "LineString", "coordinates": [ [ -104.0704, 30.6659 ], [ -104.1095, 30.6241 ] ] } },
{ "type": "Feature", "properties": { "faultType": "normal fault, certain" }, "geometry": { "type": "LineString", "coordinates": [ [ -99.2705, 30.7016 ], [ -99.2488, 30.7354 ] ] } },
{ "type": "Feature", "properties": { "faultType": "normal fault, certain" }, "geometry": { "type": "LineString", "coordinates": [ [ -98.5702, 30.729 ], [ -98.5665, 30.6938 ] ] } },
{ "type": "Feature", "properties": { "faultType": "normal fault, certain" }, "geometry": { "type": "LineString", "coordinates": [ [ -104.8927, 30.5892 ], [ -104.8961, 30.5955 ] ] } },
{ "type": "Feature", "properties": { "faultType": "normal fault, certain" }, "geometry": { "type": "LineString", "coordinates": [ [ -98.2862, 30.6885 ], [ -98.245, 30.6988 ] ] } },
{ "type": "Feature", "properties": { "faultType": "normal fault, certain" }, "geometry": { "type": "LineString", "coordinates": [ [ -99.4741, 30.6998 ], [ -99.4679, 30.7117 ] ] } },
{ "type": "Feature", "properties": { "faultType": "normal fault, certain" }, "geometry": { "type": "LineString", "coordinates": [ [ -103.7139, 30.6354 ], [ -103.7345, 30.6675 ] ] } },
{ "type": "Feature", "properties": { "faultType": "normal fault, certain" }, "geometry": { "type": "LineString", "coordinates": [ [ -95.9381, 30.6384 ], [ -95.9266, 30.6207 ] ] } },
{ "type": "Feature", "properties": { "faultType": "normal fault, certain" }, "geometry": { "type": "LineString", "coordinates": [ [ -96.9022, 30.6539 ], [ -96.8436, 30.6856 ] ] } },
{ "type": "Feature", "properties": { "faultType": "normal fault, certain" }, "geometry": { "type": "LineString", "coordinates": [ [ -96.8279, 30.7522 ], [ -96.8496, 30.736 ], [ -96.9022, 30.6539 ] ] } },
{ "type": "Feature", "properties": { "faultType": "normal fault, certain" }, "geometry": { "type": "LineString", "coordinates": [ [ -99.3074, 30.6972 ], [ -99.301, 30.7323 ] ] } },
{ "type": "Feature", "properties": { "faultType": "normal fault, certain" }, "geometry": { "type": "LineString", "coordinates": [ [ -98.5974, 30.6899 ], [ -98.5976, 30.6897 ] ] } },
{ "type": "Feature", "properties": { "faultType": "normal fault, certain" }, "geometry": { "type": "LineString", "coordinates": [ [ -98.5976, 30.6927 ], [ -98.5976, 30.6897 ] ] } },
{ "type": "Feature", "properties": { "faultType": "normal fault, certain" }, "geometry": { "type": "LineString", "coordinates": [ [ -98.2732, 30.6854 ], [ -98.2755, 30.6848 ] ] } },
{ "type": "Feature", "properties": { "faultType": "normal fault, certain" }, "geometry": { "type": "LineString", "coordinates": [ [ -99.3409, 30.7195 ], [ -99.3516, 30.6965 ] ] } },
{ "type": "Feature", "properties": { "faultType": "normal fault, certain" }, "geometry": { "type": "LineString", "coordinates": [ [ -98.3077, 30.6817 ], [ -98.2862, 30.6885 ] ] } },
{ "type": "Feature", "properties": { "faultType": "normal fault, certain" }, "geometry": { "type": "LineString", "coordinates": [ [ -99.4418, 30.6926 ], [ -99.4297, 30.7157 ] ] } },
{ "type": "Feature", "properties": { "faultType": "normal fault, certain" }, "geometry": { "type": "LineString", "coordinates": [ [ -98.4555, 30.6969 ], [ -98.4588, 30.6822 ] ] } },
{ "type": "Feature", "properties": { "faultType": "normal fault, certain" }, "geometry": { "type": "LineString", "coordinates": [ [ -98.4504, 30.6915 ], [ -98.4542, 30.6814 ] ] } },
{ "type": "Feature", "properties": { "faultType": "normal fault, certain" }, "geometry": { "type": "LineString", "coordinates": [ [ -98.2862, 30.6885 ], [ -98.3077, 30.6817 ] ] } },
{ "type": "Feature", "properties": { "faultType": "normal fault, certain" }, "geometry": { "type": "LineString", "coordinates": [ [ -99.091, 30.7045 ], [ -99.1084, 30.6883 ] ] } },
{ "type": "Feature", "properties": { "faultType": "normal fault, certain" }, "geometry": { "type": "LineString", "coordinates": [ [ -98.3319, 30.6788 ], [ -98.3289, 30.7189 ], [ -98.3125, 30.7452 ] ] } },
{ "type": "Feature", "properties": { "faultType": "normal fault, certain" }, "geometry": { "type": "LineString", "coordinates": [ [ -98.5665, 30.6938 ], [ -98.5732, 30.6823 ] ] } },
{ "type": "Feature", "properties": { "faultType": "normal fault, certain" }, "geometry": { "type": "LineString", "coordinates": [ [ -98.5768, 30.7084 ], [ -98.5732, 30.6823 ] ] } },
{ "type": "Feature", "properties": { "faultType": "normal fault, certain" }, "geometry": { "type": "LineString", "coordinates": [ [ -104.8961, 30.5955 ], [ -104.9008, 30.5775 ] ] } },
{ "type": "Feature", "properties": { "faultType": "normal fault, certain" }, "geometry": { "type": "LineString", "coordinates": [ [ -104.1372, 30.6102 ], [ -104.1717, 30.6236 ] ] } },
{ "type": "Feature", "properties": { "faultType": "normal fault, certain" }, "geometry": { "type": "LineString", "coordinates": [ [ -98.2755, 30.6848 ], [ -98.2977, 30.6768 ] ] } },
{ "type": "Feature", "properties": { "faultType": "normal fault, certain" }, "geometry": { "type": "LineString", "coordinates": [ [ -99.3464, 30.6881 ], [ -99.3363, 30.7149 ] ] } },
{ "type": "Feature", "properties": { "faultType": "normal fault, certain" }, "geometry": { "type": "LineString", "coordinates": [ [ -97.4687, 30.7429 ], [ -97.5136, 30.6606 ] ] } },
{ "type": "Feature", "properties": { "faultType": "normal fault, certain" }, "geometry": { "type": "LineString", "coordinates": [ [ -99.4774, 30.694 ], [ -99.4855, 30.6885 ] ] } },
{ "type": "Feature", "properties": { "faultType": "normal fault, certain" }, "geometry": { "type": "LineString", "coordinates": [ [ -99.4855, 30.6885 ], [ -99.4825, 30.6945 ] ] } },
{ "type": "Feature", "properties": { "faultType": "normal fault, certain" }, "geometry": { "type": "LineString", "coordinates": [ [ -98.5976, 30.6897 ], [ -98.5982, 30.6794 ] ] } },
{ "type": "Feature", "properties": { "faultType": "normal fault, certain" }, "geometry": { "type": "LineString", "coordinates": [ [ -99.0935, 30.6833 ], [ -99.0883, 30.7067 ] ] } },
{ "type": "Feature", "properties": { "faultType": "normal fault, certain" }, "geometry": { "type": "LineString", "coordinates": [ [ -98.5818, 30.6857 ], [ -98.5974, 30.6761 ] ] } },
{ "type": "Feature", "properties": { "faultType": "normal fault, certain" }, "geometry": { "type": "LineString", "coordinates": [ [ -98.5905, 30.6903 ], [ -98.5974, 30.6761 ] ] } },
{ "type": "Feature", "properties": { "faultType": "normal fault, certain" }, "geometry": { "type": "LineString", "coordinates": [ [ -98.5982, 30.6794 ], [ -98.5974, 30.6761 ] ] } },
{ "type": "Feature", "properties": { "faultType": "normal fault, certain" }, "geometry": { "type": "LineString", "coordinates": [ [ -99.4969, 30.684 ], [ -99.4888, 30.6948 ] ] } },
{ "type": "Feature", "properties": { "faultType": "normal fault, certain" }, "geometry": { "type": "LineString", "coordinates": [ [ -99.4901, 30.6833 ], [ -99.4855, 30.6885 ] ] } },
{ "type": "Feature", "properties": { "faultType": "normal fault, certain" }, "geometry": { "type": "LineString", "coordinates": [ [ -104.1372, 30.6102 ], [ -104.179, 30.601 ] ] } },
{ "type": "Feature", "properties": { "faultType": "normal fault, certain" }, "geometry": { "type": "LineString", "coordinates": [ [ -99.4233, 30.682 ], [ -99.4194, 30.6866 ] ] } },
{ "type": "Feature", "properties": { "faultType": "normal fault, certain" }, "geometry": { "type": "LineString", "coordinates": [ [ -104.8642, 30.5707 ], [ -104.8725, 30.5934 ] ] } },
{ "type": "Feature", "properties": { "faultType": "normal fault, certain" }, "geometry": { "type": "LineString", "coordinates": [ [ -98.5597, 30.6783 ], [ -98.5654, 30.6731 ] ] } },
{ "type": "Feature", "properties": { "faultType": "normal fault, certain" }, "geometry": { "type": "LineString", "coordinates": [ [ -104.0719, 30.6039 ], [ -104.0399, 30.6325 ] ] } },
{ "type": "Feature", "properties": { "faultType": "normal fault, certain" }, "geometry": { "type": "LineString", "coordinates": [ [ -104.8257, 30.5716 ], [ -104.8342, 30.6002 ] ] } },
{ "type": "Feature", "properties": { "faultType": "normal fault, certain" }, "geometry": { "type": "LineString", "coordinates": [ [ -99.1415, 30.7018 ], [ -99.1636, 30.6808 ], [ -99.1974, 30.6788 ] ] } },
{ "type": "Feature", "properties": { "faultType": "normal fault, certain" }, "geometry": { "type": "LineString", "coordinates": [ [ -99.1749, 30.6927 ], [ -99.1974, 30.6788 ] ] } },
{ "type": "Feature", "properties": { "faultType": "normal fault, certain" }, "geometry": { "type": "LineString", "coordinates": [ [ -95.9579, 30.6312 ], [ -95.9352, 30.603 ] ] } },
{ "type": "Feature", "properties": { "faultType": "normal fault, certain" }, "geometry": { "type": "LineString", "coordinates": [ [ -103.6991, 30.6523 ], [ -103.6657, 30.6176 ] ] } },
{ "type": "Feature", "properties": { "faultType": "normal fault, certain" }, "geometry": { "type": "LineString", "coordinates": [ [ -99.0935, 30.6833 ], [ -99.1188, 30.6776 ], [ -99.1054, 30.7043 ] ] } },
{ "type": "Feature", "properties": { "faultType": "normal fault, certain" }, "geometry": { "type": "LineString", "coordinates": [ [ -103.6739, 30.6163 ], [ -103.6657, 30.6176 ] ] } },
{ "type": "Feature", "properties": { "faultType": "normal fault, certain" }, "geometry": { "type": "LineString", "coordinates": [ [ -103.682, 30.6305 ], [ -103.6739, 30.6163 ] ] } },
{ "type": "Feature", "properties": { "faultType": "normal fault, certain" }, "geometry": { "type": "LineString", "coordinates": [ [ -103.6739, 30.6163 ], [ -103.7046, 30.6178 ] ] } },
{ "type": "Feature", "properties": { "faultType": "normal fault, certain" }, "geometry": { "type": "LineString", "coordinates": [ [ -97.8221, 30.7162 ], [ -97.8574, 30.6567 ] ] } },
{ "type": "Feature", "properties": { "faultType": "normal fault, certain" }, "geometry": { "type": "LineString", "coordinates": [ [ -104.2322, 30.5932 ], [ -104.2503, 30.6129 ] ] } },
{ "type": "Feature", "properties": { "faultType": "normal fault, certain" }, "geometry": { "type": "LineString", "coordinates": [ [ -104.8791, 30.5965 ], [ -104.871, 30.5648 ] ] } },
{ "type": "Feature", "properties": { "faultType": "normal fault, certain" }, "geometry": { "type": "LineString", "coordinates": [ [ -98.5394, 30.6748 ], [ -98.5521, 30.6678 ] ] } },
{ "type": "Feature", "properties": { "faultType": "normal fault, certain" }, "geometry": { "type": "LineString", "coordinates": [ [ -98.5428, 30.6842 ], [ -98.5521, 30.6678 ] ] } },
{ "type": "Feature", "properties": { "faultType": "normal fault, certain" }, "geometry": { "type": "LineString", "coordinates": [ [ -99.3024, 30.6753 ], [ -99.2705, 30.7016 ] ] } },
{ "type": "Feature", "properties": { "faultType": "normal fault, certain" }, "geometry": { "type": "LineString", "coordinates": [ [ -99.4466, 30.6759 ], [ -99.4165, 30.7146 ] ] } },
{ "type": "Feature", "properties": { "faultType": "normal fault, certain" }, "geometry": { "type": "LineString", "coordinates": [ [ -99.4466, 30.6759 ], [ -99.4418, 30.7036 ] ] } },
{ "type": "Feature", "properties": { "faultType": "normal fault, certain" }, "geometry": { "type": "LineString", "coordinates": [ [ -98.5974, 30.6761 ], [ -98.606, 30.6678 ] ] } },
{ "type": "Feature", "properties": { "faultType": "normal fault, certain" }, "geometry": { "type": "LineString", "coordinates": [ [ -98.5982, 30.6794 ], [ -98.606, 30.6678 ] ] } },
{ "type": "Feature", "properties": { "faultType": "normal fault, certain" }, "geometry": { "type": "LineString", "coordinates": [ [ -99.2943, 30.6739 ], [ -99.2705, 30.7016 ] ] } },
{ "type": "Feature", "properties": { "faultType": "normal fault, certain" }, "geometry": { "type": "LineString", "coordinates": [ [ -99.1584, 30.6723 ], [ -99.1415, 30.6766 ] ] } },
{ "type": "Feature", "properties": { "faultType": "normal fault, certain" }, "geometry": { "type": "LineString", "coordinates": [ [ -99.1362, 30.7011 ], [ -99.1584, 30.6723 ] ] } },
{ "type": "Feature", "properties": { "faultType": "normal fault, certain" }, "geometry": { "type": "LineString", "coordinates": [ [ -98.5521, 30.6678 ], [ -98.5543, 30.6655 ] ] } },
{ "type": "Feature", "properties": { "faultType": "normal fault, certain" }, "geometry": { "type": "LineString", "coordinates": [ [ -99.1974, 30.6788 ], [ -99.2157, 30.672 ] ] } },
{ "type": "Feature", "properties": { "faultType": "normal fault, certain" }, "geometry": { "type": "LineString", "coordinates": [ [ -99.1971, 30.6947 ], [ -99.2157, 30.672 ] ] } },
{ "type": "Feature", "properties": { "faultType": "normal fault, certain" }, "geometry": { "type": "LineString", "coordinates": [ [ -99.4721, 30.6734 ], [ -99.4721, 30.6915 ] ] } },
{ "type": "Feature", "properties": { "faultType": "normal fault, certain" }, "geometry": { "type": "LineString", "coordinates": [ [ -98.3789, 30.6695 ], [ -98.3899, 30.6623 ] ] } },
{ "type": "Feature", "properties": { "faultType": "normal fault, certain" }, "geometry": { "type": "LineString", "coordinates": [ [ -98.3774, 30.6784 ], [ -98.3899, 30.6623 ] ] } },
{ "type": "Feature", "properties": { "faultType": "normal fault, certain" }, "geometry": { "type": "LineString", "coordinates": [ [ -98.5706, 30.6649 ], [ -98.5618, 30.6951 ] ] } },
{ "type": "Feature", "properties": { "faultType": "normal fault, certain" }, "geometry": { "type": "LineString", "coordinates": [ [ -98.5732, 30.6823 ], [ -98.5706, 30.6649 ] ] } },
{ "type": "Feature", "properties": { "faultType": "normal fault, certain" }, "geometry": { "type": "LineString", "coordinates": [ [ -99.3894, 30.6726 ], [ -99.385, 30.6861 ] ] } },
{ "type": "Feature", "properties": { "faultType": "normal fault, certain" }, "geometry": { "type": "LineString", "coordinates": [ [ -98.2755, 30.6848 ], [ -98.2856, 30.6587 ] ] } },
{ "type": "Feature", "properties": { "faultType": "normal fault, certain" }, "geometry": { "type": "LineString", "coordinates": [ [ -99.1286, 30.6993 ], [ -99.1435, 30.6679 ] ] } },
{ "type": "Feature", "properties": { "faultType": "normal fault, certain" }, "geometry": { "type": "LineString", "coordinates": [ [ -99.1435, 30.6679 ], [ -99.1307, 30.6714 ] ] } },
{ "type": "Feature", "properties": { "faultType": "normal fault, certain" }, "geometry": { "type": "LineString", "coordinates": [ [ -97.614, 30.6705 ], [ -97.6245, 30.6434 ] ] } },
{ "type": "Feature", "properties": { "faultType": "normal fault, certain" }, "geometry": { "type": "LineString", "coordinates": [ [ -98.3701, 30.7085 ], [ -98.4048, 30.6578 ] ] } },
{ "type": "Feature", "properties": { "faultType": "normal fault, certain" }, "geometry": { "type": "LineString", "coordinates": [ [ -99.1177, 30.666 ], [ -99.0965, 30.67 ], [ -99.0935, 30.6833 ] ] } },
{ "type": "Feature", "properties": { "faultType": "normal fault, certain" }, "geometry": { "type": "LineString", "coordinates": [ [ -99.4525, 30.6683 ], [ -99.4466, 30.6759 ] ] } },
{ "type": "Feature", "properties": { "faultType": "normal fault, certain" }, "geometry": { "type": "LineString", "coordinates": [ [ -98.5514, 30.6596 ], [ -98.5407, 30.6708 ], [ -98.5534, 30.6623 ] ] } },
{ "type": "Feature", "properties": { "faultType": "normal fault, certain" }, "geometry": { "type": "LineString", "coordinates": [ [ -99.4063, 30.666 ], [ -99.3949, 30.7047 ] ] } },
{ "type": "Feature", "properties": { "faultType": "normal fault, certain" }, "geometry": { "type": "LineString", "coordinates": [ [ -99.3112, 30.6649 ], [ -99.3024, 30.6753 ] ] } },
{ "type": "Feature", "properties": { "faultType": "normal fault, certain" }, "geometry": { "type": "LineString", "coordinates": [ [ -98.5732, 30.6823 ], [ -98.5836, 30.6573 ] ] } },
{ "type": "Feature", "properties": { "faultType": "normal fault, certain" }, "geometry": { "type": "LineString", "coordinates": [ [ -98.2856, 30.6587 ], [ -98.2998, 30.6524 ] ] } },
{ "type": "Feature", "properties": { "faultType": "normal fault, certain" }, "geometry": { "type": "LineString", "coordinates": [ [ -98.2856, 30.6587 ], [ -98.2889, 30.6521 ] ] } },
{ "type": "Feature", "properties": { "faultType": "normal fault, certain" }, "geometry": { "type": "LineString", "coordinates": [ [ -99.4618, 30.6646 ], [ -99.4525, 30.6683 ] ] } },
{ "type": "Feature", "properties": { "faultType": "normal fault, certain" }, "geometry": { "type": "LineString", "coordinates": [ [ -99.4393, 30.708 ], [ -99.4618, 30.6646 ] ] } },
{ "type": "Feature", "properties": { "faultType": "normal fault, certain" }, "geometry": { "type": "LineString", "coordinates": [ [ -98.5836, 30.6573 ], [ -98.5875, 30.6561 ] ] } },
{ "type": "Feature", "properties": { "faultType": "normal fault, certain" }, "geometry": { "type": "LineString", "coordinates": [ [ -99.2327, 30.6627 ], [ -99.2239, 30.6726 ] ] } },
{ "type": "Feature", "properties": { "faultType": "normal fault, certain" }, "geometry": { "type": "LineString", "coordinates": [ [ -99.2327, 30.6627 ], [ -99.2046, 30.7044 ] ] } },
{ "type": "Feature", "properties": { "faultType": "normal fault, certain" }, "geometry": { "type": "LineString", "coordinates": [ [ -104.8267, 30.5545 ], [ -104.8249, 30.5655 ] ] } },
{ "type": "Feature", "properties": { "faultType": "normal fault, certain" }, "geometry": { "type": "LineString", "coordinates": [ [ -99.4717, 30.6628 ], [ -99.4721, 30.6734 ] ] } },
{ "type": "Feature", "properties": { "faultType": "normal fault, certain" }, "geometry": { "type": "LineString", "coordinates": [ [ -104.8485, 30.5521 ], [ -104.8418, 30.5703 ] ] } },
{ "type": "Feature", "properties": { "faultType": "normal fault, certain" }, "geometry": { "type": "LineString", "coordinates": [ [ -98.2217, 30.6839 ], [ -98.2417, 30.6492 ] ] } },
{ "type": "Feature", "properties": { "faultType": "normal fault, certain" }, "geometry": { "type": "LineString", "coordinates": [ [ -98.4048, 30.6578 ], [ -98.4214, 30.652 ] ] } },
{ "type": "Feature", "properties": { "faultType": "normal fault, certain" }, "geometry": { "type": "LineString", "coordinates": [ [ -103.655, 30.6002 ], [ -103.6657, 30.6176 ] ] } },
{ "type": "Feature", "properties": { "faultType": "normal fault, certain" }, "geometry": { "type": "LineString", "coordinates": [ [ -104.125, 30.5828 ], [ -104.1316, 30.5985 ] ] } },
{ "type": "Feature", "properties": { "faultType": "normal fault, certain" }, "geometry": { "type": "LineString", "coordinates": [ [ -99.1808, 30.6597 ], [ -99.1584, 30.6723 ] ] } },
{ "type": "Feature", "properties": { "faultType": "normal fault, certain" }, "geometry": { "type": "LineString", "coordinates": [ [ -99.1808, 30.6597 ], [ -99.1756, 30.6777 ] ] } },
{ "type": "Feature", "properties": { "faultType": "normal fault, certain" }, "geometry": { "type": "LineString", "coordinates": [ [ -99.4675, 30.6613 ], [ -99.4618, 30.6646 ] ] } },
{ "type": "Feature", "properties": { "faultType": "normal fault, certain" }, "geometry": { "type": "LineString", "coordinates": [ [ -99.4696, 30.6611 ], [ -99.4689, 30.6725 ] ] } },
{ "type": "Feature", "properties": { "faultType": "normal fault, certain" }, "geometry": { "type": "LineString", "coordinates": [ [ -99.4717, 30.6628 ], [ -99.4696, 30.6611 ] ] } },
{ "type": "Feature", "properties": { "faultType": "normal fault, certain" }, "geometry": { "type": "LineString", "coordinates": [ [ -95.9572, 30.5845 ], [ -95.984, 30.6171 ] ] } },
{ "type": "Feature", "properties": { "faultType": "normal fault, certain" }, "geometry": { "type": "LineString", "coordinates": [ [ -97.6016, 30.6572 ], [ -97.6088, 30.6348 ] ] } },
{ "type": "Feature", "properties": { "faultType": "normal fault, certain" }, "geometry": { "type": "LineString", "coordinates": [ [ -99.4263, 30.6776 ], [ -99.4451, 30.6605 ] ] } },
{ "type": "Feature", "properties": { "faultType": "normal fault, certain" }, "geometry": { "type": "LineString", "coordinates": [ [ -96.8229, 30.6445 ], [ -96.8515, 30.6146 ] ] } },
{ "type": "Feature", "properties": { "faultType": "normal fault, certain" }, "geometry": { "type": "LineString", "coordinates": [ [ -104.1122, 30.6149 ], [ -104.0916, 30.5818 ] ] } },
{ "type": "Feature", "properties": { "faultType": "normal fault, certain" }, "geometry": { "type": "LineString", "coordinates": [ [ -96.8515, 30.6146 ], [ -96.7817, 30.6379 ] ] } },
{ "type": "Feature", "properties": { "faultType": "normal fault, certain" }, "geometry": { "type": "LineString", "coordinates": [ [ -98.5706, 30.6649 ], [ -98.5672, 30.6515 ] ] } },
{ "type": "Feature", "properties": { "faultType": "normal fault, certain" }, "geometry": { "type": "LineString", "coordinates": [ [ -98.5976, 30.6897 ], [ -98.6297, 30.6516 ] ] } },
{ "type": "Feature", "properties": { "faultType": "normal fault, certain" }, "geometry": { "type": "LineString", "coordinates": [ [ -98.6111, 30.6815 ], [ -98.6297, 30.6516 ] ] } },
{ "type": "Feature", "properties": { "faultType": "normal fault, certain" }, "geometry": { "type": "LineString", "coordinates": [ [ -98.4048, 30.6578 ], [ -98.4182, 30.6482 ] ] } },
{ "type": "Feature", "properties": { "faultType": "normal fault, certain" }, "geometry": { "type": "LineString", "coordinates": [ [ -99.3866, 30.6579 ], [ -99.3811, 30.7077 ] ] } },
{ "type": "Feature", "properties": { "faultType": "normal fault, certain" }, "geometry": { "type": "LineString", "coordinates": [ [ -98.6297, 30.6516 ], [ -98.6305, 30.6506 ] ] } },
{ "type": "Feature", "properties": { "faultType": "normal fault, certain" }, "geometry": { "type": "LineString", "coordinates": [ [ -98.7068, 30.6929 ], [ -98.739, 30.6512 ] ] } },
{ "type": "Feature", "properties": { "faultType": "normal fault, certain" }, "geometry": { "type": "LineString", "coordinates": [ [ -99.4732, 30.6575 ], [ -99.4717, 30.6628 ] ] } },
{ "type": "Feature", "properties": { "faultType": "normal fault, certain" }, "geometry": { "type": "LineString", "coordinates": [ [ -99.4732, 30.6575 ], [ -99.4721, 30.6734 ] ] } },
{ "type": "Feature", "properties": { "faultType": "normal fault, certain" }, "geometry": { "type": "LineString", "coordinates": [ [ -98.4083, 30.6465 ], [ -98.3905, 30.6538 ] ] } },
{ "type": "Feature", "properties": { "faultType": "normal fault, certain" }, "geometry": { "type": "LineString", "coordinates": [ [ -98.3899, 30.6623 ], [ -98.4083, 30.6465 ] ] } },
{ "type": "Feature", "properties": { "faultType": "normal fault, certain" }, "geometry": { "type": "LineString", "coordinates": [ [ -96.8052, 30.6097 ], [ -96.7296, 30.6304 ] ] } },
{ "type": "Feature", "properties": { "faultType": "normal fault, certain" }, "geometry": { "type": "LineString", "coordinates": [ [ -98.731, 30.6501 ], [ -98.7022, 30.6845 ] ] } },
{ "type": "Feature", "properties": { "faultType": "normal fault, certain" }, "geometry": { "type": "LineString", "coordinates": [ [ -99.4451, 30.6605 ], [ -99.4578, 30.6562 ] ] } },
{ "type": "Feature", "properties": { "faultType": "normal fault, certain" }, "geometry": { "type": "LineString", "coordinates": [ [ -98.4169, 30.6456 ], [ -98.4083, 30.6465 ] ] } },
{ "type": "Feature", "properties": { "faultType": "normal fault, certain" }, "geometry": { "type": "LineString", "coordinates": [ [ -104.8164, 30.547 ], [ -104.8155, 30.5994 ] ] } },
{ "type": "Feature", "properties": { "faultType": "normal fault, certain" }, "geometry": { "type": "LineString", "coordinates": [ [ -104.8267, 30.5545 ], [ -104.8164, 30.547 ] ] } },
{ "type": "Feature", "properties": { "faultType": "normal fault, certain" }, "geometry": { "type": "LineString", "coordinates": [ [ -99.473, 30.6557 ], [ -99.4732, 30.6575 ] ] } },
{ "type": "Feature", "properties": { "faultType": "normal fault, certain" }, "geometry": { "type": "LineString", "coordinates": [ [ -99.2594, 30.6529 ], [ -99.2084, 30.7304 ] ] } },
{ "type": "Feature", "properties": { "faultType": "normal fault, certain" }, "geometry": { "type": "LineString", "coordinates": [ [ -99.4674, 30.6538 ], [ -99.4525, 30.6683 ] ] } },
{ "type": "Feature", "properties": { "faultType": "normal fault, certain" }, "geometry": { "type": "LineString", "coordinates": [ [ -99.4696, 30.6611 ], [ -99.4674, 30.6538 ] ] } },
{ "type": "Feature", "properties": { "faultType": "normal fault, certain" }, "geometry": { "type": "LineString", "coordinates": [ [ -98.6305, 30.6506 ], [ -98.632, 30.6458 ] ] } },
{ "type": "Feature", "properties": { "faultType": "normal fault, certain" }, "geometry": { "type": "LineString", "coordinates": [ [ -99.3736, 30.6807 ], [ -99.3856, 30.6525 ] ] } },
{ "type": "Feature", "properties": { "faultType": "normal fault, certain" }, "geometry": { "type": "LineString", "coordinates": [ [ -99.3856, 30.6525 ], [ -99.3866, 30.6579 ] ] } },
{ "type": "Feature", "properties": { "faultType": "normal fault, certain" }, "geometry": { "type": "LineString", "coordinates": [ [ -99.2157, 30.672 ], [ -99.2511, 30.6511 ] ] } },
{ "type": "Feature", "properties": { "faultType": "normal fault, certain" }, "geometry": { "type": "LineString", "coordinates": [ [ -98.6297, 30.6516 ], [ -98.6395, 30.6446 ] ] } },
{ "type": "Feature", "properties": { "faultType": "normal fault, certain" }, "geometry": { "type": "LineString", "coordinates": [ [ -98.6434, 30.6602 ], [ -98.6395, 30.6446 ] ] } },
{ "type": "Feature", "properties": { "faultType": "normal fault, certain" }, "geometry": { "type": "LineString", "coordinates": [ [ -97.8625, 30.6482 ], [ -97.8693, 30.6318 ] ] } },
{ "type": "Feature", "properties": { "faultType": "normal fault, certain" }, "geometry": { "type": "LineString", "coordinates": [ [ -103.6802, 30.5879 ], [ -103.6739, 30.6163 ] ] } },
{ "type": "Feature", "properties": { "faultType": "normal fault, certain" }, "geometry": { "type": "LineString", "coordinates": [ [ -99.2267, 30.7199 ], [ -99.2477, 30.6905 ], [ -99.2999, 30.6494 ] ] } },
{ "type": "Feature", "properties": { "faultType": "normal fault, certain" }, "geometry": { "type": "LineString", "coordinates": [ [ -98.606, 30.6678 ], [ -98.6176, 30.6423 ] ] } },
{ "type": "Feature", "properties": { "faultType": "normal fault, certain" }, "geometry": { "type": "LineString", "coordinates": [ [ -96.8445, 30.6324 ], [ -96.8785, 30.6044 ] ] } },
{ "type": "Feature", "properties": { "faultType": "normal fault, certain" }, "geometry": { "type": "LineString", "coordinates": [ [ -99.4674, 30.6538 ], [ -99.468, 30.6483 ] ] } },
{ "type": "Feature", "properties": { "faultType": "normal fault, certain" }, "geometry": { "type": "LineString", "coordinates": [ [ -99.468, 30.6483 ], [ -99.4696, 30.6611 ] ] } },
{ "type": "Feature", "properties": { "faultType": "normal fault, certain" }, "geometry": { "type": "LineString", "coordinates": [ [ -98.4165, 30.637 ], [ -98.3077, 30.6817 ] ] } },
{ "type": "Feature", "properties": { "faultType": "normal fault, certain" }, "geometry": { "type": "LineString", "coordinates": [ [ -98.6496, 30.6639 ], [ -98.6653, 30.6403 ] ] } },
{ "type": "Feature", "properties": { "faultType": "normal fault, certain" }, "geometry": { "type": "LineString", "coordinates": [ [ -98.5738, 30.7381 ], [ -98.6552, 30.6695 ], [ -98.6653, 30.6403 ] ] } },
{ "type": "Feature", "properties": { "faultType": "normal fault, certain" }, "geometry": { "type": "LineString", "coordinates": [ [ -98.5875, 30.6561 ], [ -98.6169, 30.6396 ] ] } },
{ "type": "Feature", "properties": { "faultType": "normal fault, certain" }, "geometry": { "type": "LineString", "coordinates": [ [ -98.6176, 30.6423 ], [ -98.6169, 30.6396 ] ] } },
{ "type": "Feature", "properties": { "faultType": "normal fault, certain" }, "geometry": { "type": "LineString", "coordinates": [ [ -99.335, 30.645 ], [ -99.324, 30.6543 ] ] } },
{ "type": "Feature", "properties": { "faultType": "normal fault, certain" }, "geometry": { "type": "LineString", "coordinates": [ [ -99.335, 30.645 ], [ -99.324, 30.6543 ] ] } },
{ "type": "Feature", "properties": { "faultType": "normal fault, certain" }, "geometry": { "type": "LineString", "coordinates": [ [ -98.5593, 30.6372 ], [ -98.5597, 30.6496 ] ] } },
{ "type": "Feature", "properties": { "faultType": "normal fault, certain" }, "geometry": { "type": "LineString", "coordinates": [ [ -99.1745, 30.6435 ], [ -99.1435, 30.6679 ] ] } },
{ "type": "Feature", "properties": { "faultType": "normal fault, certain" }, "geometry": { "type": "LineString", "coordinates": [ [ -98.5836, 30.6573 ], [ -98.5921, 30.6371 ] ] } },
{ "type": "Feature", "properties": { "faultType": "normal fault, certain" }, "geometry": { "type": "LineString", "coordinates": [ [ -104.8156, 30.5356 ], [ -104.8164, 30.547 ] ] } },
{ "type": "Feature", "properties": { "faultType": "normal fault, certain" }, "geometry": { "type": "LineString", "coordinates": [ [ -104.6561, 30.5427 ], [ -104.7141, 30.5762 ], [ -104.7543, 30.5802 ] ] } },
{ "type": "Feature", "properties": { "faultType": "normal fault, certain" }, "geometry": { "type": "LineString", "coordinates": [ [ -99.4092, 30.6747 ], [ -99.4417, 30.6438 ] ] } },
{ "type": "Feature", "properties": { "faultType": "normal fault, certain" }, "geometry": { "type": "LineString", "coordinates": [ [ -99.4417, 30.6438 ], [ -99.4451, 30.6605 ] ] } },
{ "type": "Feature", "properties": { "faultType": "normal fault, certain" }, "geometry": { "type": "LineString", "coordinates": [ [ -99.468, 30.6483 ], [ -99.4675, 30.6429 ] ] } },
{ "type": "Feature", "properties": { "faultType": "normal fault, certain" }, "geometry": { "type": "LineString", "coordinates": [ [ -99.2617, 30.6508 ], [ -99.2695, 30.6413 ] ] } },
{ "type": "Feature", "properties": { "faultType": "normal fault, certain" }, "geometry": { "type": "LineString", "coordinates": [ [ -99.2166, 30.6409 ], [ -99.1808, 30.6597 ] ] } },
{ "type": "Feature", "properties": { "faultType": "normal fault, certain" }, "geometry": { "type": "LineString", "coordinates": [ [ -99.2656, 30.6409 ], [ -99.2532, 30.6469 ] ] } },
{ "type": "Feature", "properties": { "faultType": "normal fault, certain" }, "geometry": { "type": "LineString", "coordinates": [ [ -99.2695, 30.6413 ], [ -99.2656, 30.6409 ] ] } },
{ "type": "Feature", "properties": { "faultType": "normal fault, certain" }, "geometry": { "type": "LineString", "coordinates": [ [ -104.7209, 30.5363 ], [ -104.7943, 30.6013 ] ] } },
{ "type": "Feature", "properties": { "faultType": "normal fault, certain" }, "geometry": { "type": "LineString", "coordinates": [ [ -99.3366, 30.64 ], [ -99.3207, 30.6504 ] ] } },
{ "type": "Feature", "properties": { "faultType": "normal fault, certain" }, "geometry": { "type": "LineString", "coordinates": [ [ -99.3366, 30.64 ], [ -99.335, 30.645 ] ] } },
{ "type": "Feature", "properties": { "faultType": "normal fault, certain" }, "geometry": { "type": "LineString", "coordinates": [ [ -99.3991, 30.6386 ], [ -99.3708, 30.6535 ] ] } },
{ "type": "Feature", "properties": { "faultType": "normal fault, certain" }, "geometry": { "type": "LineString", "coordinates": [ [ -99.3856, 30.6525 ], [ -99.3991, 30.6386 ] ] } },
{ "type": "Feature", "properties": { "faultType": "normal fault, certain" }, "geometry": { "type": "LineString", "coordinates": [ [ -98.951, 30.6334 ], [ -98.9473, 30.6488 ] ] } },
{ "type": "Feature", "properties": { "faultType": "normal fault, certain" }, "geometry": { "type": "LineString", "coordinates": [ [ -98.9522, 30.6346 ], [ -98.951, 30.6334 ] ] } },
{ "type": "Feature", "properties": { "faultType": "normal fault, certain" }, "geometry": { "type": "LineString", "coordinates": [ [ -98.5875, 30.6561 ], [ -98.6168, 30.6287 ] ] } },
{ "type": "Feature", "properties": { "faultType": "normal fault, certain" }, "geometry": { "type": "LineString", "coordinates": [ [ -98.6169, 30.6396 ], [ -98.6168, 30.6287 ] ] } },
{ "type": "Feature", "properties": { "faultType": "normal fault, certain" }, "geometry": { "type": "LineString", "coordinates": [ [ -99.2094, 30.6347 ], [ -99.1758, 30.6538 ] ] } },
{ "type": "Feature", "properties": { "faultType": "normal fault, certain" }, "geometry": { "type": "LineString", "coordinates": [ [ -99.348, 30.635 ], [ -99.3366, 30.64 ] ] } },
{ "type": "Feature", "properties": { "faultType": "normal fault, certain" }, "geometry": { "type": "LineString", "coordinates": [ [ -98.5555, 30.6254 ], [ -98.5597, 30.633 ] ] } },
{ "type": "Feature", "properties": { "faultType": "normal fault, certain" }, "geometry": { "type": "LineString", "coordinates": [ [ -98.6168, 30.6287 ], [ -98.6219, 30.6261 ] ] } },
{ "type": "Feature", "properties": { "faultType": "normal fault, certain" }, "geometry": { "type": "LineString", "coordinates": [ [ -98.6176, 30.6423 ], [ -98.6219, 30.6261 ] ] } },
{ "type": "Feature", "properties": { "faultType": "normal fault, certain" }, "geometry": { "type": "LineString", "coordinates": [ [ -98.2419, 30.6412 ], [ -98.2434, 30.6202 ] ] } },
{ "type": "Feature", "properties": { "faultType": "normal fault, certain" }, "geometry": { "type": "LineString", "coordinates": [ [ -98.6219, 30.6261 ], [ -98.6219, 30.6256 ] ] } },
{ "type": "Feature", "properties": { "faultType": "normal fault, certain" }, "geometry": { "type": "LineString", "coordinates": [ [ -98.6393, 30.6733 ], [ -98.6676, 30.6254 ] ] } },
{ "type": "Feature", "properties": { "faultType": "normal fault, certain" }, "geometry": { "type": "LineString", "coordinates": [ [ -98.6653, 30.6403 ], [ -98.6676, 30.6254 ] ] } },
{ "type": "Feature", "properties": { "faultType": "normal fault, certain" }, "geometry": { "type": "LineString", "coordinates": [ [ -98.2187, 30.6594 ], [ -98.2425, 30.6191 ] ] } },
{ "type": "Feature", "properties": { "faultType": "normal fault, certain" }, "geometry": { "type": "LineString", "coordinates": [ [ -98.2425, 30.6191 ], [ -98.2434, 30.6202 ] ] } },
{ "type": "Feature", "properties": { "faultType": "normal fault, certain" }, "geometry": { "type": "LineString", "coordinates": [ [ -99.383, 30.6314 ], [ -99.3703, 30.6465 ] ] } },
{ "type": "Feature", "properties": { "faultType": "normal fault, certain" }, "geometry": { "type": "LineString", "coordinates": [ [ -98.5016, 30.6221 ], [ -98.4974, 30.6474 ] ] } },
{ "type": "Feature", "properties": { "faultType": "normal fault, certain" }, "geometry": { "type": "LineString", "coordinates": [ [ -98.6395, 30.6446 ], [ -98.6589, 30.6241 ] ] } },
{ "type": "Feature", "properties": { "faultType": "normal fault, certain" }, "geometry": { "type": "LineString", "coordinates": [ [ -98.9409, 30.6267 ], [ -98.9314, 30.6451 ] ] } },
{ "type": "Feature", "properties": { "faultType": "normal fault, certain" }, "geometry": { "type": "LineString", "coordinates": [ [ -98.9406, 30.6263 ], [ -98.8783, 30.6367 ] ] } },
{ "type": "Feature", "properties": { "faultType": "normal fault, certain" }, "geometry": { "type": "LineString", "coordinates": [ [ -98.9406, 30.6263 ], [ -98.878, 30.657 ] ] } },
{ "type": "Feature", "properties": { "faultType": "normal fault, certain" }, "geometry": { "type": "LineString", "coordinates": [ [ -104.8404, 30.5195 ], [ -104.8346, 30.5705 ] ] } },
{ "type": "Feature", "properties": { "faultType": "normal fault, certain" }, "geometry": { "type": "LineString", "coordinates": [ [ -99.455, 30.6531 ], [ -99.4405, 30.6287 ], [ -99.4417, 30.6438 ] ] } },
{ "type": "Feature", "properties": { "faultType": "normal fault, certain" }, "geometry": { "type": "LineString", "coordinates": [ [ -98.951, 30.6334 ], [ -98.9429, 30.6247 ] ] } },
{ "type": "Feature", "properties": { "faultType": "normal fault, certain" }, "geometry": { "type": "LineString", "coordinates": [ [ -98.6721, 30.6402 ], [ -98.697, 30.6213 ] ] } },
{ "type": "Feature", "properties": { "faultType": "normal fault, certain" }, "geometry": { "type": "LineString", "coordinates": [ [ -98.632, 30.6458 ], [ -98.6452, 30.6195 ] ] } },
{ "type": "Feature", "properties": { "faultType": "normal fault, certain" }, "geometry": { "type": "LineString", "coordinates": [ [ -98.632, 30.6458 ], [ -98.6452, 30.6195 ] ] } },
{ "type": "Feature", "properties": { "faultType": "normal fault, certain" }, "geometry": { "type": "LineString", "coordinates": [ [ -104.8266, 30.5165 ], [ -104.8267, 30.5545 ] ] } },
{ "type": "Feature", "properties": { "faultType": "normal fault, certain" }, "geometry": { "type": "LineString", "coordinates": [ [ -99.4227, 30.6256 ], [ -99.3991, 30.6386 ] ] } },
{ "type": "Feature", "properties": { "faultType": "normal fault, certain" }, "geometry": { "type": "LineString", "coordinates": [ [ -99.4227, 30.6256 ], [ -99.4194, 30.6378 ], [ -99.3866, 30.6579 ] ] } },
{ "type": "Feature", "properties": { "faultType": "normal fault, certain" }, "geometry": { "type": "LineString", "coordinates": [ [ -98.6154, 30.6189 ], [ -98.6022, 30.6177 ] ] } },
{ "type": "Feature", "properties": { "faultType": "normal fault, certain" }, "geometry": { "type": "LineString", "coordinates": [ [ -98.5849, 30.6248 ], [ -98.5966, 30.6174 ] ] } },
{ "type": "Feature", "properties": { "faultType": "normal fault, certain" }, "geometry": { "type": "LineString", "coordinates": [ [ -98.6022, 30.6177 ], [ -98.5966, 30.6174 ] ] } },
{ "type": "Feature", "properties": { "faultType": "normal fault, certain" }, "geometry": { "type": "LineString", "coordinates": [ [ -98.697, 30.6213 ], [ -98.7113, 30.6185 ] ] } },
{ "type": "Feature", "properties": { "faultType": "normal fault, certain" }, "geometry": { "type": "LineString", "coordinates": [ [ -99.0276, 30.6215 ], [ -99.027, 30.6253 ] ] } },
{ "type": "Feature", "properties": { "faultType": "normal fault, certain" }, "geometry": { "type": "LineString", "coordinates": [ [ -98.4682, 30.6396 ], [ -98.4767, 30.6147 ] ] } },
{ "type": "Feature", "properties": { "faultType": "normal fault, certain" }, "geometry": { "type": "LineString", "coordinates": [ [ -98.6996, 30.6173 ], [ -98.687, 30.6186 ] ] } },
{ "type": "Feature", "properties": { "faultType": "normal fault, certain" }, "geometry": { "type": "LineString", "coordinates": [ [ -98.697, 30.6213 ], [ -98.6996, 30.6173 ] ] } },
{ "type": "Feature", "properties": { "faultType": "normal fault, certain" }, "geometry": { "type": "LineString", "coordinates": [ [ -99.2656, 30.6409 ], [ -99.2755, 30.6228 ] ] } },
{ "type": "Feature", "properties": { "faultType": "normal fault, certain" }, "geometry": { "type": "LineString", "coordinates": [ [ -98.575, 30.6152 ], [ -98.5555, 30.6254 ] ] } },
{ "type": "Feature", "properties": { "faultType": "normal fault, certain" }, "geometry": { "type": "LineString", "coordinates": [ [ -98.9491, 30.6189 ], [ -98.951, 30.6334 ] ] } },
{ "type": "Feature", "properties": { "faultType": "normal fault, certain" }, "geometry": { "type": "LineString", "coordinates": [ [ -97.5516, 30.5989 ], [ -97.5525, 30.5957 ] ] } },
{ "type": "Feature", "properties": { "faultType": "normal fault, certain" }, "geometry": { "type": "LineString", "coordinates": [ [ -98.5966, 30.6174 ], [ -98.575, 30.6152 ] ] } },
{ "type": "Feature", "properties": { "faultType": "normal fault, certain" }, "geometry": { "type": "LineString", "coordinates": [ [ -98.9984, 30.623 ], [ -99.0003, 30.6185 ] ] } },
{ "type": "Feature", "properties": { "faultType": "normal fault, certain" }, "geometry": { "type": "LineString", "coordinates": [ [ -99.5232, 30.6222 ], [ -99.4922, 30.6533 ] ] } },
{ "type": "Feature", "properties": { "faultType": "normal fault, certain" }, "geometry": { "type": "LineString", "coordinates": [ [ -98.245, 30.6988 ], [ -98.2586, 30.6554 ], [ -98.2915, 30.6085 ] ] } },
{ "type": "Feature", "properties": { "faultType": "normal fault, certain" }, "geometry": { "type": "LineString", "coordinates": [ [ -98.5966, 30.6174 ], [ -98.6001, 30.6126 ] ] } },
{ "type": "Feature", "properties": { "faultType": "normal fault, certain" }, "geometry": { "type": "LineString", "coordinates": [ [ -98.6001, 30.6126 ], [ -98.601, 30.6126 ] ] } },
{ "type": "Feature", "properties": { "faultType": "normal fault, certain" }, "geometry": { "type": "LineString", "coordinates": [ [ -104.8463, 30.51 ], [ -104.847, 30.5369 ] ] } },
{ "type": "Feature", "properties": { "faultType": "normal fault, certain" }, "geometry": { "type": "LineString", "coordinates": [ [ -97.8715, 30.6197 ], [ -97.8731, 30.6001 ] ] } },
{ "type": "Feature", "properties": { "faultType": "normal fault, certain" }, "geometry": { "type": "LineString", "coordinates": [ [ -98.6452, 30.6195 ], [ -98.6533, 30.612 ] ] } },
{ "type": "Feature", "properties": { "faultType": "normal fault, certain" }, "geometry": { "type": "LineString", "coordinates": [ [ -98.6996, 30.6173 ], [ -98.7027, 30.6115 ] ] } },
{ "type": "Feature", "properties": { "faultType": "normal fault, certain" }, "geometry": { "type": "LineString", "coordinates": [ [ -99.0003, 30.6294 ], [ -99.0089, 30.6146 ] ] } },
{ "type": "Feature", "properties": { "faultType": "normal fault, certain" }, "geometry": { "type": "LineString", "coordinates": [ [ -99.0089, 30.6146 ], [ -99.0276, 30.6215 ] ] } },
{ "type": "Feature", "properties": { "faultType": "normal fault, certain" }, "geometry": { "type": "LineString", "coordinates": [ [ -98.2571, 30.6449 ], [ -98.2857, 30.6052 ] ] } },
{ "type": "Feature", "properties": { "faultType": "normal fault, certain" }, "geometry": { "type": "LineString", "coordinates": [ [ -99.0919, 30.6456 ], [ -99.1492, 30.6146 ] ] } },
{ "type": "Feature", "properties": { "faultType": "normal fault, certain" }, "geometry": { "type": "LineString", "coordinates": [ [ -98.6219, 30.6261 ], [ -98.6518, 30.6089 ] ] } },
{ "type": "Feature", "properties": { "faultType": "normal fault, certain" }, "geometry": { "type": "LineString", "coordinates": [ [ -98.6022, 30.6177 ], [ -98.6248, 30.6083 ] ] } },
{ "type": "Feature", "properties": { "faultType": "normal fault, certain" }, "geometry": { "type": "LineString", "coordinates": [ [ -98.6154, 30.6189 ], [ -98.6248, 30.6083 ] ] } },
{ "type": "Feature", "properties": { "faultType": "normal fault, certain" }, "geometry": { "type": "LineString", "coordinates": [ [ -96.9296, 30.5943 ], [ -96.9446, 30.5728 ] ] } },
{ "type": "Feature", "properties": { "faultType": "normal fault, certain" }, "geometry": { "type": "LineString", "coordinates": [ [ -96.9022, 30.6539 ], [ -96.9446, 30.5728 ] ] } },
{ "type": "Feature", "properties": { "faultType": "normal fault, certain" }, "geometry": { "type": "LineString", "coordinates": [ [ -98.2314, 30.6149 ], [ -98.2325, 30.6019 ] ] } },
{ "type": "Feature", "properties": { "faultType": "normal fault, certain" }, "geometry": { "type": "LineString", "coordinates": [ [ -99.0896, 30.6125 ], [ -99.0505, 30.6466 ] ] } },
{ "type": "Feature", "properties": { "faultType": "normal fault, certain" }, "geometry": { "type": "LineString", "coordinates": [ [ -104.2219, 30.5313 ], [ -104.2274, 30.5723 ] ] } },
{ "type": "Feature", "properties": { "faultType": "normal fault, certain" }, "geometry": { "type": "LineString", "coordinates": [ [ -99.229, 30.6133 ], [ -99.2142, 30.6281 ] ] } },
{ "type": "Feature", "properties": { "faultType": "normal fault, certain" }, "geometry": { "type": "LineString", "coordinates": [ [ -99.4832, 30.6144 ], [ -99.4675, 30.6429 ] ] } },
{ "type": "Feature", "properties": { "faultType": "normal fault, certain" }, "geometry": { "type": "LineString", "coordinates": [ [ -99.229, 30.6133 ], [ -99.219, 30.6151 ] ] } },
{ "type": "Feature", "properties": { "faultType": "normal fault, certain" }, "geometry": { "type": "LineString", "coordinates": [ [ -99.0089, 30.6146 ], [ -99.0108, 30.61 ] ] } },
{ "type": "Feature", "properties": { "faultType": "normal fault, certain" }, "geometry": { "type": "LineString", "coordinates": [ [ -99.2381, 30.6117 ], [ -99.229, 30.6133 ] ] } },
{ "type": "Feature", "properties": { "faultType": "normal fault, certain" }, "geometry": { "type": "LineString", "coordinates": [ [ -99.2381, 30.6117 ], [ -99.217, 30.6293 ] ] } },
{ "type": "Feature", "properties": { "faultType": "normal fault, certain" }, "geometry": { "type": "LineString", "coordinates": [ [ -98.725, 30.6155 ], [ -98.7455, 30.6064 ] ] } },
{ "type": "Feature", "properties": { "faultType": "normal fault, certain" }, "geometry": { "type": "LineString", "coordinates": [ [ -99.0003, 30.6185 ], [ -99.0072, 30.6082 ] ] } },
{ "type": "Feature", "properties": { "faultType": "normal fault, certain" }, "geometry": { "type": "LineString", "coordinates": [ [ -99.4675, 30.6429 ], [ -99.467, 30.6116 ] ] } },
{ "type": "Feature", "properties": { "faultType": "normal fault, certain" }, "geometry": { "type": "LineString", "coordinates": [ [ -98.2434, 30.6202 ], [ -98.2732, 30.5973 ] ] } },
{ "type": "Feature", "properties": { "faultType": "normal fault, certain" }, "geometry": { "type": "LineString", "coordinates": [ [ -98.9899, 30.6298 ], [ -99.0003, 30.604 ] ] } },
{ "type": "Feature", "properties": { "faultType": "normal fault, certain" }, "geometry": { "type": "LineString", "coordinates": [ [ -96.8515, 30.6146 ], [ -96.8742, 30.5911 ], [ -96.9248, 30.578 ], [ -96.9394, 30.5636 ] ] } },
{ "type": "Feature", "properties": { "faultType": "normal fault, certain" }, "geometry": { "type": "LineString", "coordinates": [ [ -104.8559, 30.4957 ], [ -104.857, 30.5346 ], [ -104.8485, 30.5521 ] ] } },
{ "type": "Feature", "properties": { "faultType": "normal fault, certain" }, "geometry": { "type": "LineString", "coordinates": [ [ -99.0205, 30.6186 ], [ -99.0237, 30.6033 ] ] } },
{ "type": "Feature", "properties": { "faultType": "normal fault, certain" }, "geometry": { "type": "LineString", "coordinates": [ [ -99.0237, 30.6033 ], [ -99.0276, 30.6215 ] ] } },
{ "type": "Feature", "properties": { "faultType": "normal fault, certain" }, "geometry": { "type": "LineString", "coordinates": [ [ -96.9446, 30.5728 ], [ -96.9518, 30.5635 ] ] } },
{ "type": "Feature", "properties": { "faultType": "normal fault, certain" }, "geometry": { "type": "LineString", "coordinates": [ [ -99.2477, 30.6045 ], [ -99.2381, 30.6117 ] ] } },
{ "type": "Feature", "properties": { "faultType": "normal fault, certain" }, "geometry": { "type": "LineString", "coordinates": [ [ -98.6001, 30.6126 ], [ -98.6103, 30.5976 ] ] } },
{ "type": "Feature", "properties": { "faultType": "normal fault, certain" }, "geometry": { "type": "LineString", "coordinates": [ [ -98.575, 30.6152 ], [ -98.5828, 30.5968 ] ] } },
{ "type": "Feature", "properties": { "faultType": "normal fault, certain" }, "geometry": { "type": "LineString", "coordinates": [ [ -99.4033, 30.6037 ], [ -99.348, 30.635 ] ] } },
{ "type": "Feature", "properties": { "faultType": "normal fault, certain" }, "geometry": { "type": "LineString", "coordinates": [ [ -99.3828, 30.6263 ], [ -99.4033, 30.6037 ] ] } },
{ "type": "Feature", "properties": { "faultType": "normal fault, certain" }, "geometry": { "type": "LineString", "coordinates": [ [ -98.2271, 30.6052 ], [ -98.2323, 30.5905 ] ] } },
{ "type": "Feature", "properties": { "faultType": "normal fault, certain" }, "geometry": { "type": "LineString", "coordinates": [ [ -99.2533, 30.6019 ], [ -99.2477, 30.6045 ] ] } },
{ "type": "Feature", "properties": { "faultType": "normal fault, certain" }, "geometry": { "type": "LineString", "coordinates": [ [ -99.2533, 30.6019 ], [ -99.2507, 30.6097 ] ] } },
{ "type": "Feature", "properties": { "faultType": "normal fault, certain" }, "geometry": { "type": "LineString", "coordinates": [ [ -104.7209, 30.5363 ], [ -104.7144, 30.4974 ] ] } },
{ "type": "Feature", "properties": { "faultType": "normal fault, certain" }, "geometry": { "type": "LineString", "coordinates": [ [ -96.9518, 30.5635 ], [ -96.956, 30.5589 ] ] } },
{ "type": "Feature", "properties": { "faultType": "normal fault, certain" }, "geometry": { "type": "LineString", "coordinates": [ [ -99.1469, 30.6267 ], [ -99.2035, 30.6 ] ] } },
{ "type": "Feature", "properties": { "faultType": "normal fault, certain" }, "geometry": { "type": "LineString", "coordinates": [ [ -99.4106, 30.6002 ], [ -99.4033, 30.6037 ] ] } },
{ "type": "Feature", "properties": { "faultType": "normal fault, certain" }, "geometry": { "type": "LineString", "coordinates": [ [ -98.4964, 30.6275 ], [ -98.5007, 30.5911 ] ] } },
{ "type": "Feature", "properties": { "faultType": "normal fault, certain" }, "geometry": { "type": "LineString", "coordinates": [ [ -104.7144, 30.4974 ], [ -104.7133, 30.4947 ] ] } },
{ "type": "Feature", "properties": { "faultType": "normal fault, certain" }, "geometry": { "type": "LineString", "coordinates": [ [ -98.5662, 30.5897 ], [ -98.5555, 30.6254 ] ] } },
{ "type": "Feature", "properties": { "faultType": "normal fault, certain" }, "geometry": { "type": "LineString", "coordinates": [ [ -99.0003, 30.613 ], [ -99.0082, 30.5937 ] ] } },
{ "type": "Feature", "properties": { "faultType": "normal fault, certain" }, "geometry": { "type": "LineString", "coordinates": [ [ -98.4262, 30.6492 ], [ -98.4671, 30.6221 ], [ -98.4756, 30.5873 ] ] } },
{ "type": "Feature", "properties": { "faultType": "normal fault, certain" }, "geometry": { "type": "LineString", "coordinates": [ [ -99.1503, 30.5945 ], [ -99.1466, 30.6016 ] ] } },
{ "type": "Feature", "properties": { "faultType": "normal fault, certain" }, "geometry": { "type": "LineString", "coordinates": [ [ -99.2616, 30.5952 ], [ -99.2533, 30.6019 ] ] } },
{ "type": "Feature", "properties": { "faultType": "normal fault, certain" }, "geometry": { "type": "LineString", "coordinates": [ [ -99.0896, 30.6125 ], [ -99.0815, 30.6306 ], [ -99.1128, 30.621 ], [ -99.1503, 30.5945 ] ] } },
{ "type": "Feature", "properties": { "faultType": "normal fault, certain" }, "geometry": { "type": "LineString", "coordinates": [ [ -99.2619, 30.6219 ], [ -99.287, 30.5952 ] ] } },
{ "type": "Feature", "properties": { "faultType": "normal fault, certain" }, "geometry": { "type": "LineString", "coordinates": [ [ -96.95, 30.552 ], [ -96.9283, 30.5686 ] ] } },
{ "type": "Feature", "properties": { "faultType": "normal fault, certain" }, "geometry": { "type": "LineString", "coordinates": [ [ -99.1046, 30.5921 ], [ -99.0896, 30.6125 ] ] } },
{ "type": "Feature", "properties": { "faultType": "normal fault, certain" }, "geometry": { "type": "LineString", "coordinates": [ [ -98.629, 30.5867 ], [ -98.6103, 30.5976 ] ] } },
{ "type": "Feature", "properties": { "faultType": "normal fault, certain" }, "geometry": { "type": "LineString", "coordinates": [ [ -98.6248, 30.6083 ], [ -98.629, 30.5867 ] ] } },
{ "type": "Feature", "properties": { "faultType": "normal fault, certain" }, "geometry": { "type": "LineString", "coordinates": [ [ -97.5531, 30.592 ], [ -97.562, 30.5662 ] ] } },
{ "type": "Feature", "properties": { "faultType": "normal fault, certain" }, "geometry": { "type": "LineString", "coordinates": [ [ -99.0237, 30.6033 ], [ -99.042, 30.5893 ] ] } },
{ "type": "Feature", "properties": { "faultType": "normal fault, certain" }, "geometry": { "type": "LineString", "coordinates": [ [ -98.5642, 30.6136 ], [ -98.5656, 30.5814 ] ] } },
{ "type": "Feature", "properties": { "faultType": "normal fault, certain" }, "geometry": { "type": "LineString", "coordinates": [ [ -99.0496, 30.6039 ], [ -99.0613, 30.5864 ] ] } },
{ "type": "Feature", "properties": { "faultType": "normal fault, certain" }, "geometry": { "type": "LineString", "coordinates": [ [ -99.2527, 30.6103 ], [ -99.2797, 30.5879 ] ] } },
{ "type": "Feature", "properties": { "faultType": "normal fault, certain" }, "geometry": { "type": "LineString", "coordinates": [ [ -98.6515, 30.5816 ], [ -98.6334, 30.6117 ], [ -98.6154, 30.6189 ] ] } },
{ "type": "Feature", "properties": { "faultType": "normal fault, certain" }, "geometry": { "type": "LineString", "coordinates": [ [ -98.6389, 30.6178 ], [ -98.6567, 30.5813 ] ] } },
{ "type": "Feature", "properties": { "faultType": "normal fault, certain" }, "geometry": { "type": "LineString", "coordinates": [ [ -99.2273, 30.6324 ], [ -99.2852, 30.5873 ] ] } },
{ "type": "Feature", "properties": { "faultType": "normal fault, certain" }, "geometry": { "type": "LineString", "coordinates": [ [ -98.9491, 30.6189 ], [ -99.0003, 30.5848 ] ] } },
{ "type": "Feature", "properties": { "faultType": "normal fault, certain" }, "geometry": { "type": "LineString", "coordinates": [ [ -98.5828, 30.5968 ], [ -98.6163, 30.5801 ] ] } },
{ "type": "Feature", "properties": { "faultType": "normal fault, certain" }, "geometry": { "type": "LineString", "coordinates": [ [ -98.5828, 30.5968 ], [ -98.6163, 30.5801 ] ] } },
{ "type": "Feature", "properties": { "faultType": "normal fault, certain" }, "geometry": { "type": "LineString", "coordinates": [ [ -98.5007, 30.5911 ], [ -98.5075, 30.5786 ] ] } },
{ "type": "Feature", "properties": { "faultType": "normal fault, certain" }, "geometry": { "type": "LineString", "coordinates": [ [ -99.165, 30.5853 ], [ -99.1503, 30.5945 ] ] } },
{ "type": "Feature", "properties": { "faultType": "normal fault, certain" }, "geometry": { "type": "LineString", "coordinates": [ [ -99.0734, 30.5953 ], [ -99.0882, 30.5846 ] ] } },
{ "type": "Feature", "properties": { "faultType": "normal fault, certain" }, "geometry": { "type": "LineString", "coordinates": [ [ -99.0882, 30.5846 ], [ -99.0847, 30.6083 ] ] } },
{ "type": "Feature", "properties": { "faultType": "normal fault, certain" }, "geometry": { "type": "LineString", "coordinates": [ [ -98.6676, 30.6254 ], [ -98.6591, 30.6042 ], [ -98.6626, 30.5799 ] ] } },
{ "type": "Feature", "properties": { "faultType": "normal fault, certain" }, "geometry": { "type": "LineString", "coordinates": [ [ -104.7133, 30.4947 ], [ -104.7073, 30.4825 ] ] } },
{ "type": "Feature", "properties": { "faultType": "normal fault, certain" }, "geometry": { "type": "LineString", "coordinates": [ [ -98.4756, 30.5873 ], [ -98.4758, 30.5769 ] ] } },
{ "type": "Feature", "properties": { "faultType": "thrust fault, certain" }, "geometry": { "type": "LineString", "coordinates": [ [ -98.4758, 30.5769 ], [ -98.5007, 30.5911 ] ] } },
{ "type": "Feature", "properties": { "faultType": "normal fault, certain" }, "geometry": { "type": "LineString", "coordinates": [ [ -98.6103, 30.5976 ], [ -98.6222, 30.5774 ] ] } },
{ "type": "Feature", "properties": { "faultType": "normal fault, certain" }, "geometry": { "type": "LineString", "coordinates": [ [ -98.6163, 30.5801 ], [ -98.6222, 30.5774 ] ] } },
{ "type": "Feature", "properties": { "faultType": "normal fault, certain" }, "geometry": { "type": "LineString", "coordinates": [ [ -99.2764, 30.583 ], [ -99.2616, 30.5952 ] ] } },
{ "type": "Feature", "properties": { "faultType": "normal fault, certain" }, "geometry": { "type": "LineString", "coordinates": [ [ -99.0909, 30.5806 ], [ -99.0882, 30.5846 ] ] } },
{ "type": "Feature", "properties": { "faultType": "normal fault, certain" }, "geometry": { "type": "LineString", "coordinates": [ [ -99.0111, 30.5796 ], [ -99.0003, 30.5848 ] ] } },
{ "type": "Feature", "properties": { "faultType": "normal fault, certain" }, "geometry": { "type": "LineString", "coordinates": [ [ -99.0111, 30.5796 ], [ -99.0237, 30.6033 ] ] } },
{ "type": "Feature", "properties": { "faultType": "normal fault, certain" }, "geometry": { "type": "LineString", "coordinates": [ [ -104.7209, 30.5008 ], [ -104.7235, 30.4777 ] ] } },
{ "type": "Feature", "properties": { "faultType": "normal fault, certain" }, "geometry": { "type": "LineString", "coordinates": [ [ -99.287, 30.5952 ], [ -99.3046, 30.5813 ] ] } },
{ "type": "Feature", "properties": { "faultType": "normal fault, certain" }, "geometry": { "type": "LineString", "coordinates": [ [ -99.3664, 30.5801 ], [ -99.348, 30.635 ] ] } },
{ "type": "Feature", "properties": { "faultType": "normal fault, certain" }, "geometry": { "type": "LineString", "coordinates": [ [ -98.6626, 30.5799 ], [ -98.6641, 30.5724 ] ] } },
{ "type": "Feature", "properties": { "faultType": "normal fault, certain" }, "geometry": { "type": "LineString", "coordinates": [ [ -104.73, 30.4995 ], [ -104.7293, 30.4739 ] ] } },
{ "type": "Feature", "properties": { "faultType": "normal fault, certain" }, "geometry": { "type": "LineString", "coordinates": [ [ -99.1788, 30.5772 ], [ -99.165, 30.5853 ] ] } },
{ "type": "Feature", "properties": { "faultType": "normal fault, certain" }, "geometry": { "type": "LineString", "coordinates": [ [ -98.2299, 30.5895 ], [ -98.2463, 30.5648 ] ] } },
{ "type": "Feature", "properties": { "faultType": "normal fault, certain" }, "geometry": { "type": "LineString", "coordinates": [ [ -98.4758, 30.5769 ], [ -98.4773, 30.568 ] ] } },
{ "type": "Feature", "properties": { "faultType": "normal fault, certain" }, "geometry": { "type": "LineString", "coordinates": [ [ -98.2486, 30.6346 ], [ -98.3127, 30.5627 ] ] } },
{ "type": "Feature", "properties": { "faultType": "normal fault, certain" }, "geometry": { "type": "LineString", "coordinates": [ [ -97.6768, 30.5976 ], [ -97.6992, 30.5497 ] ] } },
{ "type": "Feature", "properties": { "faultType": "normal fault, certain" }, "geometry": { "type": "LineString", "coordinates": [ [ -97.6714, 30.6829 ], [ -97.6992, 30.5497 ] ] } },
{ "type": "Feature", "properties": { "faultType": "normal fault, certain" }, "geometry": { "type": "LineString", "coordinates": [ [ -104.7133, 30.4947 ], [ -104.7126, 30.4689 ] ] } },
{ "type": "Feature", "properties": { "faultType": "normal fault, certain" }, "geometry": { "type": "LineString", "coordinates": [ [ -99.2769, 30.5713 ], [ -99.2616, 30.5952 ] ] } },
{ "type": "Feature", "properties": { "faultType": "normal fault, certain" }, "geometry": { "type": "LineString", "coordinates": [ [ -99.2769, 30.5713 ], [ -99.2764, 30.583 ] ] } },
{ "type": "Feature", "properties": { "faultType": "normal fault, certain" }, "geometry": { "type": "LineString", "coordinates": [ [ -98.2392, 30.568 ], [ -98.2456, 30.5575 ] ] } },
{ "type": "Feature", "properties": { "faultType": "normal fault, certain" }, "geometry": { "type": "LineString", "coordinates": [ [ -98.8586, 30.5646 ], [ -98.8317, 30.5925 ] ] } },
{ "type": "Feature", "properties": { "faultType": "normal fault, certain" }, "geometry": { "type": "LineString", "coordinates": [ [ -99.2699, 30.5671 ], [ -99.2477, 30.6045 ] ] } },
{ "type": "Feature", "properties": { "faultType": "normal fault, certain" }, "geometry": { "type": "LineString", "coordinates": [ [ -97.6921, 30.6213 ], [ -97.7211, 30.544 ] ] } },
{ "type": "Feature", "properties": { "faultType": "normal fault, certain" }, "geometry": { "type": "LineString", "coordinates": [ [ -98.6626, 30.5799 ], [ -98.6608, 30.5587 ] ] } },
{ "type": "Feature", "properties": { "faultType": "normal fault, certain" }, "geometry": { "type": "LineString", "coordinates": [ [ -99.2839, 30.5647 ], [ -99.2769, 30.5713 ] ] } },
{ "type": "Feature", "properties": { "faultType": "normal fault, certain" }, "geometry": { "type": "LineString", "coordinates": [ [ -98.6222, 30.5774 ], [ -98.6509, 30.5569 ], [ -98.629, 30.5867 ] ] } },
{ "type": "Feature", "properties": { "faultType": "normal fault, certain" }, "geometry": { "type": "LineString", "coordinates": [ [ -99.2929, 30.5626 ], [ -99.2764, 30.583 ] ] } },
{ "type": "Feature", "properties": { "faultType": "normal fault, certain" }, "geometry": { "type": "LineString", "coordinates": [ [ -104.7918, 30.4706 ], [ -104.7956, 30.4553 ] ] } },
{ "type": "Feature", "properties": { "faultType": "normal fault, certain" }, "geometry": { "type": "LineString", "coordinates": [ [ -104.7956, 30.4553 ], [ -104.7954, 30.4548 ] ] } },
{ "type": "Feature", "properties": { "faultType": "normal fault, certain" }, "geometry": { "type": "LineString", "coordinates": [ [ -99.2872, 30.5806 ], [ -99.2997, 30.5611 ] ] } },
{ "type": "Feature", "properties": { "faultType": "normal fault, certain" }, "geometry": { "type": "LineString", "coordinates": [ [ -98.2033, 30.5638 ], [ -98.2089, 30.5467 ] ] } },
{ "type": "Feature", "properties": { "faultType": "normal fault, certain" }, "geometry": { "type": "LineString", "coordinates": [ [ -104.7078, 30.52 ], [ -104.7041, 30.4561 ] ] } },
{ "type": "Feature", "properties": { "faultType": "normal fault, certain" }, "geometry": { "type": "LineString", "coordinates": [ [ -104.7259, 30.4532 ], [ -104.7293, 30.4739 ] ] } },
{ "type": "Feature", "properties": { "faultType": "normal fault, certain" }, "geometry": { "type": "LineString", "coordinates": [ [ -98.8733, 30.5536 ], [ -98.8586, 30.5646 ] ] } },
{ "type": "Feature", "properties": { "faultType": "normal fault, certain" }, "geometry": { "type": "LineString", "coordinates": [ [ -97.6992, 30.5497 ], [ -97.708, 30.5344 ] ] } },
{ "type": "Feature", "properties": { "faultType": "normal fault, certain" }, "geometry": { "type": "LineString", "coordinates": [ [ -98.9422, 30.554 ], [ -98.8512, 30.6085 ] ] } },
{ "type": "Feature", "properties": { "faultType": "normal fault, certain" }, "geometry": { "type": "LineString", "coordinates": [ [ -104.808, 30.4489 ], [ -104.8009, 30.4916 ] ] } },
{ "type": "Feature", "properties": { "faultType": "normal fault, certain" }, "geometry": { "type": "LineString", "coordinates": [ [ -98.2245, 30.5507 ], [ -98.232, 30.5435 ] ] } },
{ "type": "Feature", "properties": { "faultType": "normal fault, certain" }, "geometry": { "type": "LineString", "coordinates": [ [ -96.9659, 30.5511 ], [ -97.0003, 30.5152 ] ] } },
{ "type": "Feature", "properties": { "faultType": "normal fault, certain" }, "geometry": { "type": "LineString", "coordinates": [ [ -99.0484, 30.5535 ], [ -99.0111, 30.5796 ] ] } },
{ "type": "Feature", "properties": { "faultType": "normal fault, certain" }, "geometry": { "type": "LineString", "coordinates": [ [ -99.0317, 30.5819 ], [ -99.0484, 30.5535 ] ] } },
{ "type": "Feature", "properties": { "faultType": "normal fault, certain" }, "geometry": { "type": "LineString", "coordinates": [ [ -96.2265, 30.4897 ], [ -96.2059, 30.4968 ] ] } },
{ "type": "Feature", "properties": { "faultType": "normal fault, certain" }, "geometry": { "type": "LineString", "coordinates": [ [ -96.2435, 30.499 ], [ -96.2265, 30.4897 ] ] } },
{ "type": "Feature", "properties": { "faultType": "normal fault, certain" }, "geometry": { "type": "LineString", "coordinates": [ [ -99.2797, 30.5538 ], [ -99.2699, 30.5671 ] ] } },
{ "type": "Feature", "properties": { "faultType": "normal fault, certain" }, "geometry": { "type": "LineString", "coordinates": [ [ -97.63, 30.6314 ], [ -97.6499, 30.5597 ], [ -97.6724, 30.5303 ] ] } },
{ "type": "Feature", "properties": { "faultType": "normal fault, certain" }, "geometry": { "type": "LineString", "coordinates": [ [ -104.7954, 30.4548 ], [ -104.7936, 30.4463 ] ] } },
{ "type": "Feature", "properties": { "faultType": "normal fault, certain" }, "geometry": { "type": "LineString", "coordinates": [ [ -104.7397, 30.4952 ], [ -104.7376, 30.4489 ] ] } },
{ "type": "Feature", "properties": { "faultType": "normal fault, certain" }, "geometry": { "type": "LineString", "coordinates": [ [ -103.0826, 30.5323 ], [ -103.0666, 30.5096 ] ] } },
{ "type": "Feature", "properties": { "faultType": "normal fault, certain" }, "geometry": { "type": "LineString", "coordinates": [ [ -99.287, 30.5952 ], [ -99.3105, 30.5791 ], [ -99.3228, 30.5519 ] ] } },
{ "type": "Feature", "properties": { "faultType": "normal fault, certain" }, "geometry": { "type": "LineString", "coordinates": [ [ -98.2123, 30.5439 ], [ -98.2212, 30.5389 ] ] } },
{ "type": "Feature", "properties": { "faultType": "normal fault, certain" }, "geometry": { "type": "LineString", "coordinates": [ [ -98.2212, 30.5389 ], [ -98.2048, 30.5646 ] ] } },
{ "type": "Feature", "properties": { "faultType": "normal fault, certain" }, "geometry": { "type": "LineString", "coordinates": [ [ -99.0516, 30.5714 ], [ -99.0655, 30.5493 ] ] } },
{ "type": "Feature", "properties": { "faultType": "normal fault, certain" }, "geometry": { "type": "LineString", "coordinates": [ [ -104.7293, 30.4739 ], [ -104.7356, 30.4454 ] ] } },
{ "type": "Feature", "properties": { "faultType": "normal fault, certain" }, "geometry": { "type": "LineString", "coordinates": [ [ -103.1134, 30.5276 ], [ -103.0988, 30.5065 ] ] } },
{ "type": "Feature", "properties": { "faultType": "normal fault, certain" }, "geometry": { "type": "LineString", "coordinates": [ [ -99.2585, 30.5493 ], [ -99.2451, 30.5745 ] ] } },
{ "type": "Feature", "properties": { "faultType": "normal fault, certain" }, "geometry": { "type": "LineString", "coordinates": [ [ -104.748, 30.4443 ], [ -104.7463, 30.5102 ] ] } },
{ "type": "Feature", "properties": { "faultType": "normal fault, certain" }, "geometry": { "type": "LineString", "coordinates": [ [ -96.2369, 30.4842 ], [ -96.2265, 30.4897 ] ] } },
{ "type": "Feature", "properties": { "faultType": "normal fault, certain" }, "geometry": { "type": "LineString", "coordinates": [ [ -96.9446, 30.5215 ], [ -96.991, 30.5076 ] ] } },
{ "type": "Feature", "properties": { "faultType": "normal fault, certain" }, "geometry": { "type": "LineString", "coordinates": [ [ -96.9761, 30.5307 ], [ -97.0003, 30.5072 ] ] } },
{ "type": "Feature", "properties": { "faultType": "normal fault, certain" }, "geometry": { "type": "LineString", "coordinates": [ [ -103.1335, 30.535 ], [ -103.1153, 30.5034 ] ] } },
{ "type": "Feature", "properties": { "faultType": "normal fault, certain" }, "geometry": { "type": "LineString", "coordinates": [ [ -103.1352, 30.5232 ], [ -103.1197, 30.5029 ] ] } },
{ "type": "Feature", "properties": { "faultType": "normal fault, certain" }, "geometry": { "type": "LineString", "coordinates": [ [ -97.561, 30.5361 ], [ -97.5372, 30.5196 ] ] } },
{ "type": "Feature", "properties": { "faultType": "normal fault, certain" }, "geometry": { "type": "LineString", "coordinates": [ [ -98.9121, 30.5424 ], [ -98.8586, 30.5646 ] ] } },
{ "type": "Feature", "properties": { "faultType": "normal fault, certain" }, "geometry": { "type": "LineString", "coordinates": [ [ -98.1678, 30.5311 ], [ -98.1632, 30.5382 ] ] } },
{ "type": "Feature", "properties": { "faultType": "normal fault, certain" }, "geometry": { "type": "LineString", "coordinates": [ [ -99.1829, 30.5438 ], [ -99.1677, 30.5631 ], [ -99.165, 30.5853 ] ] } },
{ "type": "Feature", "properties": { "faultType": "normal fault, certain" }, "geometry": { "type": "LineString", "coordinates": [ [ -97.1697, 30.5662 ], [ -97.2192, 30.5097 ] ] } },
{ "type": "Feature", "properties": { "faultType": "normal fault, certain" }, "geometry": { "type": "LineString", "coordinates": [ [ -104.7901, 30.5304 ], [ -104.78, 30.4914 ], [ -104.7918, 30.4369 ] ] } },
{ "type": "Feature", "properties": { "faultType": "normal fault, certain" }, "geometry": { "type": "LineString", "coordinates": [ [ -96.9353, 30.5008 ], [ -96.9298, 30.5041 ] ] } },
{ "type": "Feature", "properties": { "faultType": "normal fault, certain" }, "geometry": { "type": "LineString", "coordinates": [ [ -96.9353, 30.5008 ], [ -96.9319, 30.5037 ] ] } },
{ "type": "Feature", "properties": { "faultType": "thrust fault, certain" }, "geometry": { "type": "LineString", "coordinates": [ [ -98.4165, 30.5506 ], [ -98.4133, 30.5335 ] ] } },
{ "type": "Feature", "properties": { "faultType": "normal fault, certain" }, "geometry": { "type": "LineString", "coordinates": [ [ -104.7139, 30.4395 ], [ -104.7356, 30.4454 ] ] } },
{ "type": "Feature", "properties": { "faultType": "normal fault, certain" }, "geometry": { "type": "LineString", "coordinates": [ [ -98.6314, 30.5603 ], [ -98.6409, 30.5365 ] ] } },
{ "type": "Feature", "properties": { "faultType": "normal fault, certain" }, "geometry": { "type": "LineString", "coordinates": [ [ -98.2464, 30.5521 ], [ -98.2535, 30.5305 ] ] } },
{ "type": "Feature", "properties": { "faultType": "normal fault, certain" }, "geometry": { "type": "LineString", "coordinates": [ [ -98.6456, 30.5569 ], [ -98.658, 30.5354 ] ] } },
{ "type": "Feature", "properties": { "faultType": "normal fault, certain" }, "geometry": { "type": "LineString", "coordinates": [ [ -98.8648, 30.5447 ], [ -98.8695, 30.5373 ] ] } },
{ "type": "Feature", "properties": { "faultType": "normal fault, certain" }, "geometry": { "type": "LineString", "coordinates": [ [ -99.0701, 30.5392 ], [ -99.0484, 30.5535 ] ] } },
{ "type": "Feature", "properties": { "faultType": "normal fault, certain" }, "geometry": { "type": "LineString", "coordinates": [ [ -99.0655, 30.5493 ], [ -99.0701, 30.5392 ] ] } },
{ "type": "Feature", "properties": { "faultType": "normal fault, certain" }, "geometry": { "type": "LineString", "coordinates": [ [ -99.0834, 30.5386 ], [ -99.0655, 30.5493 ] ] } },
{ "type": "Feature", "properties": { "faultType": "normal fault, certain" }, "geometry": { "type": "LineString", "coordinates": [ [ -96.2302, 30.4747 ], [ -96.2053, 30.4957 ] ] } },
{ "type": "Feature", "properties": { "faultType": "normal fault, certain" }, "geometry": { "type": "LineString", "coordinates": [ [ -98.2035, 30.5269 ], [ -98.1974, 30.5368 ] ] } },
{ "type": "Feature", "properties": { "faultType": "normal fault, certain" }, "geometry": { "type": "LineString", "coordinates": [ [ -98.3407, 30.535 ], [ -98.345, 30.5292 ] ] } },
{ "type": "Feature", "properties": { "faultType": "normal fault, certain" }, "geometry": { "type": "LineString", "coordinates": [ [ -98.33, 30.548 ], [ -98.3608, 30.5293 ] ] } },
{ "type": "Feature", "properties": { "faultType": "normal fault, certain" }, "geometry": { "type": "LineString", "coordinates": [ [ -96.94, 30.4972 ], [ -96.9353, 30.5008 ] ] } },
{ "type": "Feature", "properties": { "faultType": "normal fault, certain" }, "geometry": { "type": "LineString", "coordinates": [ [ -96.94, 30.4972 ], [ -96.9353, 30.5008 ] ] } },
{ "type": "Feature", "properties": { "faultType": "normal fault, certain" }, "geometry": { "type": "LineString", "coordinates": [ [ -103.2125, 30.4919 ], [ -103.2237, 30.5064 ] ] } },
{ "type": "Feature", "properties": { "faultType": "normal fault, certain" }, "geometry": { "type": "LineString", "coordinates": [ [ -103.1411, 30.5171 ], [ -103.1272, 30.4944 ] ] } },
{ "type": "Feature", "properties": { "faultType": "normal fault, certain" }, "geometry": { "type": "LineString", "coordinates": [ [ -99.1639, 30.5376 ], [ -99.1045, 30.5645 ] ] } },
{ "type": "Feature", "properties": { "faultType": "normal fault, certain" }, "geometry": { "type": "LineString", "coordinates": [ [ -99.1534, 30.5602 ], [ -99.1639, 30.5376 ] ] } },
{ "type": "Feature", "properties": { "faultType": "normal fault, certain" }, "geometry": { "type": "LineString", "coordinates": [ [ -99.2695, 30.6413 ], [ -99.3554, 30.5382 ] ] } },
{ "type": "Feature", "properties": { "faultType": "normal fault, certain" }, "geometry": { "type": "LineString", "coordinates": [ [ -96.9424, 30.4953 ], [ -96.94, 30.4972 ] ] } },
{ "type": "Feature", "properties": { "faultType": "normal fault, certain" }, "geometry": { "type": "LineString", "coordinates": [ [ -96.9424, 30.4953 ], [ -96.94, 30.4972 ] ] } },
{ "type": "Feature", "properties": { "faultType": "normal fault, certain" }, "geometry": { "type": "LineString", "coordinates": [ [ -98.3287, 30.5463 ], [ -98.3556, 30.5264 ] ] } },
{ "type": "Feature", "properties": { "faultType": "normal fault, certain" }, "geometry": { "type": "LineString", "coordinates": [ [ -98.2005, 30.5509 ], [ -98.2194, 30.5227 ] ] } },
{ "type": "Feature", "properties": { "faultType": "normal fault, certain" }, "geometry": { "type": "LineString", "coordinates": [ [ -104.864, 30.4918 ], [ -104.8468, 30.4703 ], [ -104.8486, 30.4255 ] ] } },
{ "type": "Feature", "properties": { "faultType": "normal fault, certain" }, "geometry": { "type": "LineString", "coordinates": [ [ -96.1887, 30.4683 ], [ -96.144, 30.478 ] ] } },
{ "type": "Feature", "properties": { "faultType": "normal fault, certain" }, "geometry": { "type": "LineString", "coordinates": [ [ -99.1031, 30.5337 ], [ -99.0834, 30.5386 ] ] } },
{ "type": "Feature", "properties": { "faultType": "normal fault, certain" }, "geometry": { "type": "LineString", "coordinates": [ [ -98.3127, 30.5235 ], [ -98.2625, 30.5646 ] ] } },
{ "type": "Feature", "properties": { "faultType": "normal fault, certain" }, "geometry": { "type": "LineString", "coordinates": [ [ -99.1031, 30.5337 ], [ -99.1034, 30.5312 ] ] } },
{ "type": "Feature", "properties": { "faultType": "normal fault, certain" }, "geometry": { "type": "LineString", "coordinates": [ [ -99.1034, 30.5312 ], [ -99.0834, 30.5386 ] ] } },
{ "type": "Feature", "properties": { "faultType": "normal fault, certain" }, "geometry": { "type": "LineString", "coordinates": [ [ -98.3287, 30.5511 ], [ -98.3911, 30.522 ] ] } },
{ "type": "Feature", "properties": { "faultType": "thrust fault, certain" }, "geometry": { "type": "LineString", "coordinates": [ [ -98.4095, 30.5481 ], [ -98.3911, 30.522 ] ] } },
{ "type": "Feature", "properties": { "faultType": "normal fault, certain" }, "geometry": { "type": "LineString", "coordinates": [ [ -98.1895, 30.5181 ], [ -98.1872, 30.5346 ] ] } },
{ "type": "Feature", "properties": { "faultType": "normal fault, certain" }, "geometry": { "type": "LineString", "coordinates": [ [ -103.2463, 30.5169 ], [ -103.2257, 30.4839 ] ] } },
{ "type": "Feature", "properties": { "faultType": "normal fault, certain" }, "geometry": { "type": "LineString", "coordinates": [ [ -103.0442, 30.515 ], [ -103.0333, 30.4896 ] ] } },
{ "type": "Feature", "properties": { "faultType": "normal fault, certain" }, "geometry": { "type": "LineString", "coordinates": [ [ -103.2479, 30.4979 ], [ -103.2429, 30.482 ] ] } },
{ "type": "Feature", "properties": { "faultType": "normal fault, certain" }, "geometry": { "type": "LineString", "coordinates": [ [ -99.3744, 30.5294 ], [ -99.3371, 30.5625 ], [ -99.3043, 30.6143 ] ] } },
{ "type": "Feature", "properties": { "faultType": "normal fault, certain" }, "geometry": { "type": "LineString", "coordinates": [ [ -98.8649, 30.5492 ], [ -98.9231, 30.5247 ] ] } },
{ "type": "Feature", "properties": { "faultType": "normal fault, certain" }, "geometry": { "type": "LineString", "coordinates": [ [ -103.2429, 30.482 ], [ -103.2458, 30.4799 ] ] } },
{ "type": "Feature", "properties": { "faultType": "normal fault, certain" }, "geometry": { "type": "LineString", "coordinates": [ [ -103.2458, 30.4799 ], [ -103.2496, 30.4857 ] ] } },
{ "type": "Feature", "properties": { "faultType": "normal fault, certain" }, "geometry": { "type": "LineString", "coordinates": [ [ -104.8262, 30.442 ], [ -104.8251, 30.4187 ] ] } },
{ "type": "Feature", "properties": { "faultType": "normal fault, certain" }, "geometry": { "type": "LineString", "coordinates": [ [ -96.2272, 30.4615 ], [ -96.239, 30.471 ] ] } },
{ "type": "Feature", "properties": { "faultType": "normal fault, certain" }, "geometry": { "type": "LineString", "coordinates": [ [ -98.1816, 30.5135 ], [ -98.1702, 30.5278 ] ] } },
{ "type": "Feature", "properties": { "faultType": "normal fault, certain" }, "geometry": { "type": "LineString", "coordinates": [ [ -96.9563, 30.4847 ], [ -96.9424, 30.4953 ] ] } },
{ "type": "Feature", "properties": { "faultType": "normal fault, certain" }, "geometry": { "type": "LineString", "coordinates": [ [ -98.9231, 30.5247 ], [ -98.9258, 30.5231 ] ] } },
{ "type": "Feature", "properties": { "faultType": "normal fault, certain" }, "geometry": { "type": "LineString", "coordinates": [ [ -98.2377, 30.5136 ], [ -98.2212, 30.5389 ] ] } },
{ "type": "Feature", "properties": { "faultType": "normal fault, certain" }, "geometry": { "type": "LineString", "coordinates": [ [ -104.8453, 30.4163 ], [ -104.8342, 30.4358 ] ] } },
{ "type": "Feature", "properties": { "faultType": "normal fault, certain" }, "geometry": { "type": "LineString", "coordinates": [ [ -98.2194, 30.5227 ], [ -98.223, 30.5132 ] ] } },
{ "type": "Feature", "properties": { "faultType": "normal fault, certain" }, "geometry": { "type": "LineString", "coordinates": [ [ -98.8916, 30.5285 ], [ -98.9027, 30.5221 ] ] } },
{ "type": "Feature", "properties": { "faultType": "normal fault, certain" }, "geometry": { "type": "LineString", "coordinates": [ [ -99.2733, 30.5344 ], [ -99.2866, 30.5251 ] ] } },
{ "type": "Feature", "properties": { "faultType": "normal fault, certain" }, "geometry": { "type": "LineString", "coordinates": [ [ -99.0875, 30.5234 ], [ -99.0701, 30.5392 ] ] } },
{ "type": "Feature", "properties": { "faultType": "normal fault, certain" }, "geometry": { "type": "LineString", "coordinates": [ [ -104.793, 30.4176 ], [ -104.7918, 30.4369 ] ] } },
{ "type": "Feature", "properties": { "faultType": "normal fault, certain" }, "geometry": { "type": "LineString", "coordinates": [ [ -104.7918, 30.4369 ], [ -104.793, 30.4176 ] ] } },
{ "type": "Feature", "properties": { "faultType": "normal fault, certain" }, "geometry": { "type": "LineString", "coordinates": [ [ -96.9608, 30.4826 ], [ -96.9563, 30.4847 ] ] } },
{ "type": "Feature", "properties": { "faultType": "normal fault, certain" }, "geometry": { "type": "LineString", "coordinates": [ [ -96.9608, 30.4826 ], [ -96.9563, 30.4847 ] ] } },
{ "type": "Feature", "properties": { "faultType": "normal fault, certain" }, "geometry": { "type": "LineString", "coordinates": [ [ -99.1639, 30.5376 ], [ -99.1652, 30.5227 ] ] } },
{ "type": "Feature", "properties": { "faultType": "normal fault, certain" }, "geometry": { "type": "LineString", "coordinates": [ [ -96.9628, 30.4815 ], [ -96.9608, 30.4826 ] ] } },
{ "type": "Feature", "properties": { "faultType": "normal fault, certain" }, "geometry": { "type": "LineString", "coordinates": [ [ -103.2049, 30.4849 ], [ -103.1992, 30.4766 ] ] } },
{ "type": "Feature", "properties": { "faultType": "normal fault, certain" }, "geometry": { "type": "LineString", "coordinates": [ [ -103.0655, 30.499 ], [ -103.0612, 30.4805 ] ] } },
{ "type": "Feature", "properties": { "faultType": "normal fault, certain" }, "geometry": { "type": "LineString", "coordinates": [ [ -103.0706, 30.4944 ], [ -103.0612, 30.4805 ] ] } },
{ "type": "Feature", "properties": { "faultType": "normal fault, certain" }, "geometry": { "type": "LineString", "coordinates": [ [ -98.2456, 30.5427 ], [ -98.2664, 30.5105 ] ] } },
{ "type": "Feature", "properties": { "faultType": "normal fault, certain" }, "geometry": { "type": "LineString", "coordinates": [ [ -98.3004, 30.5109 ], [ -98.292, 30.5169 ] ] } },
{ "type": "Feature", "properties": { "faultType": "normal fault, certain" }, "geometry": { "type": "LineString", "coordinates": [ [ -99.144, 30.5307 ], [ -99.1548, 30.5209 ] ] } },
{ "type": "Feature", "properties": { "faultType": "normal fault, certain" }, "geometry": { "type": "LineString", "coordinates": [ [ -98.9073, 30.5191 ], [ -98.912, 30.5179 ] ] } },
{ "type": "Feature", "properties": { "faultType": "normal fault, certain" }, "geometry": { "type": "LineString", "coordinates": [ [ -98.9231, 30.5247 ], [ -98.912, 30.5179 ] ] } },
{ "type": "Feature", "properties": { "faultType": "normal fault, certain" }, "geometry": { "type": "LineString", "coordinates": [ [ -98.5557, 30.5126 ], [ -98.5403, 30.5417 ] ] } },
{ "type": "Feature", "properties": { "faultType": "normal fault, certain" }, "geometry": { "type": "LineString", "coordinates": [ [ -99.0003, 30.5189 ], [ -99.0125, 30.5175 ] ] } },
{ "type": "Feature", "properties": { "faultType": "normal fault, certain" }, "geometry": { "type": "LineString", "coordinates": [ [ -99.0125, 30.5175 ], [ -99.0111, 30.5796 ] ] } },
{ "type": "Feature", "properties": { "faultType": "normal fault, certain" }, "geometry": { "type": "LineString", "coordinates": [ [ -104.795, 30.4124 ], [ -104.793, 30.4176 ] ] } },
{ "type": "Feature", "properties": { "faultType": "normal fault, certain" }, "geometry": { "type": "LineString", "coordinates": [ [ -99.2702, 30.5349 ], [ -99.2906, 30.5192 ] ] } },
{ "type": "Feature", "properties": { "faultType": "normal fault, certain" }, "geometry": { "type": "LineString", "coordinates": [ [ -99.0857, 30.532 ], [ -99.1041, 30.5174 ] ] } },
{ "type": "Feature", "properties": { "faultType": "normal fault, certain" }, "geometry": { "type": "LineString", "coordinates": [ [ -98.6456, 30.5569 ], [ -98.6615, 30.5121 ] ] } },
{ "type": "Feature", "properties": { "faultType": "normal fault, certain" }, "geometry": { "type": "LineString", "coordinates": [ [ -99.1198, 30.5462 ], [ -99.139, 30.5168 ] ] } },
{ "type": "Feature", "properties": { "faultType": "normal fault, certain" }, "geometry": { "type": "LineString", "coordinates": [ [ -103.552, 30.4602 ], [ -103.5569, 30.4778 ] ] } },
{ "type": "Feature", "properties": { "faultType": "normal fault, certain" }, "geometry": { "type": "LineString", "coordinates": [ [ -99.1034, 30.5312 ], [ -99.1163, 30.5165 ] ] } },
{ "type": "Feature", "properties": { "faultType": "normal fault, certain" }, "geometry": { "type": "LineString", "coordinates": [ [ -98.22, 30.5051 ], [ -98.2105, 30.5277 ] ] } },
{ "type": "Feature", "properties": { "faultType": "normal fault, certain" }, "geometry": { "type": "LineString", "coordinates": [ [ -96.9743, 30.4763 ], [ -96.9628, 30.4815 ] ] } },
{ "type": "Feature", "properties": { "faultType": "normal fault, certain" }, "geometry": { "type": "LineString", "coordinates": [ [ -96.9743, 30.4763 ], [ -96.9628, 30.4815 ] ] } },
{ "type": "Feature", "properties": { "faultType": "normal fault, certain" }, "geometry": { "type": "LineString", "coordinates": [ [ -98.3911, 30.522 ], [ -98.4236, 30.5071 ] ] } },
{ "type": "Feature", "properties": { "faultType": "normal fault, certain" }, "geometry": { "type": "LineString", "coordinates": [ [ -99.0003, 30.5189 ], [ -98.9785, 30.5138 ] ] } },
{ "type": "Feature", "properties": { "faultType": "normal fault, certain" }, "geometry": { "type": "LineString", "coordinates": [ [ -98.2194, 30.5227 ], [ -98.2357, 30.5024 ] ] } },
{ "type": "Feature", "properties": { "faultType": "normal fault, certain" }, "geometry": { "type": "LineString", "coordinates": [ [ -104.7858, 30.4079 ], [ -104.7727, 30.4573 ], [ -104.7742, 30.5163 ] ] } },
{ "type": "Feature", "properties": { "faultType": "normal fault, certain" }, "geometry": { "type": "LineString", "coordinates": [ [ -103.0333, 30.4896 ], [ -103.0276, 30.4728 ] ] } },
{ "type": "Feature", "properties": { "faultType": "normal fault, certain" }, "geometry": { "type": "LineString", "coordinates": [ [ -99.0301, 30.512 ], [ -99.0174, 30.5232 ] ] } },
{ "type": "Feature", "properties": { "faultType": "normal fault, certain" }, "geometry": { "type": "LineString", "coordinates": [ [ -96.9822, 30.4724 ], [ -96.9743, 30.4763 ] ] } },
{ "type": "Feature", "properties": { "faultType": "normal fault, certain" }, "geometry": { "type": "LineString", "coordinates": [ [ -96.9822, 30.4724 ], [ -96.9743, 30.4763 ] ] } },
{ "type": "Feature", "properties": { "faultType": "normal fault, certain" }, "geometry": { "type": "LineString", "coordinates": [ [ -98.4236, 30.5071 ], [ -98.4416, 30.5035 ] ] } },
{ "type": "Feature", "properties": { "faultType": "thrust fault, certain" }, "geometry": { "type": "LineString", "coordinates": [ [ -98.4416, 30.5035 ], [ -98.44, 30.5288 ], [ -98.4288, 30.5403 ], [ -98.4756, 30.5873 ] ] } },
{ "type": "Feature", "properties": { "faultType": "normal fault, certain" }, "geometry": { "type": "LineString", "coordinates": [ [ -98.2227, 30.4995 ], [ -98.22, 30.5051 ] ] } },
{ "type": "Feature", "properties": { "faultType": "normal fault, certain" }, "geometry": { "type": "LineString", "coordinates": [ [ -103.241, 30.4644 ], [ -103.2677, 30.483 ] ] } },
{ "type": "Feature", "properties": { "faultType": "normal fault, certain" }, "geometry": { "type": "LineString", "coordinates": [ [ -99.0125, 30.5175 ], [ -99.0268, 30.5098 ] ] } },
{ "type": "Feature", "properties": { "faultType": "normal fault, certain" }, "geometry": { "type": "LineString", "coordinates": [ [ -98.8695, 30.5373 ], [ -98.901, 30.5085 ] ] } },
{ "type": "Feature", "properties": { "faultType": "normal fault, certain" }, "geometry": { "type": "LineString", "coordinates": [ [ -98.901, 30.5085 ], [ -98.8695, 30.5373 ] ] } },
{ "type": "Feature", "properties": { "faultType": "normal fault, certain" }, "geometry": { "type": "LineString", "coordinates": [ [ -98.8917, 30.5227 ], [ -98.9195, 30.5085 ] ] } },
{ "type": "Feature", "properties": { "faultType": "normal fault, certain" }, "geometry": { "type": "LineString", "coordinates": [ [ -98.912, 30.5179 ], [ -98.9195, 30.5085 ] ] } },
{ "type": "Feature", "properties": { "faultType": "normal fault, certain" }, "geometry": { "type": "LineString", "coordinates": [ [ -98.237, 30.4986 ], [ -98.2209, 30.5111 ] ] } },
{ "type": "Feature", "properties": { "faultType": "normal fault, certain" }, "geometry": { "type": "LineString", "coordinates": [ [ -104.6989, 30.4077 ], [ -104.7006, 30.4261 ] ] } },
{ "type": "Feature", "properties": { "faultType": "normal fault, certain" }, "geometry": { "type": "LineString", "coordinates": [ [ -98.9489, 30.5156 ], [ -98.9676, 30.5076 ] ] } },
{ "type": "Feature", "properties": { "faultType": "normal fault, certain" }, "geometry": { "type": "LineString", "coordinates": [ [ -99.1468, 30.508 ], [ -99.1031, 30.5337 ] ] } },
{ "type": "Feature", "properties": { "faultType": "normal fault, certain" }, "geometry": { "type": "LineString", "coordinates": [ [ -99.1131, 30.5076 ], [ -99.0875, 30.5234 ] ] } },
{ "type": "Feature", "properties": { "faultType": "normal fault, certain" }, "geometry": { "type": "LineString", "coordinates": [ [ -99.015, 30.5062 ], [ -99.0125, 30.5175 ] ] } },
{ "type": "Feature", "properties": { "faultType": "normal fault, certain" }, "geometry": { "type": "LineString", "coordinates": [ [ -98.4416, 30.5035 ], [ -98.456, 30.4994 ] ] } },
{ "type": "Feature", "properties": { "faultType": "normal fault, certain" }, "geometry": { "type": "LineString", "coordinates": [ [ -104.7794, 30.4261 ], [ -104.7841, 30.4006 ] ] } },
{ "type": "Feature", "properties": { "faultType": "normal fault, certain" }, "geometry": { "type": "LineString", "coordinates": [ [ -98.9283, 30.5042 ], [ -98.9206, 30.5079 ] ] } },
{ "type": "Feature", "properties": { "faultType": "normal fault, certain" }, "geometry": { "type": "LineString", "coordinates": [ [ -99.1073, 30.5043 ], [ -99.0875, 30.5234 ] ] } },
{ "type": "Feature", "properties": { "faultType": "normal fault, certain" }, "geometry": { "type": "LineString", "coordinates": [ [ -98.9283, 30.5042 ], [ -98.9287, 30.5018 ] ] } },
{ "type": "Feature", "properties": { "faultType": "normal fault, certain" }, "geometry": { "type": "LineString", "coordinates": [ [ -103.2429, 30.482 ], [ -103.2284, 30.4567 ] ] } },
{ "type": "Feature", "properties": { "faultType": "normal fault, certain" }, "geometry": { "type": "LineString", "coordinates": [ [ -97.3449, 30.4723 ], [ -97.3039, 30.5214 ] ] } },
{ "type": "Feature", "properties": { "faultType": "normal fault, certain" }, "geometry": { "type": "LineString", "coordinates": [ [ -98.9195, 30.5085 ], [ -98.9216, 30.5002 ] ] } },
{ "type": "Feature", "properties": { "faultType": "normal fault, certain" }, "geometry": { "type": "LineString", "coordinates": [ [ -98.9216, 30.5002 ], [ -98.9287, 30.5018 ] ] } },
{ "type": "Feature", "properties": { "faultType": "normal fault, certain" }, "geometry": { "type": "LineString", "coordinates": [ [ -104.7343, 30.4163 ], [ -104.7377, 30.3985 ] ] } },
{ "type": "Feature", "properties": { "faultType": "normal fault, certain" }, "geometry": { "type": "LineString", "coordinates": [ [ -98.901, 30.5085 ], [ -98.9216, 30.5002 ] ] } },
{ "type": "Feature", "properties": { "faultType": "normal fault, certain" }, "geometry": { "type": "LineString", "coordinates": [ [ -98.239, 30.4904 ], [ -98.22, 30.5051 ] ] } },
{ "type": "Feature", "properties": { "faultType": "normal fault, certain" }, "geometry": { "type": "LineString", "coordinates": [ [ -103.0612, 30.4805 ], [ -103.0521, 30.4605 ] ] } },
{ "type": "Feature", "properties": { "faultType": "normal fault, certain" }, "geometry": { "type": "LineString", "coordinates": [ [ -104.7356, 30.4454 ], [ -104.7428, 30.3971 ] ] } },
{ "type": "Feature", "properties": { "faultType": "normal fault, certain" }, "geometry": { "type": "LineString", "coordinates": [ [ -99.2699, 30.5671 ], [ -99.3027, 30.5512 ], [ -99.3602, 30.5021 ] ] } },
{ "type": "Feature", "properties": { "faultType": "normal fault, certain" }, "geometry": { "type": "LineString", "coordinates": [ [ -98.6696, 30.4945 ], [ -98.6409, 30.5365 ] ] } },
{ "type": "Feature", "properties": { "faultType": "normal fault, certain" }, "geometry": { "type": "LineString", "coordinates": [ [ -103.2285, 30.4532 ], [ -103.2458, 30.4799 ] ] } },
{ "type": "Feature", "properties": { "faultType": "normal fault, certain" }, "geometry": { "type": "LineString", "coordinates": [ [ -104.7634, 30.4233 ], [ -104.7678, 30.3944 ] ] } },
{ "type": "Feature", "properties": { "faultType": "normal fault, certain" }, "geometry": { "type": "LineString", "coordinates": [ [ -104.8582, 30.3894 ], [ -104.8453, 30.4163 ] ] } },
{ "type": "Feature", "properties": { "faultType": "normal fault, certain" }, "geometry": { "type": "LineString", "coordinates": [ [ -98.9115, 30.498 ], [ -98.9347, 30.4951 ] ] } },
{ "type": "Feature", "properties": { "faultType": "normal fault, certain" }, "geometry": { "type": "LineString", "coordinates": [ [ -98.9287, 30.5018 ], [ -98.9347, 30.4951 ] ] } },
{ "type": "Feature", "properties": { "faultType": "normal fault, certain" }, "geometry": { "type": "LineString", "coordinates": [ [ -97.7655, 30.579 ], [ -97.819, 30.5159 ], [ -97.8347, 30.478 ] ] } },
{ "type": "Feature", "properties": { "faultType": "normal fault, certain" }, "geometry": { "type": "LineString", "coordinates": [ [ -104.642, 30.5201 ], [ -104.6284, 30.5129 ], [ -104.6342, 30.4793 ], [ -104.5966, 30.3982 ] ] } },
{ "type": "Feature", "properties": { "faultType": "normal fault, certain" }, "geometry": { "type": "LineString", "coordinates": [ [ -98.2242, 30.4931 ], [ -98.2277, 30.4833 ] ] } },
{ "type": "Feature", "properties": { "faultType": "normal fault, certain" }, "geometry": { "type": "LineString", "coordinates": [ [ -98.237, 30.4986 ], [ -98.2462, 30.483 ] ] } },
{ "type": "Feature", "properties": { "faultType": "normal fault, certain" }, "geometry": { "type": "LineString", "coordinates": [ [ -98.9724, 30.4926 ], [ -98.9283, 30.5042 ] ] } },
{ "type": "Feature", "properties": { "faultType": "normal fault, certain" }, "geometry": { "type": "LineString", "coordinates": [ [ -103.2715, 30.4803 ], [ -103.2512, 30.4471 ] ] } },
{ "type": "Feature", "properties": { "faultType": "normal fault, certain" }, "geometry": { "type": "LineString", "coordinates": [ [ -99.1073, 30.5043 ], [ -99.1207, 30.4931 ] ] } },
{ "type": "Feature", "properties": { "faultType": "normal fault, certain" }, "geometry": { "type": "LineString", "coordinates": [ [ -98.9834, 30.4911 ], [ -98.9724, 30.4926 ] ] } },
{ "type": "Feature", "properties": { "faultType": "normal fault, certain" }, "geometry": { "type": "LineString", "coordinates": [ [ -99.1023, 30.4998 ], [ -99.1159, 30.4916 ] ] } },
{ "type": "Feature", "properties": { "faultType": "normal fault, certain" }, "geometry": { "type": "LineString", "coordinates": [ [ -98.2245, 30.525 ], [ -98.2616, 30.4805 ] ] } },
{ "type": "Feature", "properties": { "faultType": "normal fault, certain" }, "geometry": { "type": "LineString", "coordinates": [ [ -104.8367, 30.4076 ], [ -104.8497, 30.3821 ] ] } },
{ "type": "Feature", "properties": { "faultType": "normal fault, certain" }, "geometry": { "type": "LineString", "coordinates": [ [ -98.6345, 30.485 ], [ -98.5791, 30.5776 ] ] } },
{ "type": "Feature", "properties": { "faultType": "normal fault, certain" }, "geometry": { "type": "LineString", "coordinates": [ [ -103.5345, 30.4341 ], [ -103.5452, 30.4476 ] ] } },
{ "type": "Feature", "properties": { "faultType": "normal fault, certain" }, "geometry": { "type": "LineString", "coordinates": [ [ -99.1213, 30.4899 ], [ -99.1159, 30.4916 ] ] } },
{ "type": "Feature", "properties": { "faultType": "normal fault, certain" }, "geometry": { "type": "LineString", "coordinates": [ [ -99.1207, 30.4931 ], [ -99.1213, 30.4899 ] ] } },
{ "type": "Feature", "properties": { "faultType": "normal fault, certain" }, "geometry": { "type": "LineString", "coordinates": [ [ -98.6312, 30.4841 ], [ -98.6345, 30.485 ] ] } },
{ "type": "Feature", "properties": { "faultType": "normal fault, certain" }, "geometry": { "type": "LineString", "coordinates": [ [ -98.9347, 30.4951 ], [ -98.9417, 30.4875 ] ] } },
{ "type": "Feature", "properties": { "faultType": "normal fault, certain" }, "geometry": { "type": "LineString", "coordinates": [ [ -99.1246, 30.4892 ], [ -99.1213, 30.4899 ] ] } },
{ "type": "Feature", "properties": { "faultType": "normal fault, certain" }, "geometry": { "type": "LineString", "coordinates": [ [ -99.1207, 30.4931 ], [ -99.1246, 30.4892 ] ] } },
{ "type": "Feature", "properties": { "faultType": "normal fault, certain" }, "geometry": { "type": "LineString", "coordinates": [ [ -104.7943, 30.3828 ], [ -104.8047, 30.4349 ], [ -104.7954, 30.4548 ] ] } },
{ "type": "Feature", "properties": { "faultType": "normal fault, certain" }, "geometry": { "type": "LineString", "coordinates": [ [ -104.7998, 30.3825 ], [ -104.7943, 30.3828 ] ] } },
{ "type": "Feature", "properties": { "faultType": "normal fault, certain" }, "geometry": { "type": "LineString", "coordinates": [ [ -104.7998, 30.3825 ], [ -104.8109, 30.4294 ] ] } },
{ "type": "Feature", "properties": { "faultType": "normal fault, certain" }, "geometry": { "type": "LineString", "coordinates": [ [ -97.0312, 30.4498 ], [ -96.9822, 30.4724 ] ] } },
{ "type": "Feature", "properties": { "faultType": "normal fault, certain" }, "geometry": { "type": "LineString", "coordinates": [ [ -98.4872, 30.511 ], [ -98.5081, 30.487 ], [ -98.5301, 30.4813 ] ] } },
{ "type": "Feature", "properties": { "faultType": "normal fault, certain" }, "geometry": { "type": "LineString", "coordinates": [ [ -99.1284, 30.4879 ], [ -99.1246, 30.4892 ] ] } },
{ "type": "Feature", "properties": { "faultType": "normal fault, certain" }, "geometry": { "type": "LineString", "coordinates": [ [ -103.8917, 30.4449 ], [ -103.8527, 30.4202 ] ] } },
{ "type": "Feature", "properties": { "faultType": "normal fault, certain" }, "geometry": { "type": "LineString", "coordinates": [ [ -98.6928, 30.4822 ], [ -98.6696, 30.4945 ] ] } },
{ "type": "Feature", "properties": { "faultType": "normal fault, certain" }, "geometry": { "type": "LineString", "coordinates": [ [ -98.3157, 30.498 ], [ -98.344, 30.4772 ] ] } },
{ "type": "Feature", "properties": { "faultType": "normal fault, certain" }, "geometry": { "type": "LineString", "coordinates": [ [ -97.0312, 30.4498 ], [ -97.0349, 30.4472 ] ] } },
{ "type": "Feature", "properties": { "faultType": "normal fault, certain" }, "geometry": { "type": "LineString", "coordinates": [ [ -98.6979, 30.481 ], [ -98.6928, 30.4822 ] ] } },
{ "type": "Feature", "properties": { "faultType": "normal fault, certain" }, "geometry": { "type": "LineString", "coordinates": [ [ -98.5301, 30.4813 ], [ -98.5448, 30.4789 ] ] } },
{ "type": "Feature", "properties": { "faultType": "normal fault, certain" }, "geometry": { "type": "LineString", "coordinates": [ [ -98.4629, 30.4881 ], [ -98.484, 30.478 ] ] } },
{ "type": "Feature", "properties": { "faultType": "normal fault, certain" }, "geometry": { "type": "LineString", "coordinates": [ [ -98.428, 30.4769 ], [ -98.4082, 30.4823 ] ] } },
{ "type": "Feature", "properties": { "faultType": "normal fault, certain" }, "geometry": { "type": "LineString", "coordinates": [ [ -98.428, 30.4769 ], [ -98.4166, 30.4953 ] ] } },
{ "type": "Feature", "properties": { "faultType": "normal fault, certain" }, "geometry": { "type": "LineString", "coordinates": [ [ -98.4316, 30.4759 ], [ -98.428, 30.4769 ] ] } },
{ "type": "Feature", "properties": { "faultType": "normal fault, certain" }, "geometry": { "type": "LineString", "coordinates": [ [ -98.9724, 30.4926 ], [ -98.9854, 30.4827 ] ] } },
{ "type": "Feature", "properties": { "faultType": "normal fault, certain" }, "geometry": { "type": "LineString", "coordinates": [ [ -97.0394, 30.4453 ], [ -97.0312, 30.4498 ] ] } },
{ "type": "Feature", "properties": { "faultType": "normal fault, certain" }, "geometry": { "type": "LineString", "coordinates": [ [ -98.3584, 30.4921 ], [ -98.3909, 30.4744 ] ] } },
{ "type": "Feature", "properties": { "faultType": "normal fault, certain" }, "geometry": { "type": "LineString", "coordinates": [ [ -103.1766, 30.438 ], [ -103.1964, 30.4671 ] ] } },
{ "type": "Feature", "properties": { "faultType": "normal fault, certain" }, "geometry": { "type": "LineString", "coordinates": [ [ -98.6556, 30.4908 ], [ -98.6694, 30.4775 ] ] } },
{ "type": "Feature", "properties": { "faultType": "normal fault, certain" }, "geometry": { "type": "LineString", "coordinates": [ [ -99.1159, 30.4916 ], [ -99.1245, 30.4809 ] ] } },
{ "type": "Feature", "properties": { "faultType": "normal fault, certain" }, "geometry": { "type": "LineString", "coordinates": [ [ -99.1213, 30.4899 ], [ -99.1245, 30.4809 ] ] } },
{ "type": "Feature", "properties": { "faultType": "normal fault, certain" }, "geometry": { "type": "LineString", "coordinates": [ [ -98.4236, 30.5071 ], [ -98.4696, 30.4725 ] ] } },
{ "type": "Feature", "properties": { "faultType": "normal fault, certain" }, "geometry": { "type": "LineString", "coordinates": [ [ -103.5304, 30.4303 ], [ -103.5188, 30.4241 ] ] } },
{ "type": "Feature", "properties": { "faultType": "normal fault, certain" }, "geometry": { "type": "LineString", "coordinates": [ [ -98.8765, 30.4864 ], [ -98.888, 30.4773 ] ] } },
{ "type": "Feature", "properties": { "faultType": "normal fault, certain" }, "geometry": { "type": "LineString", "coordinates": [ [ -98.6821, 30.4735 ], [ -98.6674, 30.4754 ] ] } },
{ "type": "Feature", "properties": { "faultType": "normal fault, certain" }, "geometry": { "type": "LineString", "coordinates": [ [ -98.6696, 30.4945 ], [ -98.6821, 30.4735 ] ] } },
{ "type": "Feature", "properties": { "faultType": "normal fault, certain" }, "geometry": { "type": "LineString", "coordinates": [ [ -98.3774, 30.4688 ], [ -98.3717, 30.4796 ] ] } },
{ "type": "Feature", "properties": { "faultType": "normal fault, certain" }, "geometry": { "type": "LineString", "coordinates": [ [ -98.6928, 30.4822 ], [ -98.6945, 30.4727 ] ] } },
{ "type": "Feature", "properties": { "faultType": "normal fault, certain" }, "geometry": { "type": "LineString", "coordinates": [ [ -98.6945, 30.4727 ], [ -98.694, 30.4723 ] ] } },
{ "type": "Feature", "properties": { "faultType": "normal fault, certain" }, "geometry": { "type": "LineString", "coordinates": [ [ -98.6945, 30.4727 ], [ -98.6821, 30.4735 ] ] } },
{ "type": "Feature", "properties": { "faultType": "normal fault, certain" }, "geometry": { "type": "LineString", "coordinates": [ [ -98.644, 30.4714 ], [ -98.6307, 30.4837 ] ] } },
{ "type": "Feature", "properties": { "faultType": "normal fault, certain" }, "geometry": { "type": "LineString", "coordinates": [ [ -98.6409, 30.5365 ], [ -98.6508, 30.5023 ], [ -98.644, 30.4714 ] ] } },
{ "type": "Feature", "properties": { "faultType": "normal fault, certain" }, "geometry": { "type": "LineString", "coordinates": [ [ -98.6984, 30.4721 ], [ -98.6945, 30.4727 ] ] } },
{ "type": "Feature", "properties": { "faultType": "normal fault, certain" }, "geometry": { "type": "LineString", "coordinates": [ [ -96.9935, 30.4414 ], [ -97.0003, 30.4368 ] ] } },
{ "type": "Feature", "properties": { "faultType": "normal fault, certain" }, "geometry": { "type": "LineString", "coordinates": [ [ -97.1353, 30.4663 ], [ -97.1589, 30.441 ] ] } },
{ "type": "Feature", "properties": { "faultType": "normal fault, certain" }, "geometry": { "type": "LineString", "coordinates": [ [ -98.3935, 30.4773 ], [ -98.4103, 30.4674 ] ] } },
{ "type": "Feature", "properties": { "faultType": "normal fault, certain" }, "geometry": { "type": "LineString", "coordinates": [ [ -98.4103, 30.4674 ], [ -98.4109, 30.4674 ] ] } },
{ "type": "Feature", "properties": { "faultType": "normal fault, certain" }, "geometry": { "type": "LineString", "coordinates": [ [ -98.4537, 30.4669 ], [ -98.4316, 30.4759 ] ] } },
{ "type": "Feature", "properties": { "faultType": "normal fault, certain" }, "geometry": { "type": "LineString", "coordinates": [ [ -104.5817, 30.3777 ], [ -104.5966, 30.3982 ] ] } },
{ "type": "Feature", "properties": { "faultType": "normal fault, certain" }, "geometry": { "type": "LineString", "coordinates": [ [ -98.4103, 30.4674 ], [ -98.4129, 30.4655 ] ] } },
{ "type": "Feature", "properties": { "faultType": "normal fault, certain" }, "geometry": { "type": "LineString", "coordinates": [ [ -98.484, 30.478 ], [ -98.4918, 30.4659 ] ] } },
{ "type": "Feature", "properties": { "faultType": "normal fault, certain" }, "geometry": { "type": "LineString", "coordinates": [ [ -103.2711, 30.4708 ], [ -103.2446, 30.4257 ] ] } },
{ "type": "Feature", "properties": { "faultType": "normal fault, certain" }, "geometry": { "type": "LineString", "coordinates": [ [ -98.4129, 30.4655 ], [ -98.4164, 30.4628 ] ] } },
{ "type": "Feature", "properties": { "faultType": "normal fault, certain" }, "geometry": { "type": "LineString", "coordinates": [ [ -98.4129, 30.4655 ], [ -98.3981, 30.4618 ] ] } },
{ "type": "Feature", "properties": { "faultType": "normal fault, certain" }, "geometry": { "type": "LineString", "coordinates": [ [ -97.5372, 30.499 ], [ -97.5884, 30.4452 ] ] } },
{ "type": "Feature", "properties": { "faultType": "normal fault, certain" }, "geometry": { "type": "LineString", "coordinates": [ [ -104.1336, 30.4159 ], [ -104.1226, 30.3916 ] ] } },
{ "type": "Feature", "properties": { "faultType": "normal fault, certain" }, "geometry": { "type": "LineString", "coordinates": [ [ -98.4524, 30.4744 ], [ -98.4651, 30.461 ] ] } },
{ "type": "Feature", "properties": { "faultType": "normal fault, certain" }, "geometry": { "type": "LineString", "coordinates": [ [ -98.4918, 30.4659 ], [ -98.5034, 30.4614 ] ] } },
{ "type": "Feature", "properties": { "faultType": "normal fault, certain" }, "geometry": { "type": "LineString", "coordinates": [ [ -98.484, 30.478 ], [ -98.5034, 30.4614 ] ] } },
{ "type": "Feature", "properties": { "faultType": "normal fault, certain" }, "geometry": { "type": "LineString", "coordinates": [ [ -104.7907, 30.3625 ], [ -104.7943, 30.3828 ] ] } },
{ "type": "Feature", "properties": { "faultType": "normal fault, certain" }, "geometry": { "type": "LineString", "coordinates": [ [ -98.4133, 30.467 ], [ -98.4325, 30.4594 ] ] } },
{ "type": "Feature", "properties": { "faultType": "normal fault, certain" }, "geometry": { "type": "LineString", "coordinates": [ [ -98.5301, 30.4813 ], [ -98.5446, 30.4603 ] ] } },
{ "type": "Feature", "properties": { "faultType": "normal fault, certain" }, "geometry": { "type": "LineString", "coordinates": [ [ -98.5446, 30.4603 ], [ -98.5448, 30.4789 ] ] } },
{ "type": "Feature", "properties": { "faultType": "normal fault, certain" }, "geometry": { "type": "LineString", "coordinates": [ [ -97.8441, 30.4917 ], [ -97.8701, 30.47 ], [ -97.8798, 30.4486 ] ] } },
{ "type": "Feature", "properties": { "faultType": "normal fault, certain" }, "geometry": { "type": "LineString", "coordinates": [ [ -98.4643, 30.4852 ], [ -98.4937, 30.459 ] ] } },
{ "type": "Feature", "properties": { "faultType": "normal fault, certain" }, "geometry": { "type": "LineString", "coordinates": [ [ -104.7956, 30.359 ], [ -104.7998, 30.3825 ] ] } },
{ "type": "Feature", "properties": { "faultType": "normal fault, certain" }, "geometry": { "type": "LineString", "coordinates": [ [ -97.6618, 30.5099 ], [ -97.6894, 30.4429 ] ] } },
{ "type": "Feature", "properties": { "faultType": "normal fault, certain" }, "geometry": { "type": "LineString", "coordinates": [ [ -98.4316, 30.4759 ], [ -98.4474, 30.4541 ] ] } },
{ "type": "Feature", "properties": { "faultType": "normal fault, certain" }, "geometry": { "type": "LineString", "coordinates": [ [ -97.0203, 30.4252 ], [ -97.0322, 30.4227 ] ] } },
{ "type": "Feature", "properties": { "faultType": "normal fault, certain" }, "geometry": { "type": "LineString", "coordinates": [ [ -97.6815, 30.5047 ], [ -97.7278, 30.4395 ] ] } },
{ "type": "Feature", "properties": { "faultType": "normal fault, certain" }, "geometry": { "type": "LineString", "coordinates": [ [ -97.0322, 30.4227 ], [ -97.0423, 30.4222 ] ] } },
{ "type": "Feature", "properties": { "faultType": "normal fault, certain" }, "geometry": { "type": "LineString", "coordinates": [ [ -103.0735, 30.4187 ], [ -103.0905, 30.4608 ] ] } },
{ "type": "Feature", "properties": { "faultType": "normal fault, certain" }, "geometry": { "type": "LineString", "coordinates": [ [ -103.1376, 30.4561 ], [ -103.1061, 30.4168 ] ] } },
{ "type": "Feature", "properties": { "faultType": "normal fault, certain" }, "geometry": { "type": "LineString", "coordinates": [ [ -103.1056, 30.4165 ], [ -103.1061, 30.4168 ] ] } },
{ "type": "Feature", "properties": { "faultType": "normal fault, certain" }, "geometry": { "type": "LineString", "coordinates": [ [ -98.4201, 30.4603 ], [ -98.4319, 30.4454 ] ] } },
{ "type": "Feature", "properties": { "faultType": "normal fault, certain" }, "geometry": { "type": "LineString", "coordinates": [ [ -98.692, 30.4469 ], [ -98.644, 30.4714 ] ] } },
{ "type": "Feature", "properties": { "faultType": "normal fault, certain" }, "geometry": { "type": "LineString", "coordinates": [ [ -97.6696, 30.4775 ], [ -97.693, 30.4359 ], [ -97.7091, 30.4271 ] ] } },
{ "type": "Feature", "properties": { "faultType": "normal fault, certain" }, "geometry": { "type": "LineString", "coordinates": [ [ -97.6815, 30.5047 ], [ -97.7091, 30.4271 ] ] } },
{ "type": "Feature", "properties": { "faultType": "normal fault, certain" }, "geometry": { "type": "LineString", "coordinates": [ [ -103.1061, 30.4168 ], [ -103.0927, 30.4064 ] ] } },
{ "type": "Feature", "properties": { "faultType": "normal fault, certain" }, "geometry": { "type": "LineString", "coordinates": [ [ -98.5034, 30.4614 ], [ -98.5127, 30.4413 ] ] } },
{ "type": "Feature", "properties": { "faultType": "normal fault, certain" }, "geometry": { "type": "LineString", "coordinates": [ [ -104.5966, 30.3982 ], [ -104.5909, 30.349 ] ] } },
{ "type": "Feature", "properties": { "faultType": "normal fault, certain" }, "geometry": { "type": "LineString", "coordinates": [ [ -103.237, 30.4197 ], [ -103.2213, 30.4 ] ] } },
{ "type": "Feature", "properties": { "faultType": "normal fault, certain" }, "geometry": { "type": "LineString", "coordinates": [ [ -98.6483, 30.4828 ], [ -98.7167, 30.4396 ] ] } },
{ "type": "Feature", "properties": { "faultType": "normal fault, certain" }, "geometry": { "type": "LineString", "coordinates": [ [ -97.0003, 30.5152 ], [ -97.0366, 30.4821 ], [ -97.0812, 30.4062 ] ] } },
{ "type": "Feature", "properties": { "faultType": "normal fault, certain" }, "geometry": { "type": "LineString", "coordinates": [ [ -104.6459, 30.385 ], [ -104.6916, 30.4258 ], [ -104.6744, 30.3418 ] ] } },
{ "type": "Feature", "properties": { "faultType": "normal fault, certain" }, "geometry": { "type": "LineString", "coordinates": [ [ -97.0322, 30.4227 ], [ -97.0687, 30.405 ] ] } },
{ "type": "Feature", "properties": { "faultType": "normal fault, certain" }, "geometry": { "type": "LineString", "coordinates": [ [ -98.7167, 30.4396 ], [ -98.726, 30.4366 ] ] } },
{ "type": "Feature", "properties": { "faultType": "normal fault, certain" }, "geometry": { "type": "LineString", "coordinates": [ [ -98.7121, 30.4458 ], [ -98.726, 30.4366 ] ] } },
{ "type": "Feature", "properties": { "faultType": "normal fault, certain" }, "geometry": { "type": "LineString", "coordinates": [ [ -98.6865, 30.4384 ], [ -98.6905, 30.4335 ] ] } },
{ "type": "Feature", "properties": { "faultType": "normal fault, certain" }, "geometry": { "type": "LineString", "coordinates": [ [ -98.5136, 30.4298 ], [ -98.4918, 30.4659 ] ] } },
{ "type": "Feature", "properties": { "faultType": "normal fault, certain" }, "geometry": { "type": "LineString", "coordinates": [ [ -97.0003, 30.4368 ], [ -97.0622, 30.3954 ] ] } },
{ "type": "Feature", "properties": { "faultType": "normal fault, certain" }, "geometry": { "type": "LineString", "coordinates": [ [ -104.6208, 30.3345 ], [ -104.6155, 30.3518 ] ] } },
{ "type": "Feature", "properties": { "faultType": "normal fault, certain" }, "geometry": { "type": "LineString", "coordinates": [ [ -97.0617, 30.3947 ], [ -97.0249, 30.4105 ] ] } },
{ "type": "Feature", "properties": { "faultType": "normal fault, certain" }, "geometry": { "type": "LineString", "coordinates": [ [ -104.6393, 30.387 ], [ -104.6283, 30.345 ], [ -104.6339, 30.3318 ] ] } },
{ "type": "Feature", "properties": { "faultType": "normal fault, certain" }, "geometry": { "type": "LineString", "coordinates": [ [ -103.1267, 30.4269 ], [ -103.1079, 30.3836 ] ] } },
{ "type": "Feature", "properties": { "faultType": "normal fault, certain" }, "geometry": { "type": "LineString", "coordinates": [ [ -104.6419, 30.3472 ], [ -104.6313, 30.3268 ] ] } },
{ "type": "Feature", "properties": { "faultType": "normal fault, certain" }, "geometry": { "type": "LineString", "coordinates": [ [ -97.0249, 30.4105 ], [ -97.0609, 30.3872 ] ] } },
{ "type": "Feature", "properties": { "faultType": "normal fault, certain" }, "geometry": { "type": "LineString", "coordinates": [ [ -98.3354, 30.4249 ], [ -98.3598, 30.4152 ] ] } },
{ "type": "Feature", "properties": { "faultType": "normal fault, certain" }, "geometry": { "type": "LineString", "coordinates": [ [ -103.1781, 30.4247 ], [ -103.1524, 30.3795 ] ] } },
{ "type": "Feature", "properties": { "faultType": "normal fault, certain" }, "geometry": { "type": "LineString", "coordinates": [ [ -98.5389, 30.4158 ], [ -98.5446, 30.4603 ] ] } },
{ "type": "Feature", "properties": { "faultType": "normal fault, certain" }, "geometry": { "type": "LineString", "coordinates": [ [ -98.0159, 30.4155 ], [ -98.0185, 30.407 ] ] } },
{ "type": "Feature", "properties": { "faultType": "normal fault, certain" }, "geometry": { "type": "LineString", "coordinates": [ [ -104.7577, 30.347 ], [ -104.753, 30.3167 ] ] } },
{ "type": "Feature", "properties": { "faultType": "normal fault, certain" }, "geometry": { "type": "LineString", "coordinates": [ [ -98.5448, 30.4789 ], [ -98.6005, 30.4142 ] ] } },
{ "type": "Feature", "properties": { "faultType": "normal fault, certain" }, "geometry": { "type": "LineString", "coordinates": [ [ -98.726, 30.4366 ], [ -98.7481, 30.4136 ] ] } },
{ "type": "Feature", "properties": { "faultType": "normal fault, certain" }, "geometry": { "type": "LineString", "coordinates": [ [ -104.4039, 30.3431 ], [ -104.3879, 30.3309 ], [ -104.4013, 30.3281 ] ] } },
{ "type": "Feature", "properties": { "faultType": "normal fault, certain" }, "geometry": { "type": "LineString", "coordinates": [ [ -104.4013, 30.3281 ], [ -104.4132, 30.3448 ] ] } },
{ "type": "Feature", "properties": { "faultType": "normal fault, certain" }, "geometry": { "type": "LineString", "coordinates": [ [ -104.758, 30.3076 ], [ -104.7673, 30.3455 ] ] } },
{ "type": "Feature", "properties": { "faultType": "normal fault, certain" }, "geometry": { "type": "LineString", "coordinates": [ [ -98.6424, 30.4057 ], [ -98.6271, 30.409 ] ] } },
{ "type": "Feature", "properties": { "faultType": "normal fault, certain" }, "geometry": { "type": "LineString", "coordinates": [ [ -98.6413, 30.4076 ], [ -98.6424, 30.4057 ] ] } },
{ "type": "Feature", "properties": { "faultType": "normal fault, certain" }, "geometry": { "type": "LineString", "coordinates": [ [ -98.6494, 30.4177 ], [ -98.6554, 30.4049 ] ] } },
{ "type": "Feature", "properties": { "faultType": "normal fault, certain" }, "geometry": { "type": "LineString", "coordinates": [ [ -98.3205, 30.3999 ], [ -98.3102, 30.4107 ] ] } },
{ "type": "Feature", "properties": { "faultType": "normal fault, certain" }, "geometry": { "type": "LineString", "coordinates": [ [ -98.6477, 30.4044 ], [ -98.6424, 30.4057 ] ] } },
{ "type": "Feature", "properties": { "faultType": "normal fault, certain" }, "geometry": { "type": "LineString", "coordinates": [ [ -98.6477, 30.4044 ], [ -98.6293, 30.4237 ] ] } },
{ "type": "Feature", "properties": { "faultType": "normal fault, certain" }, "geometry": { "type": "LineString", "coordinates": [ [ -104.3937, 30.3193 ], [ -104.4013, 30.3281 ] ] } },
{ "type": "Feature", "properties": { "faultType": "normal fault, certain" }, "geometry": { "type": "LineString", "coordinates": [ [ -98.6905, 30.4335 ], [ -98.7126, 30.4033 ] ] } },
{ "type": "Feature", "properties": { "faultType": "normal fault, certain" }, "geometry": { "type": "LineString", "coordinates": [ [ -98.4761, 30.4128 ], [ -98.4936, 30.3997 ] ] } },
{ "type": "Feature", "properties": { "faultType": "normal fault, certain" }, "geometry": { "type": "LineString", "coordinates": [ [ -104.7436, 30.34 ], [ -104.7256, 30.3036 ] ] } },
{ "type": "Feature", "properties": { "faultType": "normal fault, certain" }, "geometry": { "type": "LineString", "coordinates": [ [ -98.7167, 30.4396 ], [ -98.7467, 30.4008 ] ] } },
{ "type": "Feature", "properties": { "faultType": "normal fault, certain" }, "geometry": { "type": "LineString", "coordinates": [ [ -98.6543, 30.3994 ], [ -98.6477, 30.4044 ] ] } },
{ "type": "Feature", "properties": { "faultType": "normal fault, certain" }, "geometry": { "type": "LineString", "coordinates": [ [ -96.9795, 30.3644 ], [ -96.9396, 30.4 ] ] } },
{ "type": "Feature", "properties": { "faultType": "normal fault, certain" }, "geometry": { "type": "LineString", "coordinates": [ [ -98.6265, 30.4013 ], [ -98.6303, 30.3982 ] ] } },
{ "type": "Feature", "properties": { "faultType": "normal fault, certain" }, "geometry": { "type": "LineString", "coordinates": [ [ -98.4812, 30.3994 ], [ -98.486, 30.3925 ] ] } },
{ "type": "Feature", "properties": { "faultType": "normal fault, certain" }, "geometry": { "type": "LineString", "coordinates": [ [ -98.6424, 30.4057 ], [ -98.6487, 30.3939 ] ] } },
{ "type": "Feature", "properties": { "faultType": "normal fault, certain" }, "geometry": { "type": "LineString", "coordinates": [ [ -98.6359, 30.3946 ], [ -98.6392, 30.3934 ] ] } },
{ "type": "Feature", "properties": { "faultType": "normal fault, certain" }, "geometry": { "type": "LineString", "coordinates": [ [ -104.6744, 30.3418 ], [ -104.666, 30.2981 ] ] } },
{ "type": "Feature", "properties": { "faultType": "normal fault, certain" }, "geometry": { "type": "LineString", "coordinates": [ [ -98.4677, 30.3932 ], [ -98.48, 30.3903 ] ] } },
{ "type": "Feature", "properties": { "faultType": "normal fault, certain" }, "geometry": { "type": "LineString", "coordinates": [ [ -98.7685, 30.393 ], [ -98.7509, 30.4104 ] ] } },
{ "type": "Feature", "properties": { "faultType": "normal fault, certain" }, "geometry": { "type": "LineString", "coordinates": [ [ -98.2786, 30.3839 ], [ -98.2616, 30.3993 ] ] } },
{ "type": "Feature", "properties": { "faultType": "normal fault, certain" }, "geometry": { "type": "LineString", "coordinates": [ [ -98.2786, 30.3839 ], [ -98.2749, 30.4001 ] ] } },
{ "type": "Feature", "properties": { "faultType": "normal fault, certain" }, "geometry": { "type": "LineString", "coordinates": [ [ -98.2812, 30.3823 ], [ -98.2786, 30.3839 ] ] } },
{ "type": "Feature", "properties": { "faultType": "normal fault, certain" }, "geometry": { "type": "LineString", "coordinates": [ [ -98.5411, 30.385 ], [ -98.5451, 30.3982 ] ] } },
{ "type": "Feature", "properties": { "faultType": "normal fault, certain" }, "geometry": { "type": "LineString", "coordinates": [ [ -98.4997, 30.396 ], [ -98.5157, 30.3845 ] ] } },
{ "type": "Feature", "properties": { "faultType": "normal fault, certain" }, "geometry": { "type": "LineString", "coordinates": [ [ -98.6905, 30.4335 ], [ -98.7432, 30.3861 ] ] } },
{ "type": "Feature", "properties": { "faultType": "normal fault, certain" }, "geometry": { "type": "LineString", "coordinates": [ [ -98.7501, 30.4038 ], [ -98.7682, 30.3861 ] ] } },
{ "type": "Feature", "properties": { "faultType": "normal fault, certain" }, "geometry": { "type": "LineString", "coordinates": [ [ -98.467, 30.3888 ], [ -98.4778, 30.3815 ] ] } },
{ "type": "Feature", "properties": { "faultType": "normal fault, certain" }, "geometry": { "type": "LineString", "coordinates": [ [ -98.6215, 30.4046 ], [ -98.6371, 30.3821 ] ] } },
{ "type": "Feature", "properties": { "faultType": "normal fault, certain" }, "geometry": { "type": "LineString", "coordinates": [ [ -98.5296, 30.388 ], [ -98.5409, 30.38 ] ] } },
{ "type": "Feature", "properties": { "faultType": "normal fault, certain" }, "geometry": { "type": "LineString", "coordinates": [ [ -98.5409, 30.38 ], [ -98.5411, 30.385 ] ] } },
{ "type": "Feature", "properties": { "faultType": "normal fault, certain" }, "geometry": { "type": "LineString", "coordinates": [ [ -103.327, 30.3537 ], [ -103.3085, 30.3377 ] ] } },
{ "type": "Feature", "properties": { "faultType": "normal fault, certain" }, "geometry": { "type": "LineString", "coordinates": [ [ -98.4778, 30.3815 ], [ -98.4837, 30.3788 ] ] } },
{ "type": "Feature", "properties": { "faultType": "normal fault, certain" }, "geometry": { "type": "LineString", "coordinates": [ [ -103.4397, 30.3501 ], [ -103.433, 30.3309 ] ] } },
{ "type": "Feature", "properties": { "faultType": "normal fault, certain" }, "geometry": { "type": "LineString", "coordinates": [ [ -104.7045, 30.2802 ], [ -104.7003, 30.2943 ] ] } },
{ "type": "Feature", "properties": { "faultType": "normal fault, certain" }, "geometry": { "type": "LineString", "coordinates": [ [ -97.0702, 30.3668 ], [ -97.1087, 30.3455 ] ] } },
{ "type": "Feature", "properties": { "faultType": "normal fault, certain" }, "geometry": { "type": "LineString", "coordinates": [ [ -97.0721, 30.3779 ], [ -97.1087, 30.3455 ] ] } },
{ "type": "Feature", "properties": { "faultType": "normal fault, certain" }, "geometry": { "type": "LineString", "coordinates": [ [ -104.7087, 30.2794 ], [ -104.7045, 30.3028 ] ] } },
{ "type": "Feature", "properties": { "faultType": "normal fault, certain" }, "geometry": { "type": "LineString", "coordinates": [ [ -104.7087, 30.2794 ], [ -104.7317, 30.3188 ] ] } },
{ "type": "Feature", "properties": { "faultType": "normal fault, certain" }, "geometry": { "type": "LineString", "coordinates": [ [ -104.6313, 30.3268 ], [ -104.6072, 30.2817 ] ] } },
{ "type": "Feature", "properties": { "faultType": "normal fault, certain" }, "geometry": { "type": "LineString", "coordinates": [ [ -104.6313, 30.3268 ], [ -104.6323, 30.3119 ], [ -104.6072, 30.2817 ] ] } },
{ "type": "Feature", "properties": { "faultType": "normal fault, certain" }, "geometry": { "type": "LineString", "coordinates": [ [ -97.0023, 30.3693 ], [ -97.0382, 30.3411 ] ] } },
{ "type": "Feature", "properties": { "faultType": "normal fault, certain" }, "geometry": { "type": "LineString", "coordinates": [ [ -98.6464, 30.3864 ], [ -98.6641, 30.374 ] ] } },
{ "type": "Feature", "properties": { "faultType": "normal fault, certain" }, "geometry": { "type": "LineString", "coordinates": [ [ -103.3431, 30.3521 ], [ -103.3208, 30.3298 ] ] } },
{ "type": "Feature", "properties": { "faultType": "normal fault, certain" }, "geometry": { "type": "LineString", "coordinates": [ [ -104.6791, 30.2773 ], [ -104.6789, 30.3018 ] ] } },
{ "type": "Feature", "properties": { "faultType": "normal fault, certain" }, "geometry": { "type": "LineString", "coordinates": [ [ -103.3398, 30.3428 ], [ -103.3258, 30.3282 ] ] } },
{ "type": "Feature", "properties": { "faultType": "normal fault, certain" }, "geometry": { "type": "LineString", "coordinates": [ [ -104.7421, 30.3125 ], [ -104.7482, 30.2729 ] ] } },
{ "type": "Feature", "properties": { "faultType": "normal fault, certain" }, "geometry": { "type": "LineString", "coordinates": [ [ -103.335, 30.3319 ], [ -103.3276, 30.3266 ] ] } },
{ "type": "Feature", "properties": { "faultType": "normal fault, certain" }, "geometry": { "type": "LineString", "coordinates": [ [ -98.6395, 30.375 ], [ -98.6465, 30.3692 ] ] } },
{ "type": "Feature", "properties": { "faultType": "normal fault, certain" }, "geometry": { "type": "LineString", "coordinates": [ [ -104.7054, 30.2715 ], [ -104.7087, 30.2794 ] ] } },
{ "type": "Feature", "properties": { "faultType": "normal fault, certain" }, "geometry": { "type": "LineString", "coordinates": [ [ -103.4999, 30.3318 ], [ -103.5035, 30.3184 ] ] } },
{ "type": "Feature", "properties": { "faultType": "normal fault, certain" }, "geometry": { "type": "LineString", "coordinates": [ [ -104.6755, 30.2723 ], [ -104.6741, 30.2891 ] ] } },
{ "type": "Feature", "properties": { "faultType": "normal fault, certain" }, "geometry": { "type": "LineString", "coordinates": [ [ -104.6791, 30.2773 ], [ -104.6755, 30.2723 ] ] } },
{ "type": "Feature", "properties": { "faultType": "normal fault, certain" }, "geometry": { "type": "LineString", "coordinates": [ [ -97.7091, 30.4271 ], [ -97.7325, 30.399 ], [ -97.7482, 30.3521 ] ] } },
{ "type": "Feature", "properties": { "faultType": "normal fault, certain" }, "geometry": { "type": "LineString", "coordinates": [ [ -103.5072, 30.3382 ], [ -103.5189, 30.3156 ] ] } },
{ "type": "Feature", "properties": { "faultType": "normal fault, certain" }, "geometry": { "type": "LineString", "coordinates": [ [ -98.6085, 30.3638 ], [ -98.6012, 30.3742 ] ] } },
{ "type": "Feature", "properties": { "faultType": "normal fault, certain" }, "geometry": { "type": "LineString", "coordinates": [ [ -98.5411, 30.385 ], [ -98.6085, 30.3638 ] ] } },
{ "type": "Feature", "properties": { "faultType": "normal fault, certain" }, "geometry": { "type": "LineString", "coordinates": [ [ -98.6074, 30.3768 ], [ -98.6178, 30.3622 ] ] } },
{ "type": "Feature", "properties": { "faultType": "normal fault, certain" }, "geometry": { "type": "LineString", "coordinates": [ [ -98.6348, 30.3753 ], [ -98.6435, 30.3618 ] ] } },
{ "type": "Feature", "properties": { "faultType": "normal fault, certain" }, "geometry": { "type": "LineString", "coordinates": [ [ -98.6371, 30.3626 ], [ -98.6435, 30.3618 ] ] } },
{ "type": "Feature", "properties": { "faultType": "normal fault, certain" }, "geometry": { "type": "LineString", "coordinates": [ [ -98.4837, 30.3788 ], [ -98.4976, 30.3595 ] ] } },
{ "type": "Feature", "properties": { "faultType": "normal fault, certain" }, "geometry": { "type": "LineString", "coordinates": [ [ -98.4962, 30.3593 ], [ -98.4837, 30.3788 ] ] } },
{ "type": "Feature", "properties": { "faultType": "normal fault, certain" }, "geometry": { "type": "LineString", "coordinates": [ [ -98.4976, 30.3595 ], [ -98.4962, 30.3593 ] ] } },
{ "type": "Feature", "properties": { "faultType": "normal fault, certain" }, "geometry": { "type": "LineString", "coordinates": [ [ -98.6435, 30.3618 ], [ -98.6455, 30.3608 ] ] } },
{ "type": "Feature", "properties": { "faultType": "normal fault, certain" }, "geometry": { "type": "LineString", "coordinates": [ [ -104.6865, 30.3059 ], [ -104.6867, 30.2644 ] ] } },
{ "type": "Feature", "properties": { "faultType": "normal fault, certain" }, "geometry": { "type": "LineString", "coordinates": [ [ -104.6867, 30.2644 ], [ -104.6791, 30.2773 ] ] } },
{ "type": "Feature", "properties": { "faultType": "normal fault, certain" }, "geometry": { "type": "LineString", "coordinates": [ [ -98.6123, 30.38 ], [ -98.6353, 30.3588 ] ] } },
{ "type": "Feature", "properties": { "faultType": "normal fault, certain" }, "geometry": { "type": "LineString", "coordinates": [ [ -98.4778, 30.3815 ], [ -98.4953, 30.3563 ] ] } },
{ "type": "Feature", "properties": { "faultType": "normal fault, certain" }, "geometry": { "type": "LineString", "coordinates": [ [ -98.4962, 30.3593 ], [ -98.4953, 30.3563 ] ] } },
{ "type": "Feature", "properties": { "faultType": "normal fault, certain" }, "geometry": { "type": "LineString", "coordinates": [ [ -104.588, 30.266 ], [ -104.5977, 30.2825 ] ] } },
{ "type": "Feature", "properties": { "faultType": "normal fault, certain" }, "geometry": { "type": "LineString", "coordinates": [ [ -97.1107, 30.3736 ], [ -97.1312, 30.3273 ] ] } },
{ "type": "Feature", "properties": { "faultType": "normal fault, certain" }, "geometry": { "type": "LineString", "coordinates": [ [ -104.4405, 30.272 ], [ -104.4499, 30.2886 ] ] } },
{ "type": "Feature", "properties": { "faultType": "normal fault, certain" }, "geometry": { "type": "LineString", "coordinates": [ [ -98.5052, 30.3555 ], [ -98.4976, 30.3595 ] ] } },
{ "type": "Feature", "properties": { "faultType": "normal fault, certain" }, "geometry": { "type": "LineString", "coordinates": [ [ -97.6292, 30.4484 ], [ -97.698, 30.3403 ] ] } },
{ "type": "Feature", "properties": { "faultType": "normal fault, certain" }, "geometry": { "type": "LineString", "coordinates": [ [ -98.4926, 30.3867 ], [ -98.518, 30.3548 ] ] } },
{ "type": "Feature", "properties": { "faultType": "normal fault, certain" }, "geometry": { "type": "LineString", "coordinates": [ [ -98.518, 30.3548 ], [ -98.5052, 30.3555 ] ] } },
{ "type": "Feature", "properties": { "faultType": "normal fault, certain" }, "geometry": { "type": "LineString", "coordinates": [ [ -103.378, 30.3538 ], [ -103.3405, 30.3115 ] ] } },
{ "type": "Feature", "properties": { "faultType": "normal fault, certain" }, "geometry": { "type": "LineString", "coordinates": [ [ -98.4953, 30.3563 ], [ -98.4962, 30.3538 ] ] } },
{ "type": "Feature", "properties": { "faultType": "normal fault, certain" }, "geometry": { "type": "LineString", "coordinates": [ [ -98.5052, 30.3555 ], [ -98.4962, 30.3538 ] ] } },
{ "type": "Feature", "properties": { "faultType": "normal fault, certain" }, "geometry": { "type": "LineString", "coordinates": [ [ -96.6067, 30.362 ], [ -96.6644, 30.3112 ] ] } },
{ "type": "Feature", "properties": { "faultType": "normal fault, certain" }, "geometry": { "type": "LineString", "coordinates": [ [ -98.4992, 30.3951 ], [ -98.5204, 30.3538 ] ] } },
{ "type": "Feature", "properties": { "faultType": "normal fault, certain" }, "geometry": { "type": "LineString", "coordinates": [ [ -98.5204, 30.3538 ], [ -98.518, 30.3548 ] ] } },
{ "type": "Feature", "properties": { "faultType": "normal fault, certain" }, "geometry": { "type": "LineString", "coordinates": [ [ -98.5409, 30.38 ], [ -98.5789, 30.3535 ] ] } },
{ "type": "Feature", "properties": { "faultType": "normal fault, certain" }, "geometry": { "type": "LineString", "coordinates": [ [ -98.2616, 30.3519 ], [ -98.264, 30.3488 ] ] } },
{ "type": "Feature", "properties": { "faultType": "normal fault, certain" }, "geometry": { "type": "LineString", "coordinates": [ [ -103.385, 30.3488 ], [ -103.3422, 30.3084 ] ] } },
{ "type": "Feature", "properties": { "faultType": "normal fault, certain" }, "geometry": { "type": "LineString", "coordinates": [ [ -97.7484, 30.337 ], [ -97.7482, 30.3521 ] ] } },
{ "type": "Feature", "properties": { "faultType": "normal fault, certain" }, "geometry": { "type": "LineString", "coordinates": [ [ -104.717, 30.2546 ], [ -104.7087, 30.2794 ] ] } },
{ "type": "Feature", "properties": { "faultType": "normal fault, certain" }, "geometry": { "type": "LineString", "coordinates": [ [ -98.6234, 30.3513 ], [ -98.6108, 30.3577 ] ] } },
{ "type": "Feature", "properties": { "faultType": "normal fault, certain" }, "geometry": { "type": "LineString", "coordinates": [ [ -98.6234, 30.3513 ], [ -98.6085, 30.3638 ] ] } },
{ "type": "Feature", "properties": { "faultType": "normal fault, certain" }, "geometry": { "type": "LineString", "coordinates": [ [ -104.4277, 30.2663 ], [ -104.4355, 30.2848 ] ] } },
{ "type": "Feature", "properties": { "faultType": "normal fault, certain" }, "geometry": { "type": "LineString", "coordinates": [ [ -98.5309, 30.3495 ], [ -98.5204, 30.3538 ] ] } },
{ "type": "Feature", "properties": { "faultType": "normal fault, certain" }, "geometry": { "type": "LineString", "coordinates": [ [ -98.5121, 30.3807 ], [ -98.5309, 30.3495 ] ] } },
{ "type": "Feature", "properties": { "faultType": "normal fault, certain" }, "geometry": { "type": "LineString", "coordinates": [ [ -97.1087, 30.3455 ], [ -97.1272, 30.3196 ] ] } },
{ "type": "Feature", "properties": { "faultType": "normal fault, certain" }, "geometry": { "type": "LineString", "coordinates": [ [ -104.6904, 30.2538 ], [ -104.6972, 30.2987 ] ] } },
{ "type": "Feature", "properties": { "faultType": "normal fault, certain" }, "geometry": { "type": "LineString", "coordinates": [ [ -97.0806, 30.3346 ], [ -97.1092, 30.3189 ] ] } },
{ "type": "Feature", "properties": { "faultType": "normal fault, certain" }, "geometry": { "type": "LineString", "coordinates": [ [ -97.0646, 30.3572 ], [ -97.1092, 30.3189 ] ] } },
{ "type": "Feature", "properties": { "faultType": "normal fault, certain" }, "geometry": { "type": "LineString", "coordinates": [ [ -98.3735, 30.3434 ], [ -98.37, 30.3472 ] ] } },
{ "type": "Feature", "properties": { "faultType": "normal fault, certain" }, "geometry": { "type": "LineString", "coordinates": [ [ -97.7484, 30.337 ], [ -97.7561, 30.3312 ] ] } },
{ "type": "Feature", "properties": { "faultType": "normal fault, certain" }, "geometry": { "type": "LineString", "coordinates": [ [ -98.2761, 30.3408 ], [ -98.2716, 30.346 ] ] } },
{ "type": "Feature", "properties": { "faultType": "normal fault, certain" }, "geometry": { "type": "LineString", "coordinates": [ [ -97.7486, 30.33 ], [ -97.7484, 30.337 ] ] } },
{ "type": "Feature", "properties": { "faultType": "normal fault, certain" }, "geometry": { "type": "LineString", "coordinates": [ [ -103.4243, 30.3191 ], [ -103.4028, 30.2986 ] ] } },
{ "type": "Feature", "properties": { "faultType": "normal fault, certain" }, "geometry": { "type": "LineString", "coordinates": [ [ -97.3158, 30.3194 ], [ -97.2899, 30.3514 ] ] } },
{ "type": "Feature", "properties": { "faultType": "normal fault, certain" }, "geometry": { "type": "LineString", "coordinates": [ [ -96.4115, 30.31 ], [ -96.4174, 30.2924 ] ] } },
{ "type": "Feature", "properties": { "faultType": "normal fault, certain" }, "geometry": { "type": "LineString", "coordinates": [ [ -98.2692, 30.3428 ], [ -98.2729, 30.3382 ] ] } },
{ "type": "Feature", "properties": { "faultType": "normal fault, certain" }, "geometry": { "type": "LineString", "coordinates": [ [ -97.0453, 30.3106 ], [ -97.0382, 30.3411 ] ] } },
{ "type": "Feature", "properties": { "faultType": "normal fault, certain" }, "geometry": { "type": "LineString", "coordinates": [ [ -104.6676, 30.2482 ], [ -104.6755, 30.2723 ] ] } },
{ "type": "Feature", "properties": { "faultType": "normal fault, certain" }, "geometry": { "type": "LineString", "coordinates": [ [ -104.6719, 30.2564 ], [ -104.6676, 30.2482 ] ] } },
{ "type": "Feature", "properties": { "faultType": "normal fault, certain" }, "geometry": { "type": "LineString", "coordinates": [ [ -97.7561, 30.3312 ], [ -97.7657, 30.3283 ] ] } },
{ "type": "Feature", "properties": { "faultType": "normal fault, certain" }, "geometry": { "type": "LineString", "coordinates": [ [ -97.7482, 30.3521 ], [ -97.7657, 30.3283 ] ] } },
{ "type": "Feature", "properties": { "faultType": "normal fault, certain" }, "geometry": { "type": "LineString", "coordinates": [ [ -98.0356, 30.3698 ], [ -98.0484, 30.333 ] ] } },
{ "type": "Feature", "properties": { "faultType": "normal fault, certain" }, "geometry": { "type": "LineString", "coordinates": [ [ -97.0394, 30.3092 ], [ -97.0003, 30.3435 ] ] } },
{ "type": "Feature", "properties": { "faultType": "normal fault, certain" }, "geometry": { "type": "LineString", "coordinates": [ [ -98.2943, 30.3368 ], [ -98.2761, 30.3408 ] ] } },
{ "type": "Feature", "properties": { "faultType": "normal fault, certain" }, "geometry": { "type": "LineString", "coordinates": [ [ -98.6404, 30.3414 ], [ -98.6234, 30.3513 ] ] } },
{ "type": "Feature", "properties": { "faultType": "normal fault, certain" }, "geometry": { "type": "LineString", "coordinates": [ [ -97.657, 30.3648 ], [ -97.6971, 30.3246 ] ] } },
{ "type": "Feature", "properties": { "faultType": "normal fault, certain" }, "geometry": { "type": "LineString", "coordinates": [ [ -98.3556, 30.3368 ], [ -98.3495, 30.3389 ] ] } },
{ "type": "Feature", "properties": { "faultType": "normal fault, certain" }, "geometry": { "type": "LineString", "coordinates": [ [ -103.3881, 30.2947 ], [ -103.4177, 30.3242 ] ] } },
{ "type": "Feature", "properties": { "faultType": "normal fault, certain" }, "geometry": { "type": "LineString", "coordinates": [ [ -97.5902, 30.4638 ], [ -97.657, 30.3455 ], [ -97.6802, 30.3236 ] ] } },
{ "type": "Feature", "properties": { "faultType": "normal fault, certain" }, "geometry": { "type": "LineString", "coordinates": [ [ -104.7068, 30.2425 ], [ -104.717, 30.2546 ] ] } },
{ "type": "Feature", "properties": { "faultType": "normal fault, certain" }, "geometry": { "type": "LineString", "coordinates": [ [ -98.3387, 30.3352 ], [ -98.3317, 30.3424 ] ] } },
{ "type": "Feature", "properties": { "faultType": "normal fault, certain" }, "geometry": { "type": "LineString", "coordinates": [ [ -98.5805, 30.3487 ], [ -98.5938, 30.3378 ] ] } },
{ "type": "Feature", "properties": { "faultType": "normal fault, certain" }, "geometry": { "type": "LineString", "coordinates": [ [ -98.4962, 30.3538 ], [ -98.5046, 30.3364 ] ] } },
{ "type": "Feature", "properties": { "faultType": "normal fault, certain" }, "geometry": { "type": "LineString", "coordinates": [ [ -98.2832, 30.3326 ], [ -98.2761, 30.3408 ] ] } },
{ "type": "Feature", "properties": { "faultType": "normal fault, certain" }, "geometry": { "type": "LineString", "coordinates": [ [ -97.0382, 30.3411 ], [ -97.073, 30.3052 ] ] } },
{ "type": "Feature", "properties": { "faultType": "normal fault, certain" }, "geometry": { "type": "LineString", "coordinates": [ [ -97.6851, 30.3211 ], [ -97.6879, 30.3202 ] ] } },
{ "type": "Feature", "properties": { "faultType": "normal fault, certain" }, "geometry": { "type": "LineString", "coordinates": [ [ -98.2771, 30.3355 ], [ -98.279, 30.3315 ] ] } },
{ "type": "Feature", "properties": { "faultType": "normal fault, certain" }, "geometry": { "type": "LineString", "coordinates": [ [ -98.5655, 30.3357 ], [ -98.55, 30.3417 ], [ -98.5375, 30.3619 ] ] } },
{ "type": "Feature", "properties": { "faultType": "normal fault, certain" }, "geometry": { "type": "LineString", "coordinates": [ [ -103.3881, 30.2947 ], [ -103.3849, 30.2904 ] ] } },
{ "type": "Feature", "properties": { "faultType": "normal fault, certain" }, "geometry": { "type": "LineString", "coordinates": [ [ -97.6921, 30.319 ], [ -97.695, 30.319 ] ] } },
{ "type": "Feature", "properties": { "faultType": "normal fault, certain" }, "geometry": { "type": "LineString", "coordinates": [ [ -104.6267, 30.2417 ], [ -104.6504, 30.2841 ], [ -104.6715, 30.3547 ] ] } },
{ "type": "Feature", "properties": { "faultType": "normal fault, certain" }, "geometry": { "type": "LineString", "coordinates": [ [ -98.3855, 30.3314 ], [ -98.3803, 30.3338 ] ] } },
{ "type": "Feature", "properties": { "faultType": "normal fault, certain" }, "geometry": { "type": "LineString", "coordinates": [ [ -103.507, 30.2951 ], [ -103.4959, 30.2824 ] ] } },
{ "type": "Feature", "properties": { "faultType": "normal fault, certain" }, "geometry": { "type": "LineString", "coordinates": [ [ -103.5065, 30.2873 ], [ -103.4959, 30.2824 ] ] } },
{ "type": "Feature", "properties": { "faultType": "normal fault, certain" }, "geometry": { "type": "LineString", "coordinates": [ [ -98.3491, 30.334 ], [ -98.3591, 30.3274 ] ] } },
{ "type": "Feature", "properties": { "faultType": "normal fault, certain" }, "geometry": { "type": "LineString", "coordinates": [ [ -98.3556, 30.3368 ], [ -98.3591, 30.3274 ] ] } },
{ "type": "Feature", "properties": { "faultType": "normal fault, certain" }, "geometry": { "type": "LineString", "coordinates": [ [ -97.0495, 30.2984 ], [ -97.046, 30.3043 ] ] } },
{ "type": "Feature", "properties": { "faultType": "normal fault, certain" }, "geometry": { "type": "LineString", "coordinates": [ [ -97.7029, 30.3184 ], [ -97.7052, 30.3144 ] ] } },
{ "type": "Feature", "properties": { "faultType": "normal fault, certain" }, "geometry": { "type": "LineString", "coordinates": [ [ -98.5309, 30.3495 ], [ -98.5393, 30.3292 ] ] } },
{ "type": "Feature", "properties": { "faultType": "normal fault, certain" }, "geometry": { "type": "LineString", "coordinates": [ [ -98.2928, 30.3221 ], [ -98.2863, 30.3284 ] ] } },
{ "type": "Feature", "properties": { "faultType": "normal fault, certain" }, "geometry": { "type": "LineString", "coordinates": [ [ -104.1018, 30.2619 ], [ -104.0818, 30.2544 ] ] } },
{ "type": "Feature", "properties": { "faultType": "normal fault, certain" }, "geometry": { "type": "LineString", "coordinates": [ [ -104.0818, 30.2544 ], [ -104.1026, 30.2562 ] ] } },
{ "type": "Feature", "properties": { "faultType": "normal fault, certain" }, "geometry": { "type": "LineString", "coordinates": [ [ -104.0992, 30.2645 ], [ -104.0816, 30.2543 ] ] } },
{ "type": "Feature", "properties": { "faultType": "normal fault, certain" }, "geometry": { "type": "LineString", "coordinates": [ [ -104.0816, 30.2543 ], [ -104.0818, 30.2544 ] ] } },
{ "type": "Feature", "properties": { "faultType": "normal fault, certain" }, "geometry": { "type": "LineString", "coordinates": [ [ -104.0816, 30.2543 ], [ -104.0815, 30.2543 ] ] } },
{ "type": "Feature", "properties": { "faultType": "normal fault, certain" }, "geometry": { "type": "LineString", "coordinates": [ [ -104.0818, 30.2544 ], [ -104.0815, 30.2543 ] ] } },
{ "type": "Feature", "properties": { "faultType": "normal fault, certain" }, "geometry": { "type": "LineString", "coordinates": [ [ -104.0915, 30.27 ], [ -104.0816, 30.2543 ] ] } },
{ "type": "Feature", "properties": { "faultType": "normal fault, certain" }, "geometry": { "type": "LineString", "coordinates": [ [ -98.5433, 30.3666 ], [ -98.5896, 30.3234 ] ] } },
{ "type": "Feature", "properties": { "faultType": "normal fault, certain" }, "geometry": { "type": "LineString", "coordinates": [ [ -98.3897, 30.3274 ], [ -98.396, 30.3201 ] ] } },
{ "type": "Feature", "properties": { "faultType": "normal fault, certain" }, "geometry": { "type": "LineString", "coordinates": [ [ -104.0763, 30.2668 ], [ -104.0662, 30.2522 ] ] } },
{ "type": "Feature", "properties": { "faultType": "normal fault, certain" }, "geometry": { "type": "LineString", "coordinates": [ [ -104.091, 30.2741 ], [ -104.0662, 30.2522 ] ] } },
{ "type": "Feature", "properties": { "faultType": "normal fault, certain" }, "geometry": { "type": "LineString", "coordinates": [ [ -98.3264, 30.3248 ], [ -98.3344, 30.317 ] ] } },
{ "type": "Feature", "properties": { "faultType": "normal fault, certain" }, "geometry": { "type": "LineString", "coordinates": [ [ -104.6676, 30.2482 ], [ -104.6638, 30.2254 ] ] } },
{ "type": "Feature", "properties": { "faultType": "normal fault, certain" }, "geometry": { "type": "LineString", "coordinates": [ [ -97.0495, 30.2984 ], [ -97.0902, 30.2876 ] ] } },
{ "type": "Feature", "properties": { "faultType": "normal fault, certain" }, "geometry": { "type": "LineString", "coordinates": [ [ -97.0761, 30.3031 ], [ -97.0902, 30.2876 ] ] } },
{ "type": "Feature", "properties": { "faultType": "normal fault, certain" }, "geometry": { "type": "LineString", "coordinates": [ [ -98.327, 30.3322 ], [ -98.3401, 30.3143 ] ] } },
{ "type": "Feature", "properties": { "faultType": "normal fault, certain" }, "geometry": { "type": "LineString", "coordinates": [ [ -98.3567, 30.3146 ], [ -98.3412, 30.3314 ] ] } },
{ "type": "Feature", "properties": { "faultType": "normal fault, certain" }, "geometry": { "type": "LineString", "coordinates": [ [ -98.3016, 30.3136 ], [ -98.2954, 30.3207 ] ] } },
{ "type": "Feature", "properties": { "faultType": "normal fault, certain" }, "geometry": { "type": "LineString", "coordinates": [ [ -97.0603, 30.2857 ], [ -97.0495, 30.2984 ] ] } },
{ "type": "Feature", "properties": { "faultType": "normal fault, certain" }, "geometry": { "type": "LineString", "coordinates": [ [ -104.5951, 30.2251 ], [ -104.6069, 30.2474 ], [ -104.6072, 30.2817 ] ] } },
{ "type": "Feature", "properties": { "faultType": "normal fault, certain" }, "geometry": { "type": "LineString", "coordinates": [ [ -104.5911, 30.2243 ], [ -104.5951, 30.2251 ] ] } },
{ "type": "Feature", "properties": { "faultType": "normal fault, certain" }, "geometry": { "type": "LineString", "coordinates": [ [ -98.3423, 30.3264 ], [ -98.3519, 30.3116 ] ] } },
{ "type": "Feature", "properties": { "faultType": "normal fault, certain" }, "geometry": { "type": "LineString", "coordinates": [ [ -103.48, 30.2868 ], [ -103.4852, 30.2636 ] ] } },
{ "type": "Feature", "properties": { "faultType": "normal fault, certain" }, "geometry": { "type": "LineString", "coordinates": [ [ -103.4959, 30.2824 ], [ -103.4852, 30.2636 ] ] } },
{ "type": "Feature", "properties": { "faultType": "normal fault, certain" }, "geometry": { "type": "LineString", "coordinates": [ [ -104.6867, 30.2644 ], [ -104.6756, 30.2156 ] ] } },
{ "type": "Feature", "properties": { "faultType": "normal fault, certain" }, "geometry": { "type": "LineString", "coordinates": [ [ -104.0662, 30.2522 ], [ -104.0653, 30.2407 ] ] } },
{ "type": "Feature", "properties": { "faultType": "normal fault, certain" }, "geometry": { "type": "LineString", "coordinates": [ [ -98.3591, 30.3274 ], [ -98.3667, 30.3063 ] ] } },
{ "type": "Feature", "properties": { "faultType": "thrust fault, certain" }, "geometry": { "type": "LineString", "coordinates": [ [ -103.0082, 30.3075 ], [ -103.0181, 30.273 ] ] } },
{ "type": "Feature", "properties": { "faultType": "normal fault, certain" }, "geometry": { "type": "LineString", "coordinates": [ [ -98.3849, 30.304 ], [ -98.3556, 30.3368 ] ] } },
{ "type": "Feature", "properties": { "faultType": "normal fault, certain" }, "geometry": { "type": "LineString", "coordinates": [ [ -97.7561, 30.3312 ], [ -97.7574, 30.2922 ] ] } },
{ "type": "Feature", "properties": { "faultType": "normal fault, certain" }, "geometry": { "type": "LineString", "coordinates": [ [ -98.4129, 30.3158 ], [ -98.4315, 30.3038 ] ] } },
{ "type": "Feature", "properties": { "faultType": "normal fault, certain" }, "geometry": { "type": "LineString", "coordinates": [ [ -98.3016, 30.3136 ], [ -98.3098, 30.3007 ] ] } },
{ "type": "Feature", "properties": { "faultType": "normal fault, certain" }, "geometry": { "type": "LineString", "coordinates": [ [ -97.0902, 30.2876 ], [ -97.1163, 30.2743 ] ] } },
{ "type": "Feature", "properties": { "faultType": "normal fault, certain" }, "geometry": { "type": "LineString", "coordinates": [ [ -97.0988, 30.2841 ], [ -97.1163, 30.2743 ] ] } },
{ "type": "Feature", "properties": { "faultType": "normal fault, certain" }, "geometry": { "type": "LineString", "coordinates": [ [ -103.3634, 30.2593 ], [ -103.3528, 30.2631 ] ] } },
{ "type": "Feature", "properties": { "faultType": "normal fault, certain" }, "geometry": { "type": "LineString", "coordinates": [ [ -103.3639, 30.2649 ], [ -103.3634, 30.2593 ] ] } },
{ "type": "Feature", "properties": { "faultType": "normal fault, certain" }, "geometry": { "type": "LineString", "coordinates": [ [ -104.6016, 30.2099 ], [ -104.5951, 30.2251 ] ] } },
{ "type": "Feature", "properties": { "faultType": "normal fault, certain" }, "geometry": { "type": "LineString", "coordinates": [ [ -98.4994, 30.3001 ], [ -98.4416, 30.372 ] ] } },
{ "type": "Feature", "properties": { "faultType": "normal fault, certain" }, "geometry": { "type": "LineString", "coordinates": [ [ -97.096, 30.2773 ], [ -97.1039, 30.2707 ] ] } },
{ "type": "Feature", "properties": { "faultType": "normal fault, certain" }, "geometry": { "type": "LineString", "coordinates": [ [ -103.4852, 30.2636 ], [ -103.4813, 30.2527 ] ] } },
{ "type": "Feature", "properties": { "faultType": "normal fault, certain" }, "geometry": { "type": "LineString", "coordinates": [ [ -98.475, 30.3033 ], [ -98.4827, 30.2992 ] ] } },
{ "type": "Feature", "properties": { "faultType": "normal fault, certain" }, "geometry": { "type": "LineString", "coordinates": [ [ -98.4994, 30.3001 ], [ -98.509, 30.2993 ] ] } },
{ "type": "Feature", "properties": { "faultType": "normal fault, certain" }, "geometry": { "type": "LineString", "coordinates": [ [ -98.5105, 30.3049 ], [ -98.509, 30.2993 ] ] } },
{ "type": "Feature", "properties": { "faultType": "normal fault, certain" }, "geometry": { "type": "LineString", "coordinates": [ [ -104.202, 30.2243 ], [ -104.2119, 30.2352 ] ] } },
{ "type": "Feature", "properties": { "faultType": "normal fault, certain" }, "geometry": { "type": "LineString", "coordinates": [ [ -103.4813, 30.2527 ], [ -103.4663, 30.2498 ] ] } },
{ "type": "Feature", "properties": { "faultType": "normal fault, certain" }, "geometry": { "type": "LineString", "coordinates": [ [ -98.5067, 30.2905 ], [ -98.4994, 30.3001 ] ] } },
{ "type": "Feature", "properties": { "faultType": "normal fault, certain" }, "geometry": { "type": "LineString", "coordinates": [ [ -98.509, 30.2993 ], [ -98.5067, 30.2905 ] ] } },
{ "type": "Feature", "properties": { "faultType": "normal fault, certain" }, "geometry": { "type": "LineString", "coordinates": [ [ -97.1163, 30.2743 ], [ -97.1317, 30.2618 ] ] } },
{ "type": "Feature", "properties": { "faultType": "normal fault, certain" }, "geometry": { "type": "LineString", "coordinates": [ [ -97.1092, 30.3189 ], [ -97.1284, 30.2904 ], [ -97.1317, 30.2618 ] ] } },
{ "type": "Feature", "properties": { "faultType": "normal fault, certain" }, "geometry": { "type": "LineString", "coordinates": [ [ -104.6756, 30.2156 ], [ -104.671, 30.1964 ] ] } },
{ "type": "Feature", "properties": { "faultType": "normal fault, certain" }, "geometry": { "type": "LineString", "coordinates": [ [ -104.6912, 30.2153 ], [ -104.6866, 30.195 ], [ -104.7069, 30.2333 ] ] } },
{ "type": "Feature", "properties": { "faultType": "normal fault, certain" }, "geometry": { "type": "LineString", "coordinates": [ [ -103.3755, 30.2554 ], [ -103.3724, 30.2424 ] ] } },
{ "type": "Feature", "properties": { "faultType": "normal fault, certain" }, "geometry": { "type": "LineString", "coordinates": [ [ -103.3634, 30.2593 ], [ -103.357, 30.2424 ] ] } },
{ "type": "Feature", "properties": { "faultType": "normal fault, certain" }, "geometry": { "type": "LineString", "coordinates": [ [ -98.4059, 30.3 ], [ -98.4168, 30.284 ] ] } },
{ "type": "Feature", "properties": { "faultType": "normal fault, certain" }, "geometry": { "type": "LineString", "coordinates": [ [ -104.6123, 30.1937 ], [ -104.6217, 30.2309 ] ] } },
{ "type": "Feature", "properties": { "faultType": "normal fault, certain" }, "geometry": { "type": "LineString", "coordinates": [ [ -97.7385, 30.2996 ], [ -97.7513, 30.2691 ] ] } },
{ "type": "Feature", "properties": { "faultType": "normal fault, certain" }, "geometry": { "type": "LineString", "coordinates": [ [ -104.5599, 30.1937 ], [ -104.5766, 30.217 ] ] } },
{ "type": "Feature", "properties": { "faultType": "normal fault, certain" }, "geometry": { "type": "LineString", "coordinates": [ [ -104.5816, 30.2157 ], [ -104.5746, 30.193 ] ] } },
{ "type": "Feature", "properties": { "faultType": "normal fault, certain" }, "geometry": { "type": "LineString", "coordinates": [ [ -104.5985, 30.1917 ], [ -104.6016, 30.2099 ] ] } },
{ "type": "Feature", "properties": { "faultType": "normal fault, certain" }, "geometry": { "type": "LineString", "coordinates": [ [ -104.6123, 30.1937 ], [ -104.5985, 30.1917 ] ] } },
{ "type": "Feature", "properties": { "faultType": "normal fault, certain" }, "geometry": { "type": "LineString", "coordinates": [ [ -98.3146, 30.2946 ], [ -98.3348, 30.279 ] ] } },
{ "type": "Feature", "properties": { "faultType": "normal fault, certain" }, "geometry": { "type": "LineString", "coordinates": [ [ -98.3523, 30.2791 ], [ -98.3016, 30.3136 ] ] } },
{ "type": "Feature", "properties": { "faultType": "normal fault, certain" }, "geometry": { "type": "LineString", "coordinates": [ [ -98.3523, 30.2791 ], [ -98.333, 30.2919 ], [ -98.3212, 30.3211 ] ] } },
{ "type": "Feature", "properties": { "faultType": "normal fault, certain" }, "geometry": { "type": "LineString", "coordinates": [ [ -98.5423, 30.2806 ], [ -98.5401, 30.2827 ] ] } },
{ "type": "Feature", "properties": { "faultType": "normal fault, certain" }, "geometry": { "type": "LineString", "coordinates": [ [ -97.7373, 30.2943 ], [ -97.7427, 30.2664 ] ] } },
{ "type": "Feature", "properties": { "faultType": "normal fault, certain" }, "geometry": { "type": "LineString", "coordinates": [ [ -104.5746, 30.193 ], [ -104.5712, 30.1885 ] ] } },
{ "type": "Feature", "properties": { "faultType": "normal fault, certain" }, "geometry": { "type": "LineString", "coordinates": [ [ -98.5465, 30.285 ], [ -98.595, 30.2789 ] ] } },
{ "type": "Feature", "properties": { "faultType": "normal fault, certain" }, "geometry": { "type": "LineString", "coordinates": [ [ -98.5423, 30.2806 ], [ -98.5162, 30.28 ], [ -98.5067, 30.2905 ] ] } },
{ "type": "Feature", "properties": { "faultType": "normal fault, certain" }, "geometry": { "type": "LineString", "coordinates": [ [ -103.0181, 30.273 ], [ -103.0269, 30.2437 ] ] } },
{ "type": "Feature", "properties": { "faultType": "normal fault, certain" }, "geometry": { "type": "LineString", "coordinates": [ [ -97.7899, 30.2927 ], [ -97.8174, 30.2634 ] ] } },
{ "type": "Feature", "properties": { "faultType": "normal fault, certain" }, "geometry": { "type": "LineString", "coordinates": [ [ -98.3624, 30.2721 ], [ -98.3523, 30.2791 ] ] } },
{ "type": "Feature", "properties": { "faultType": "normal fault, certain" }, "geometry": { "type": "LineString", "coordinates": [ [ -97.7853, 30.2848 ], [ -97.8123, 30.2617 ] ] } },
{ "type": "Feature", "properties": { "faultType": "normal fault, certain" }, "geometry": { "type": "LineString", "coordinates": [ [ -97.8174, 30.2634 ], [ -97.8123, 30.2617 ] ] } },
{ "type": "Feature", "properties": { "faultType": "normal fault, certain" }, "geometry": { "type": "LineString", "coordinates": [ [ -97.8123, 30.2617 ], [ -97.8115, 30.2613 ] ] } },
{ "type": "Feature", "properties": { "faultType": "normal fault, certain" }, "geometry": { "type": "LineString", "coordinates": [ [ -97.8174, 30.2634 ], [ -97.8217, 30.2603 ] ] } },
{ "type": "Feature", "properties": { "faultType": "normal fault, certain" }, "geometry": { "type": "LineString", "coordinates": [ [ -97.1892, 30.2794 ], [ -97.175, 30.2442 ] ] } },
{ "type": "Feature", "properties": { "faultType": "normal fault, certain" }, "geometry": { "type": "LineString", "coordinates": [ [ -97.7615, 30.2571 ], [ -97.7521, 30.2593 ] ] } },
{ "type": "Feature", "properties": { "faultType": "normal fault, certain" }, "geometry": { "type": "LineString", "coordinates": [ [ -97.7583, 30.262 ], [ -97.7615, 30.2571 ] ] } },
{ "type": "Feature", "properties": { "faultType": "normal fault, certain" }, "geometry": { "type": "LineString", "coordinates": [ [ -98.549, 30.2708 ], [ -98.5423, 30.2806 ] ] } },
{ "type": "Feature", "properties": { "faultType": "normal fault, certain" }, "geometry": { "type": "LineString", "coordinates": [ [ -98.549, 30.2708 ], [ -98.5635, 30.2715 ] ] } },
{ "type": "Feature", "properties": { "faultType": "normal fault, certain" }, "geometry": { "type": "LineString", "coordinates": [ [ -98.5289, 30.2762 ], [ -98.5422, 30.2704 ] ] } },
{ "type": "Feature", "properties": { "faultType": "normal fault, certain" }, "geometry": { "type": "LineString", "coordinates": [ [ -98.5422, 30.2704 ], [ -98.549, 30.2708 ] ] } },
{ "type": "Feature", "properties": { "faultType": "normal fault, certain" }, "geometry": { "type": "LineString", "coordinates": [ [ -98.5067, 30.2905 ], [ -98.5183, 30.2727 ], [ -98.5422, 30.2704 ] ] } },
{ "type": "Feature", "properties": { "faultType": "normal fault, certain" }, "geometry": { "type": "LineString", "coordinates": [ [ -98.5422, 30.2704 ], [ -98.5514, 30.2681 ] ] } },
{ "type": "Feature", "properties": { "faultType": "normal fault, certain" }, "geometry": { "type": "LineString", "coordinates": [ [ -98.5514, 30.2681 ], [ -98.549, 30.2708 ] ] } },
{ "type": "Feature", "properties": { "faultType": "normal fault, certain" }, "geometry": { "type": "LineString", "coordinates": [ [ -97.8115, 30.2613 ], [ -97.8137, 30.2534 ] ] } },
{ "type": "Feature", "properties": { "faultType": "normal fault, certain" }, "geometry": { "type": "LineString", "coordinates": [ [ -104.5746, 30.193 ], [ -104.5798, 30.1741 ] ] } },
{ "type": "Feature", "properties": { "faultType": "normal fault, certain" }, "geometry": { "type": "LineString", "coordinates": [ [ -104.5798, 30.1741 ], [ -104.5985, 30.1917 ] ] } },
{ "type": "Feature", "properties": { "faultType": "normal fault, certain" }, "geometry": { "type": "LineString", "coordinates": [ [ -104.614, 30.1715 ], [ -104.6123, 30.1937 ] ] } },
{ "type": "Feature", "properties": { "faultType": "normal fault, certain" }, "geometry": { "type": "LineString", "coordinates": [ [ -97.7819, 30.2799 ], [ -97.813, 30.2504 ] ] } },
{ "type": "Feature", "properties": { "faultType": "normal fault, certain" }, "geometry": { "type": "LineString", "coordinates": [ [ -97.8137, 30.2534 ], [ -97.813, 30.2504 ] ] } },
{ "type": "Feature", "properties": { "faultType": "normal fault, certain" }, "geometry": { "type": "LineString", "coordinates": [ [ -97.0953, 30.2657 ], [ -97.1403, 30.2339 ] ] } },
{ "type": "Feature", "properties": { "faultType": "normal fault, certain" }, "geometry": { "type": "LineString", "coordinates": [ [ -97.1317, 30.2618 ], [ -97.1403, 30.2339 ] ] } },
{ "type": "Feature", "properties": { "faultType": "normal fault, certain" }, "geometry": { "type": "LineString", "coordinates": [ [ -104.6798, 30.2096 ], [ -104.6692, 30.168 ] ] } },
{ "type": "Feature", "properties": { "faultType": "normal fault, certain" }, "geometry": { "type": "LineString", "coordinates": [ [ -103.6714, 30.2222 ], [ -103.662, 30.2079 ] ] } },
{ "type": "Feature", "properties": { "faultType": "normal fault, certain" }, "geometry": { "type": "LineString", "coordinates": [ [ -103.4712, 30.2494 ], [ -103.4604, 30.2141 ] ] } },
{ "type": "Feature", "properties": { "faultType": "normal fault, certain" }, "geometry": { "type": "LineString", "coordinates": [ [ -98.5612, 30.261 ], [ -98.5514, 30.2681 ] ] } },
{ "type": "Feature", "properties": { "faultType": "normal fault, certain" }, "geometry": { "type": "LineString", "coordinates": [ [ -103.4813, 30.2527 ], [ -103.4864, 30.2128 ] ] } },
{ "type": "Feature", "properties": { "faultType": "normal fault, certain" }, "geometry": { "type": "LineString", "coordinates": [ [ -104.604, 30.1693 ], [ -104.6046, 30.1796 ] ] } },
{ "type": "Feature", "properties": { "faultType": "normal fault, certain" }, "geometry": { "type": "LineString", "coordinates": [ [ -97.7697, 30.2611 ], [ -97.7812, 30.2463 ] ] } },
{ "type": "Feature", "properties": { "faultType": "normal fault, certain" }, "geometry": { "type": "LineString", "coordinates": [ [ -97.8218, 30.2471 ], [ -97.8137, 30.2534 ] ] } },
{ "type": "Feature", "properties": { "faultType": "normal fault, certain" }, "geometry": { "type": "LineString", "coordinates": [ [ -97.8227, 30.2561 ], [ -97.8218, 30.2471 ] ] } },
{ "type": "Feature", "properties": { "faultType": "normal fault, certain" }, "geometry": { "type": "LineString", "coordinates": [ [ -99.7705, 30.2718 ], [ -99.7942, 30.2692 ] ] } },
{ "type": "Feature", "properties": { "faultType": "normal fault, certain" }, "geometry": { "type": "LineString", "coordinates": [ [ -97.7863, 30.2656 ], [ -97.8033, 30.246 ] ] } },
{ "type": "Feature", "properties": { "faultType": "normal fault, certain" }, "geometry": { "type": "LineString", "coordinates": [ [ -104.5733, 30.167 ], [ -104.574, 30.1777 ] ] } },
{ "type": "Feature", "properties": { "faultType": "normal fault, certain" }, "geometry": { "type": "LineString", "coordinates": [ [ -104.5733, 30.167 ], [ -104.5798, 30.1741 ] ] } },
{ "type": "Feature", "properties": { "faultType": "normal fault, certain" }, "geometry": { "type": "LineString", "coordinates": [ [ -97.114, 30.2269 ], [ -97.0603, 30.2857 ] ] } },
{ "type": "Feature", "properties": { "faultType": "normal fault, certain" }, "geometry": { "type": "LineString", "coordinates": [ [ -97.7615, 30.2571 ], [ -97.7817, 30.2411 ] ] } },
{ "type": "Feature", "properties": { "faultType": "normal fault, certain" }, "geometry": { "type": "LineString", "coordinates": [ [ -104.6559, 30.1608 ], [ -104.6692, 30.168 ] ] } },
{ "type": "Feature", "properties": { "faultType": "normal fault, certain" }, "geometry": { "type": "LineString", "coordinates": [ [ -97.8218, 30.2471 ], [ -97.822, 30.2391 ] ] } },
{ "type": "Feature", "properties": { "faultType": "normal fault, certain" }, "geometry": { "type": "LineString", "coordinates": [ [ -104.5979, 30.1598 ], [ -104.604, 30.1693 ] ] } },
{ "type": "Feature", "properties": { "faultType": "normal fault, certain" }, "geometry": { "type": "LineString", "coordinates": [ [ -97.7727, 30.2632 ], [ -97.8048, 30.2373 ] ] } },
{ "type": "Feature", "properties": { "faultType": "normal fault, certain" }, "geometry": { "type": "LineString", "coordinates": [ [ -104.1704, 30.2035 ], [ -104.1128, 30.179 ] ] } },
{ "type": "Feature", "properties": { "faultType": "normal fault, certain" }, "geometry": { "type": "LineString", "coordinates": [ [ -97.7504, 30.2584 ], [ -97.7795, 30.2356 ] ] } },
{ "type": "Feature", "properties": { "faultType": "normal fault, certain" }, "geometry": { "type": "LineString", "coordinates": [ [ -98.7104, 30.2744 ], [ -98.7308, 30.2511 ] ] } },
{ "type": "Feature", "properties": { "faultType": "normal fault, certain" }, "geometry": { "type": "LineString", "coordinates": [ [ -98.7033, 30.2689 ], [ -98.7141, 30.2508 ] ] } },
{ "type": "Feature", "properties": { "faultType": "normal fault, certain" }, "geometry": { "type": "LineString", "coordinates": [ [ -96.7817, 30.2089 ], [ -96.7565, 30.2407 ] ] } },
{ "type": "Feature", "properties": { "faultType": "normal fault, certain" }, "geometry": { "type": "LineString", "coordinates": [ [ -103.6341, 30.192 ], [ -103.6489, 30.2054 ] ] } },
{ "type": "Feature", "properties": { "faultType": "normal fault, certain" }, "geometry": { "type": "LineString", "coordinates": [ [ -104.1697, 30.1707 ], [ -104.197, 30.2009 ] ] } },
{ "type": "Feature", "properties": { "faultType": "normal fault, certain" }, "geometry": { "type": "LineString", "coordinates": [ [ -104.6254, 30.1477 ], [ -104.614, 30.1715 ] ] } },
{ "type": "Feature", "properties": { "faultType": "normal fault, certain" }, "geometry": { "type": "LineString", "coordinates": [ [ -97.8108, 30.2301 ], [ -97.8158, 30.2263 ] ] } },
{ "type": "Feature", "properties": { "faultType": "normal fault, certain" }, "geometry": { "type": "LineString", "coordinates": [ [ -104.638, 30.1448 ], [ -104.6254, 30.1477 ] ] } },
{ "type": "Feature", "properties": { "faultType": "normal fault, certain" }, "geometry": { "type": "LineString", "coordinates": [ [ -97.8175, 30.2188 ], [ -97.8092, 30.2292 ] ] } },
{ "type": "Feature", "properties": { "faultType": "normal fault, certain" }, "geometry": { "type": "LineString", "coordinates": [ [ -104.4485, 30.1544 ], [ -104.429, 30.1476 ] ] } },
{ "type": "Feature", "properties": { "faultType": "normal fault, certain" }, "geometry": { "type": "LineString", "coordinates": [ [ -104.663, 30.1489 ], [ -104.6472, 30.1369 ] ] } },
{ "type": "Feature", "properties": { "faultType": "normal fault, certain" }, "geometry": { "type": "LineString", "coordinates": [ [ -97.8175, 30.2188 ], [ -97.8268, 30.2169 ] ] } },
{ "type": "Feature", "properties": { "faultType": "normal fault, certain" }, "geometry": { "type": "LineString", "coordinates": [ [ -97.8183, 30.2244 ], [ -97.8268, 30.2169 ] ] } },
{ "type": "Feature", "properties": { "faultType": "normal fault, certain" }, "geometry": { "type": "LineString", "coordinates": [ [ -104.163, 30.1753 ], [ -104.1312, 30.1566 ] ] } },
{ "type": "Feature", "properties": { "faultType": "normal fault, certain" }, "geometry": { "type": "LineString", "coordinates": [ [ -103.6725, 30.1877 ], [ -103.6492, 30.1734 ] ] } },
{ "type": "Feature", "properties": { "faultType": "normal fault, certain" }, "geometry": { "type": "LineString", "coordinates": [ [ -104.5834, 30.1656 ], [ -104.575, 30.1362 ] ] } },
{ "type": "Feature", "properties": { "faultType": "normal fault, certain" }, "geometry": { "type": "LineString", "coordinates": [ [ -104.0308, 30.1586 ], [ -104.0614, 30.1695 ], [ -104.0651, 30.1833 ] ] } },
{ "type": "Feature", "properties": { "faultType": "normal fault, certain" }, "geometry": { "type": "LineString", "coordinates": [ [ -104.6264, 30.1327 ], [ -104.6254, 30.1477 ] ] } },
{ "type": "Feature", "properties": { "faultType": "normal fault, certain" }, "geometry": { "type": "LineString", "coordinates": [ [ -104.6609, 30.1284 ], [ -104.6692, 30.168 ] ] } },
{ "type": "Feature", "properties": { "faultType": "normal fault, certain" }, "geometry": { "type": "LineString", "coordinates": [ [ -97.7977, 30.2166 ], [ -97.8156, 30.2076 ] ] } },
{ "type": "Feature", "properties": { "faultType": "normal fault, certain" }, "geometry": { "type": "LineString", "coordinates": [ [ -97.8061, 30.2175 ], [ -97.8156, 30.2076 ] ] } },
{ "type": "Feature", "properties": { "faultType": "normal fault, certain" }, "geometry": { "type": "LineString", "coordinates": [ [ -104.5959, 30.1234 ], [ -104.604, 30.1693 ] ] } },
{ "type": "Feature", "properties": { "faultType": "normal fault, certain" }, "geometry": { "type": "LineString", "coordinates": [ [ -97.8723, 30.2311 ], [ -97.8993, 30.2028 ] ] } },
{ "type": "Feature", "properties": { "faultType": "thrust fault, certain" }, "geometry": { "type": "LineString", "coordinates": [ [ -102.9554, 30.2328 ], [ -102.9994, 30.1793 ] ] } },
{ "type": "Feature", "properties": { "faultType": "normal fault, certain" }, "geometry": { "type": "LineString", "coordinates": [ [ -97.0819, 30.181 ], [ -97.0607, 30.2277 ], [ -97.0603, 30.2857 ] ] } },
{ "type": "Feature", "properties": { "faultType": "thrust fault, certain" }, "geometry": { "type": "LineString", "coordinates": [ [ -103.2528, 30.1925 ], [ -103.2863, 30.1687 ] ] } },
{ "type": "Feature", "properties": { "faultType": "normal fault, certain" }, "geometry": { "type": "LineString", "coordinates": [ [ -103.1199, 30.18 ], [ -103.1195, 30.17 ] ] } },
{ "type": "Feature", "properties": { "faultType": "normal fault, certain" }, "geometry": { "type": "LineString", "coordinates": [ [ -97.1019, 30.1753 ], [ -97.0726, 30.2301 ] ] } },
{ "type": "Feature", "properties": { "faultType": "normal fault, certain" }, "geometry": { "type": "LineString", "coordinates": [ [ -97.1019, 30.1753 ], [ -97.1045, 30.1852 ] ] } },
{ "type": "Feature", "properties": { "faultType": "normal fault, approximate" }, "geometry": { "type": "LineString", "coordinates": [ [ -103.3404, 30.1668 ], [ -103.3367, 30.1617 ] ] } },
{ "type": "Feature", "properties": { "faultType": "normal fault, certain" }, "geometry": { "type": "LineString", "coordinates": [ [ -97.8483, 30.1927 ], [ -97.8175, 30.2188 ] ] } },
{ "type": "Feature", "properties": { "faultType": "normal fault, certain" }, "geometry": { "type": "LineString", "coordinates": [ [ -97.8268, 30.2169 ], [ -97.8483, 30.1927 ] ] } },
{ "type": "Feature", "properties": { "faultType": "normal fault, certain" }, "geometry": { "type": "LineString", "coordinates": [ [ -103.3968, 30.1594 ], [ -103.3696, 30.1834 ] ] } },
{ "type": "Feature", "properties": { "faultType": "normal fault, certain" }, "geometry": { "type": "LineString", "coordinates": [ [ -97.7657, 30.3283 ], [ -97.8969, 30.1925 ] ] } },
{ "type": "Feature", "properties": { "faultType": "normal fault, certain" }, "geometry": { "type": "LineString", "coordinates": [ [ -104.0635, 30.133 ], [ -104.0856, 30.1436 ] ] } },
{ "type": "Feature", "properties": { "faultType": "normal fault, certain" }, "geometry": { "type": "LineString", "coordinates": [ [ -97.101, 30.1714 ], [ -97.1019, 30.1753 ] ] } },
{ "type": "Feature", "properties": { "faultType": "normal fault, certain" }, "geometry": { "type": "LineString", "coordinates": [ [ -97.8153, 30.2135 ], [ -97.8411, 30.1891 ] ] } },
{ "type": "Feature", "properties": { "faultType": "normal fault, certain" }, "geometry": { "type": "LineString", "coordinates": [ [ -97.8993, 30.2028 ], [ -97.9193, 30.1897 ] ] } },
{ "type": "Feature", "properties": { "faultType": "normal fault, certain" }, "geometry": { "type": "LineString", "coordinates": [ [ -103.4688, 30.201 ], [ -103.4893, 30.1515 ] ] } },
{ "type": "Feature", "properties": { "faultType": "normal fault, certain" }, "geometry": { "type": "LineString", "coordinates": [ [ -103.1863, 30.1677 ], [ -103.1806, 30.1606 ] ] } },
{ "type": "Feature", "properties": { "faultType": "normal fault, certain" }, "geometry": { "type": "LineString", "coordinates": [ [ -97.8156, 30.2076 ], [ -97.8372, 30.1855 ] ] } },
{ "type": "Feature", "properties": { "faultType": "normal fault, certain" }, "geometry": { "type": "LineString", "coordinates": [ [ -103.1898, 30.1674 ], [ -103.1825, 30.1586 ] ] } },
{ "type": "Feature", "properties": { "faultType": "thrust fault, certain" }, "geometry": { "type": "LineString", "coordinates": [ [ -103.297, 30.1646 ], [ -103.3206, 30.1503 ] ] } },
{ "type": "Feature", "properties": { "faultType": "normal fault, certain" }, "geometry": { "type": "LineString", "coordinates": [ [ -97.8411, 30.1891 ], [ -97.8528, 30.1809 ] ] } },
{ "type": "Feature", "properties": { "faultType": "normal fault, certain" }, "geometry": { "type": "LineString", "coordinates": [ [ -97.8483, 30.1927 ], [ -97.8528, 30.1809 ] ] } },
{ "type": "Feature", "properties": { "faultType": "normal fault, certain" }, "geometry": { "type": "LineString", "coordinates": [ [ -103.1968, 30.1623 ], [ -103.1893, 30.1528 ] ] } },
{ "type": "Feature", "properties": { "faultType": "normal fault, certain" }, "geometry": { "type": "LineString", "coordinates": [ [ -104.5596, 30.1472 ], [ -104.5523, 30.1294 ], [ -104.5577, 30.0994 ] ] } },
{ "type": "Feature", "properties": { "faultType": "normal fault, certain" }, "geometry": { "type": "LineString", "coordinates": [ [ -103.3367, 30.1617 ], [ -103.3173, 30.1452 ] ] } },
{ "type": "Feature", "properties": { "faultType": "normal fault, certain" }, "geometry": { "type": "LineString", "coordinates": [ [ -103.1634, 30.1561 ], [ -103.1588, 30.1485 ] ] } },
{ "type": "Feature", "properties": { "faultType": "normal fault, certain" }, "geometry": { "type": "LineString", "coordinates": [ [ -97.1365, 30.1568 ], [ -97.0891, 30.2025 ] ] } },
{ "type": "Feature", "properties": { "faultType": "normal fault, certain" }, "geometry": { "type": "LineString", "coordinates": [ [ -103.329, 30.1498 ], [ -103.3215, 30.1416 ] ] } },
{ "type": "Feature", "properties": { "faultType": "normal fault, certain" }, "geometry": { "type": "LineString", "coordinates": [ [ -97.8528, 30.1809 ], [ -97.8628, 30.1725 ] ] } },
{ "type": "Feature", "properties": { "faultType": "normal fault, certain" }, "geometry": { "type": "LineString", "coordinates": [ [ -104.6074, 30.0926 ], [ -104.618, 30.1434 ], [ -104.614, 30.1715 ] ] } },
{ "type": "Feature", "properties": { "faultType": "normal fault, certain" }, "geometry": { "type": "LineString", "coordinates": [ [ -104.5741, 30.0936 ], [ -104.5733, 30.167 ] ] } },
{ "type": "Feature", "properties": { "faultType": "normal fault, certain" }, "geometry": { "type": "LineString", "coordinates": [ [ -97.8157, 30.1844 ], [ -97.829, 30.168 ] ] } },
{ "type": "Feature", "properties": { "faultType": "normal fault, certain" }, "geometry": { "type": "LineString", "coordinates": [ [ -103.4621, 30.1368 ], [ -103.4654, 30.133 ] ] } },
{ "type": "Feature", "properties": { "faultType": "normal fault, certain" }, "geometry": { "type": "LineString", "coordinates": [ [ -103.4662, 30.1364 ], [ -103.4654, 30.133 ] ] } },
{ "type": "Feature", "properties": { "faultType": "normal fault, certain" }, "geometry": { "type": "LineString", "coordinates": [ [ -103.3215, 30.1416 ], [ -103.3153, 30.1344 ] ] } },
{ "type": "Feature", "properties": { "faultType": "normal fault, certain" }, "geometry": { "type": "LineString", "coordinates": [ [ -97.8411, 30.1891 ], [ -97.8589, 30.1638 ] ] } },
{ "type": "Feature", "properties": { "faultType": "normal fault, certain" }, "geometry": { "type": "LineString", "coordinates": [ [ -97.8576, 30.1703 ], [ -97.8589, 30.1638 ] ] } },
{ "type": "Feature", "properties": { "faultType": "normal fault, certain" }, "geometry": { "type": "LineString", "coordinates": [ [ -104.5577, 30.0994 ], [ -104.5711, 30.0845 ] ] } },
{ "type": "Feature", "properties": { "faultType": "normal fault, certain" }, "geometry": { "type": "LineString", "coordinates": [ [ -104.5754, 30.0834 ], [ -104.5741, 30.0936 ] ] } },
{ "type": "Feature", "properties": { "faultType": "normal fault, certain" }, "geometry": { "type": "LineString", "coordinates": [ [ -104.5754, 30.0834 ], [ -104.5834, 30.0839 ], [ -104.5741, 30.0936 ] ] } },
{ "type": "Feature", "properties": { "faultType": "normal fault, certain" }, "geometry": { "type": "LineString", "coordinates": [ [ -97.9165, 30.1795 ], [ -97.9286, 30.1614 ] ] } },
{ "type": "Feature", "properties": { "faultType": "normal fault, certain" }, "geometry": { "type": "LineString", "coordinates": [ [ -103.4031, 30.1399 ], [ -103.4132, 30.1245 ] ] } },
{ "type": "Feature", "properties": { "faultType": "normal fault, certain" }, "geometry": { "type": "LineString", "coordinates": [ [ -103.1291, 30.1332 ], [ -103.1079, 30.1518 ] ] } },
{ "type": "Feature", "properties": { "faultType": "normal fault, certain" }, "geometry": { "type": "LineString", "coordinates": [ [ -97.1319, 30.1381 ], [ -97.101, 30.1714 ] ] } },
{ "type": "Feature", "properties": { "faultType": "normal fault, certain" }, "geometry": { "type": "LineString", "coordinates": [ [ -97.9193, 30.1897 ], [ -97.9545, 30.1565 ] ] } },
{ "type": "Feature", "properties": { "faultType": "normal fault, certain" }, "geometry": { "type": "LineString", "coordinates": [ [ -97.9193, 30.1897 ], [ -97.9545, 30.1565 ] ] } },
{ "type": "Feature", "properties": { "faultType": "normal fault, certain" }, "geometry": { "type": "LineString", "coordinates": [ [ -104.576, 30.0762 ], [ -104.5754, 30.0834 ] ] } },
{ "type": "Feature", "properties": { "faultType": "normal fault, certain" }, "geometry": { "type": "LineString", "coordinates": [ [ -104.5612, 30.0745 ], [ -104.5577, 30.0994 ] ] } },
{ "type": "Feature", "properties": { "faultType": "normal fault, certain" }, "geometry": { "type": "LineString", "coordinates": [ [ -104.5496, 30.084 ], [ -104.5612, 30.0745 ] ] } },
{ "type": "Feature", "properties": { "faultType": "normal fault, certain" }, "geometry": { "type": "LineString", "coordinates": [ [ -103.4654, 30.133 ], [ -103.464, 30.115 ] ] } },
{ "type": "Feature", "properties": { "faultType": "normal fault, certain" }, "geometry": { "type": "LineString", "coordinates": [ [ -97.8589, 30.1638 ], [ -97.8648, 30.15 ] ] } },
{ "type": "Feature", "properties": { "faultType": "normal fault, certain" }, "geometry": { "type": "LineString", "coordinates": [ [ -97.8486, 30.1647 ], [ -97.8622, 30.1483 ] ] } },
{ "type": "Feature", "properties": { "faultType": "normal fault, certain" }, "geometry": { "type": "LineString", "coordinates": [ [ -97.7642, 30.1486 ], [ -97.7665, 30.1453 ] ] } },
{ "type": "Feature", "properties": { "faultType": "normal fault, certain" }, "geometry": { "type": "LineString", "coordinates": [ [ -104.5853, 30.0672 ], [ -104.576, 30.0762 ] ] } },
{ "type": "Feature", "properties": { "faultType": "normal fault, certain" }, "geometry": { "type": "LineString", "coordinates": [ [ -97.832, 30.1634 ], [ -97.8454, 30.1444 ] ] } },
{ "type": "Feature", "properties": { "faultType": "thrust fault, certain" }, "geometry": { "type": "LineString", "coordinates": [ [ -103.3367, 30.1617 ], [ -103.3778, 30.1362 ], [ -103.3949, 30.1043 ] ] } },
{ "type": "Feature", "properties": { "faultType": "normal fault, certain" }, "geometry": { "type": "LineString", "coordinates": [ [ -103.2975, 30.1075 ], [ -103.3153, 30.1344 ] ] } },
{ "type": "Feature", "properties": { "faultType": "normal fault, certain" }, "geometry": { "type": "LineString", "coordinates": [ [ -97.1581, 30.1381 ], [ -97.1861, 30.121 ] ] } },
{ "type": "Feature", "properties": { "faultType": "normal fault, certain" }, "geometry": { "type": "LineString", "coordinates": [ [ -97.1403, 30.2339 ], [ -97.1861, 30.121 ] ] } },
{ "type": "Feature", "properties": { "faultType": "normal fault, certain" }, "geometry": { "type": "LineString", "coordinates": [ [ -104.3691, 30.0668 ], [ -104.4061, 30.1096 ] ] } },
{ "type": "Feature", "properties": { "faultType": "normal fault, certain" }, "geometry": { "type": "LineString", "coordinates": [ [ -104.5817, 30.0567 ], [ -104.576, 30.0762 ] ] } },
{ "type": "Feature", "properties": { "faultType": "thrust fault, certain" }, "geometry": { "type": "LineString", "coordinates": [ [ -103.0485, 30.1377 ], [ -103.0818, 30.1112 ] ] } },
{ "type": "Feature", "properties": { "faultType": "thrust fault, certain" }, "geometry": { "type": "LineString", "coordinates": [ [ -103.0072, 30.1755 ], [ -103.0724, 30.1294 ], [ -103.0818, 30.1112 ] ] } },
{ "type": "Feature", "properties": { "faultType": "normal fault, certain" }, "geometry": { "type": "LineString", "coordinates": [ [ -104.5334, 30.0834 ], [ -104.5454, 30.0557 ] ] } },
{ "type": "Feature", "properties": { "faultType": "normal fault, certain" }, "geometry": { "type": "LineString", "coordinates": [ [ -104.5665, 30.0529 ], [ -104.5612, 30.0745 ] ] } },
{ "type": "Feature", "properties": { "faultType": "normal fault, certain" }, "geometry": { "type": "LineString", "coordinates": [ [ -97.1723, 30.1206 ], [ -97.1886, 30.1115 ] ] } },
{ "type": "Feature", "properties": { "faultType": "normal fault, certain" }, "geometry": { "type": "LineString", "coordinates": [ [ -97.1861, 30.121 ], [ -97.1886, 30.1115 ] ] } },
{ "type": "Feature", "properties": { "faultType": "normal fault, certain" }, "geometry": { "type": "LineString", "coordinates": [ [ -97.7692, 30.1401 ], [ -97.7765, 30.1244 ] ] } },
{ "type": "Feature", "properties": { "faultType": "normal fault, certain" }, "geometry": { "type": "LineString", "coordinates": [ [ -97.7956, 30.1317 ], [ -97.8014, 30.1247 ] ] } },
{ "type": "Feature", "properties": { "faultType": "normal fault, certain" }, "geometry": { "type": "LineString", "coordinates": [ [ -103.7268, 30.0787 ], [ -103.7459, 30.098 ] ] } },
{ "type": "Feature", "properties": { "faultType": "normal fault, certain" }, "geometry": { "type": "LineString", "coordinates": [ [ -104.5953, 30.0439 ], [ -104.6048, 30.089 ] ] } },
{ "type": "Feature", "properties": { "faultType": "thrust fault, certain" }, "geometry": { "type": "LineString", "coordinates": [ [ -103.0776, 30.1742 ], [ -103.1223, 30.154 ], [ -103.1781, 30.0962 ] ] } },
{ "type": "Feature", "properties": { "faultType": "normal fault, certain" }, "geometry": { "type": "LineString", "coordinates": [ [ -103.2971, 30.1035 ], [ -103.2882, 30.0926 ] ] } },
{ "type": "Feature", "properties": { "faultType": "normal fault, certain" }, "geometry": { "type": "LineString", "coordinates": [ [ -104.5475, 30.0433 ], [ -104.5454, 30.0557 ] ] } },
{ "type": "Feature", "properties": { "faultType": "normal fault, certain" }, "geometry": { "type": "LineString", "coordinates": [ [ -104.5454, 30.0557 ], [ -104.5475, 30.0433 ] ] } },
{ "type": "Feature", "properties": { "faultType": "thrust fault, certain" }, "geometry": { "type": "LineString", "coordinates": [ [ -103.3215, 30.1416 ], [ -103.3461, 30.1267 ], [ -103.3573, 30.0863 ] ] } },
{ "type": "Feature", "properties": { "faultType": "normal fault, certain" }, "geometry": { "type": "LineString", "coordinates": [ [ -103.1481, 30.0925 ], [ -103.1245, 30.1032 ] ] } },
{ "type": "Feature", "properties": { "faultType": "normal fault, certain" }, "geometry": { "type": "LineString", "coordinates": [ [ -97.1886, 30.1115 ], [ -97.1903, 30.1019 ] ] } },
{ "type": "Feature", "properties": { "faultType": "thrust fault, certain" }, "geometry": { "type": "LineString", "coordinates": [ [ -103.3562, 30.114 ], [ -103.3638, 30.0839 ] ] } },
{ "type": "Feature", "properties": { "faultType": "normal fault, certain" }, "geometry": { "type": "LineString", "coordinates": [ [ -97.8071, 30.1197 ], [ -97.8137, 30.1149 ] ] } },
{ "type": "Feature", "properties": { "faultType": "normal fault, certain" }, "geometry": { "type": "LineString", "coordinates": [ [ -97.8498, 30.1138 ], [ -97.8518, 30.1126 ] ] } },
{ "type": "Feature", "properties": { "faultType": "normal fault, certain" }, "geometry": { "type": "LineString", "coordinates": [ [ -104.55, 30.0354 ], [ -104.5337, 30.051 ] ] } },
{ "type": "Feature", "properties": { "faultType": "normal fault, certain" }, "geometry": { "type": "LineString", "coordinates": [ [ -104.55, 30.0354 ], [ -104.5475, 30.0433 ] ] } },
{ "type": "Feature", "properties": { "faultType": "thrust fault, certain" }, "geometry": { "type": "LineString", "coordinates": [ [ -103.1152, 30.1068 ], [ -103.1258, 30.0872 ] ] } },
{ "type": "Feature", "properties": { "faultType": "thrust fault, certain" }, "geometry": { "type": "LineString", "coordinates": [ [ -103.0912, 30.1425 ], [ -103.1685, 30.0849 ] ] } },
{ "type": "Feature", "properties": { "faultType": "thrust fault, certain" }, "geometry": { "type": "LineString", "coordinates": [ [ -103.1025, 30.1549 ], [ -103.1029, 30.1419 ], [ -103.1357, 30.1215 ], [ -103.1685, 30.0849 ] ] } },
{ "type": "Feature", "properties": { "faultType": "normal fault, certain" }, "geometry": { "type": "LineString", "coordinates": [ [ -103.9204, 30.0585 ], [ -103.9286, 30.0745 ] ] } },
{ "type": "Feature", "properties": { "faultType": "normal fault, certain" }, "geometry": { "type": "LineString", "coordinates": [ [ -97.8282, 30.1202 ], [ -97.8322, 30.1081 ] ] } },
{ "type": "Feature", "properties": { "faultType": "normal fault, certain" }, "geometry": { "type": "LineString", "coordinates": [ [ -97.8322, 30.1081 ], [ -97.8498, 30.1138 ] ] } },
{ "type": "Feature", "properties": { "faultType": "normal fault, certain" }, "geometry": { "type": "LineString", "coordinates": [ [ -103.7719, 30.0655 ], [ -103.7702, 30.0621 ] ] } },
{ "type": "Feature", "properties": { "faultType": "normal fault, certain" }, "geometry": { "type": "LineString", "coordinates": [ [ -97.7824, 30.1165 ], [ -97.7871, 30.1058 ] ] } },
{ "type": "Feature", "properties": { "faultType": "thrust fault, certain" }, "geometry": { "type": "LineString", "coordinates": [ [ -103.1685, 30.0849 ], [ -103.1739, 30.0803 ] ] } },
{ "type": "Feature", "properties": { "faultType": "normal fault, certain" }, "geometry": { "type": "LineString", "coordinates": [ [ -103.2863, 30.0895 ], [ -103.2768, 30.0769 ] ] } },
{ "type": "Feature", "properties": { "faultType": "normal fault, certain" }, "geometry": { "type": "LineString", "coordinates": [ [ -97.8727, 30.1374 ], [ -97.909, 30.1109 ] ] } },
{ "type": "Feature", "properties": { "faultType": "thrust fault, certain" }, "geometry": { "type": "LineString", "coordinates": [ [ -103.1615, 30.1173 ], [ -103.1975, 30.0792 ] ] } },
{ "type": "Feature", "properties": { "faultType": "normal fault, certain" }, "geometry": { "type": "LineString", "coordinates": [ [ -97.8322, 30.1081 ], [ -97.8342, 30.1035 ] ] } },
{ "type": "Feature", "properties": { "faultType": "normal fault, certain" }, "geometry": { "type": "LineString", "coordinates": [ [ -97.8384, 30.1247 ], [ -97.8726, 30.1032 ] ] } },
{ "type": "Feature", "properties": { "faultType": "normal fault, certain" }, "geometry": { "type": "LineString", "coordinates": [ [ -97.8531, 30.1254 ], [ -97.8726, 30.1032 ] ] } },
{ "type": "Feature", "properties": { "faultType": "normal fault, certain" }, "geometry": { "type": "LineString", "coordinates": [ [ -103.7325, 30.0566 ], [ -103.7592, 30.0872 ] ] } },
{ "type": "Feature", "properties": { "faultType": "normal fault, certain" }, "geometry": { "type": "LineString", "coordinates": [ [ -103.7325, 30.0566 ], [ -103.7627, 30.0855 ] ] } },
{ "type": "Feature", "properties": { "faultType": "thrust fault, certain" }, "geometry": { "type": "LineString", "coordinates": [ [ -103.3273, 30.112 ], [ -103.3613, 30.0692 ] ] } },
{ "type": "Feature", "properties": { "faultType": "normal fault, certain" }, "geometry": { "type": "LineString", "coordinates": [ [ -98.8271, 30.1384 ], [ -98.8536, 30.1168 ] ] } },
{ "type": "Feature", "properties": { "faultType": "normal fault, certain" }, "geometry": { "type": "LineString", "coordinates": [ [ -97.8518, 30.1126 ], [ -97.8591, 30.1006 ] ] } },
{ "type": "Feature", "properties": { "faultType": "thrust fault, certain" }, "geometry": { "type": "LineString", "coordinates": [ [ -103.1258, 30.0872 ], [ -103.1213, 30.0758 ] ] } },
{ "type": "Feature", "properties": { "faultType": "normal fault, certain" }, "geometry": { "type": "LineString", "coordinates": [ [ -103.5722, 30.0611 ], [ -103.6305, 30.1836 ] ] } },
{ "type": "Feature", "properties": { "faultType": "normal fault, certain" }, "geometry": { "type": "LineString", "coordinates": [ [ -97.1556, 30.1007 ], [ -97.1771, 30.083 ] ] } },
{ "type": "Feature", "properties": { "faultType": "normal fault, certain" }, "geometry": { "type": "LineString", "coordinates": [ [ -97.9778, 30.1237 ], [ -97.9994, 30.1003 ] ] } },
{ "type": "Feature", "properties": { "faultType": "normal fault, certain" }, "geometry": { "type": "LineString", "coordinates": [ [ -103.7244, 30.053 ], [ -103.7259, 30.0662 ] ] } },
{ "type": "Feature", "properties": { "faultType": "normal fault, certain" }, "geometry": { "type": "LineString", "coordinates": [ [ -103.7244, 30.053 ], [ -103.7325, 30.0566 ] ] } },
{ "type": "Feature", "properties": { "faultType": "normal fault, certain" }, "geometry": { "type": "LineString", "coordinates": [ [ -103.7239, 30.0506 ], [ -103.7244, 30.053 ] ] } },
{ "type": "Feature", "properties": { "faultType": "thrust fault, certain" }, "geometry": { "type": "LineString", "coordinates": [ [ -103.3928, 30.0994 ], [ -103.4071, 30.0603 ] ] } },
{ "type": "Feature", "properties": { "faultType": "thrust fault, certain" }, "geometry": { "type": "LineString", "coordinates": [ [ -103.2062, 30.078 ], [ -103.2164, 30.0661 ] ] } },
{ "type": "Feature", "properties": { "faultType": "normal fault, certain" }, "geometry": { "type": "LineString", "coordinates": [ [ -103.7702, 30.0621 ], [ -103.726, 30.0471 ] ] } },
{ "type": "Feature", "properties": { "faultType": "normal fault, certain" }, "geometry": { "type": "LineString", "coordinates": [ [ -97.8726, 30.1032 ], [ -97.8902, 30.0917 ] ] } },
{ "type": "Feature", "properties": { "faultType": "normal fault, certain" }, "geometry": { "type": "LineString", "coordinates": [ [ -97.8902, 30.0917 ], [ -97.8798, 30.1056 ] ] } },
{ "type": "Feature", "properties": { "faultType": "thrust fault, certain" }, "geometry": { "type": "LineString", "coordinates": [ [ -103.1258, 30.0872 ], [ -103.1585, 30.0649 ] ] } },
{ "type": "Feature", "properties": { "faultType": "normal fault, certain" }, "geometry": { "type": "LineString", "coordinates": [ [ -103.1661, 30.0744 ], [ -103.1585, 30.0649 ] ] } },
{ "type": "Feature", "properties": { "faultType": "normal fault, certain" }, "geometry": { "type": "LineString", "coordinates": [ [ -97.8518, 30.1126 ], [ -97.8847, 30.0906 ] ] } },
{ "type": "Feature", "properties": { "faultType": "normal fault, certain" }, "geometry": { "type": "LineString", "coordinates": [ [ -97.8993, 30.2028 ], [ -97.9314, 30.1509 ], [ -97.9865, 30.0907 ] ] } },
{ "type": "Feature", "properties": { "faultType": "thrust fault, certain" }, "geometry": { "type": "LineString", "coordinates": [ [ -103.2077, 30.0796 ], [ -103.2371, 30.0582 ] ] } },
{ "type": "Feature", "properties": { "faultType": "normal fault, certain" }, "geometry": { "type": "LineString", "coordinates": [ [ -97.8902, 30.0917 ], [ -97.8984, 30.0865 ] ] } },
{ "type": "Feature", "properties": { "faultType": "normal fault, certain" }, "geometry": { "type": "LineString", "coordinates": [ [ -104.055, 30.0283 ], [ -104.0718, 30.0569 ] ] } },
{ "type": "Feature", "properties": { "faultType": "normal fault, certain" }, "geometry": { "type": "LineString", "coordinates": [ [ -104.1979, 30.1397 ], [ -104.162, 30.0935 ], [ -104.1035, 30.0695 ], [ -104.0898, 30.0269 ] ] } },
{ "type": "Feature", "properties": { "faultType": "normal fault, certain" }, "geometry": { "type": "LineString", "coordinates": [ [ -104.2736, 30.019 ], [ -104.2502, 30.0295 ] ] } },
{ "type": "Feature", "properties": { "faultType": "normal fault, certain" }, "geometry": { "type": "LineString", "coordinates": [ [ -97.2141, 30.0687 ], [ -97.1968, 30.1457 ] ] } },
{ "type": "Feature", "properties": { "faultType": "normal fault, certain" }, "geometry": { "type": "LineString", "coordinates": [ [ -103.1437, 30.0575 ], [ -103.1325, 30.0576 ] ] } },
{ "type": "Feature", "properties": { "faultType": "normal fault, certain" }, "geometry": { "type": "LineString", "coordinates": [ [ -103.1508, 30.0569 ], [ -103.1437, 30.0575 ] ] } },
{ "type": "Feature", "properties": { "faultType": "normal fault, certain" }, "geometry": { "type": "LineString", "coordinates": [ [ -103.7702, 30.0621 ], [ -103.7367, 30.0374 ] ] } },
{ "type": "Feature", "properties": { "faultType": "normal fault, certain" }, "geometry": { "type": "LineString", "coordinates": [ [ -103.7367, 30.0374 ], [ -103.7322, 30.0375 ] ] } },
{ "type": "Feature", "properties": { "faultType": "normal fault, certain" }, "geometry": { "type": "LineString", "coordinates": [ [ -104.654, 30.0038 ], [ -104.6529, 30.0002 ] ] } },
{ "type": "Feature", "properties": { "faultType": "thrust fault, certain" }, "geometry": { "type": "LineString", "coordinates": [ [ -103.2213, 30.0631 ], [ -103.233, 30.0538 ] ] } },
{ "type": "Feature", "properties": { "faultType": "normal fault, certain" }, "geometry": { "type": "LineString", "coordinates": [ [ -103.7444, 30.0364 ], [ -103.7367, 30.0374 ] ] } },
{ "type": "Feature", "properties": { "faultType": "normal fault, certain" }, "geometry": { "type": "LineString", "coordinates": [ [ -103.7569, 30.0428 ], [ -103.7444, 30.0364 ] ] } },
{ "type": "Feature", "properties": { "faultType": "normal fault, certain" }, "geometry": { "type": "LineString", "coordinates": [ [ -97.7886, 30.1003 ], [ -97.7907, 30.0798 ] ] } },
{ "type": "Feature", "properties": { "faultType": "normal fault, certain" }, "geometry": { "type": "LineString", "coordinates": [ [ -97.865, 30.1263 ], [ -97.9159, 30.0817 ] ] } },
{ "type": "Feature", "properties": { "faultType": "normal fault, certain" }, "geometry": { "type": "LineString", "coordinates": [ [ -97.2027, 30.0648 ], [ -97.1291, 30.1086 ], [ -97.1038, 30.1491 ], [ -97.101, 30.1714 ] ] } },
{ "type": "Feature", "properties": { "faultType": "thrust fault, certain" }, "geometry": { "type": "LineString", "coordinates": [ [ -103.1585, 30.0649 ], [ -103.168, 30.053 ] ] } },
{ "type": "Feature", "properties": { "faultType": "normal fault, certain" }, "geometry": { "type": "LineString", "coordinates": [ [ -104.5583, 30.0011 ], [ -104.5598, 30.0227 ], [ -104.55, 30.0354 ] ] } },
{ "type": "Feature", "properties": { "faultType": "normal fault, certain" }, "geometry": { "type": "LineString", "coordinates": [ [ -103.7367, 30.0374 ], [ -103.727, 30.0333 ] ] } },
{ "type": "Feature", "properties": { "faultType": "normal fault, certain" }, "geometry": { "type": "LineString", "coordinates": [ [ -104.2365, 30.0358 ], [ -104.2686, 30.0124 ] ] } },
{ "type": "Feature", "properties": { "faultType": "normal fault, certain" }, "geometry": { "type": "LineString", "coordinates": [ [ -104.6529, 30.0002 ], [ -104.6517, 29.996 ] ] } },
{ "type": "Feature", "properties": { "faultType": "thrust fault, certain" }, "geometry": { "type": "LineString", "coordinates": [ [ -103.2419, 30.0547 ], [ -103.2485, 30.0488 ] ] } },
{ "type": "Feature", "properties": { "faultType": "normal fault, certain" }, "geometry": { "type": "LineString", "coordinates": [ [ -103.6139, 30.0363 ], [ -103.6517, 30.0497 ] ] } },
{ "type": "Feature", "properties": { "faultType": "normal fault, certain" }, "geometry": { "type": "LineString", "coordinates": [ [ -104.0978, 30.018 ], [ -104.1098, 30.0473 ] ] } },
{ "type": "Feature", "properties": { "faultType": "normal fault, certain" }, "geometry": { "type": "LineString", "coordinates": [ [ -104.1294, 30.0587 ], [ -104.115, 30.0168 ] ] } },
{ "type": "Feature", "properties": { "faultType": "thrust fault, certain" }, "geometry": { "type": "LineString", "coordinates": [ [ -103.0818, 30.1112 ], [ -103.105, 30.0889 ], [ -103.1249, 30.0504 ] ] } },
{ "type": "Feature", "properties": { "faultType": "normal fault, certain" }, "geometry": { "type": "LineString", "coordinates": [ [ -103.1437, 30.0575 ], [ -103.1459, 30.0491 ] ] } },
{ "type": "Feature", "properties": { "faultType": "normal fault, certain" }, "geometry": { "type": "LineString", "coordinates": [ [ -104.48, 30.0002 ], [ -104.4683, 30.0135 ] ] } },
{ "type": "Feature", "properties": { "faultType": "normal fault, certain" }, "geometry": { "type": "LineString", "coordinates": [ [ -104.4657, 30.0002 ], [ -104.4631, 30.0077 ] ] } },
{ "type": "Feature", "properties": { "faultType": "normal fault, certain" }, "geometry": { "type": "LineString", "coordinates": [ [ -102.6593, 30.0873 ], [ -102.6352, 30.0618 ] ] } },
{ "type": "Feature", "properties": { "faultType": "normal fault, certain" }, "geometry": { "type": "LineString", "coordinates": [ [ -103.7464, 30.0276 ], [ -103.7668, 30.0376 ] ] } },
{ "type": "Feature", "properties": { "faultType": "normal fault, certain" }, "geometry": { "type": "LineString", "coordinates": [ [ -104.1051, 30.0507 ], [ -104.0896, 30.0139 ] ] } },
{ "type": "Feature", "properties": { "faultType": "normal fault, certain" }, "geometry": { "type": "LineString", "coordinates": [ [ -104.0896, 30.0139 ], [ -104.0978, 30.018 ] ] } },
{ "type": "Feature", "properties": { "faultType": "normal fault, certain" }, "geometry": { "type": "LineString", "coordinates": [ [ -104.4206, 30.003 ], [ -104.4168, 30.0002 ] ] } },
{ "type": "Feature", "properties": { "faultType": "normal fault, certain" }, "geometry": { "type": "LineString", "coordinates": [ [ -104.4106, 30.0039 ], [ -104.4105, 30.0002 ] ] } },
{ "type": "Feature", "properties": { "faultType": "normal fault, certain" }, "geometry": { "type": "LineString", "coordinates": [ [ -103.7451, 30.0261 ], [ -103.7464, 30.0276 ] ] } },
{ "type": "Feature", "properties": { "faultType": "normal fault, certain" }, "geometry": { "type": "LineString", "coordinates": [ [ -103.755, 30.0256 ], [ -103.7451, 30.0261 ] ] } },
{ "type": "Feature", "properties": { "faultType": "thrust fault, certain" }, "geometry": { "type": "LineString", "coordinates": [ [ -103.1249, 30.0504 ], [ -103.1335, 30.0445 ] ] } },
{ "type": "Feature", "properties": { "faultType": "thrust fault, certain" }, "geometry": { "type": "LineString", "coordinates": [ [ -103.0048, 30.113 ], [ -103.0794, 30.0474 ], [ -103.1249, 30.0504 ] ] } },
{ "type": "Feature", "properties": { "faultType": "normal fault, certain" }, "geometry": { "type": "LineString", "coordinates": [ [ -104.4105, 30.0002 ], [ -104.4104, 29.9968 ] ] } },
{ "type": "Feature", "properties": { "faultType": "normal fault, certain" }, "geometry": { "type": "LineString", "coordinates": [ [ -104.4168, 30.0002 ], [ -104.4104, 29.9968 ] ] } },
{ "type": "Feature", "properties": { "faultType": "normal fault, certain" }, "geometry": { "type": "LineString", "coordinates": [ [ -104.3258, 30.0002 ], [ -104.3123, 30.0365 ] ] } },
{ "type": "Feature", "properties": { "faultType": "normal fault, certain" }, "geometry": { "type": "LineString", "coordinates": [ [ -97.8591, 30.1006 ], [ -97.8903, 30.0681 ] ] } },
{ "type": "Feature", "properties": { "faultType": "normal fault, certain" }, "geometry": { "type": "LineString", "coordinates": [ [ -97.9641, 30.1005 ], [ -97.9954, 30.0698 ] ] } },
{ "type": "Feature", "properties": { "faultType": "normal fault, certain" }, "geometry": { "type": "LineString", "coordinates": [ [ -103.7444, 30.0364 ], [ -103.7213, 30.0224 ] ] } },
{ "type": "Feature", "properties": { "faultType": "normal fault, certain" }, "geometry": { "type": "LineString", "coordinates": [ [ -103.0197, 30.0461 ], [ -103.0181, 30.0448 ] ] } },
{ "type": "Feature", "properties": { "faultType": "normal fault, certain" }, "geometry": { "type": "LineString", "coordinates": [ [ -104.3263, 29.9988 ], [ -104.3258, 30.0002 ] ] } },
{ "type": "Feature", "properties": { "faultType": "normal fault, certain" }, "geometry": { "type": "LineString", "coordinates": [ [ -104.4941, 29.9887 ], [ -104.4881, 30.0001 ] ] } },
{ "type": "Feature", "properties": { "faultType": "normal fault, certain" }, "geometry": { "type": "LineString", "coordinates": [ [ -104.4874, 29.9881 ], [ -104.48, 30.0002 ] ] } },
{ "type": "Feature", "properties": { "faultType": "normal fault, certain" }, "geometry": { "type": "LineString", "coordinates": [ [ -104.4104, 29.9968 ], [ -104.4101, 29.9909 ] ] } },
{ "type": "Feature", "properties": { "faultType": "thrust fault, certain" }, "geometry": { "type": "LineString", "coordinates": [ [ -103.2512, 30.0462 ], [ -103.2801, 30.0336 ] ] } },
{ "type": "Feature", "properties": { "faultType": "normal fault, certain" }, "geometry": { "type": "LineString", "coordinates": [ [ -103.9631, 30.008 ], [ -103.9675, 30.0194 ] ] } },
{ "type": "Feature", "properties": { "faultType": "normal fault, certain" }, "geometry": { "type": "LineString", "coordinates": [ [ -97.9095, 30.0621 ], [ -97.8591, 30.1006 ] ] } },
{ "type": "Feature", "properties": { "faultType": "thrust fault, certain" }, "geometry": { "type": "LineString", "coordinates": [ [ -103.0181, 30.0448 ], [ -103.0577, 30.0377 ] ] } },
{ "type": "Feature", "properties": { "faultType": "normal fault, certain" }, "geometry": { "type": "LineString", "coordinates": [ [ -97.748, 30.0578 ], [ -97.6829, 30.1726 ] ] } },
{ "type": "Feature", "properties": { "faultType": "normal fault, certain" }, "geometry": { "type": "LineString", "coordinates": [ [ -97.8732, 30.1425 ], [ -97.9626, 30.0619 ] ] } },
{ "type": "Feature", "properties": { "faultType": "normal fault, certain" }, "geometry": { "type": "LineString", "coordinates": [ [ -104.1199, 30.0002 ], [ -104.133, 30.0146 ], [ -104.133, 30.0414 ] ] } },
{ "type": "Feature", "properties": { "faultType": "normal fault, certain" }, "geometry": { "type": "LineString", "coordinates": [ [ -104.4062, 29.9892 ], [ -104.3986, 29.9887 ] ] } },
{ "type": "Feature", "properties": { "faultType": "normal fault, certain" }, "geometry": { "type": "LineString", "coordinates": [ [ -104.041, 30.0029 ], [ -104.0732, 30.0275 ], [ -104.0745, 30.0561 ] ] } },
{ "type": "Feature", "properties": { "faultType": "normal fault, certain" }, "geometry": { "type": "LineString", "coordinates": [ [ -104.1186, 29.9993 ], [ -104.1199, 30.0002 ] ] } },
{ "type": "Feature", "properties": { "faultType": "normal fault, certain" }, "geometry": { "type": "LineString", "coordinates": [ [ -103.7226, 30.0387 ], [ -103.7155, 30.0139 ] ] } },
{ "type": "Feature", "properties": { "faultType": "thrust fault, certain" }, "geometry": { "type": "LineString", "coordinates": [ [ -102.9832, 30.0436 ], [ -103.0005, 30.0368 ] ] } },
{ "type": "Feature", "properties": { "faultType": "normal fault, certain" }, "geometry": { "type": "LineString", "coordinates": [ [ -104.467, 29.984 ], [ -104.4657, 30.0002 ] ] } },
{ "type": "Feature", "properties": { "faultType": "normal fault, certain" }, "geometry": { "type": "LineString", "coordinates": [ [ -104.0896, 30.0139 ], [ -104.0701, 30.0002 ] ] } },
{ "type": "Feature", "properties": { "faultType": "thrust fault, certain" }, "geometry": { "type": "LineString", "coordinates": [ [ -103.0005, 30.0368 ], [ -103.0036, 30.036 ] ] } },
{ "type": "Feature", "properties": { "faultType": "normal fault, certain" }, "geometry": { "type": "LineString", "coordinates": [ [ -103.0181, 30.0448 ], [ -103.0036, 30.036 ] ] } },
{ "type": "Feature", "properties": { "faultType": "normal fault, certain" }, "geometry": { "type": "LineString", "coordinates": [ [ -104.0691, 30.0052 ], [ -104.0625, 30.0002 ] ] } },
{ "type": "Feature", "properties": { "faultType": "thrust fault, certain" }, "geometry": { "type": "LineString", "coordinates": [ [ -103.248, 30.0383 ], [ -103.261, 30.0282 ] ] } },
{ "type": "Feature", "properties": { "faultType": "normal fault, certain" }, "geometry": { "type": "LineString", "coordinates": [ [ -104.4941, 29.9887 ], [ -104.4748, 29.9817 ] ] } },
{ "type": "Feature", "properties": { "faultType": "thrust fault, certain" }, "geometry": { "type": "LineString", "coordinates": [ [ -103.0577, 30.0377 ], [ -103.093, 30.0314 ] ] } },
{ "type": "Feature", "properties": { "faultType": "normal fault, certain" }, "geometry": { "type": "LineString", "coordinates": [ [ -97.9545, 30.1565 ], [ -98.0813, 30.0595 ] ] } },
{ "type": "Feature", "properties": { "faultType": "normal fault, certain" }, "geometry": { "type": "LineString", "coordinates": [ [ -98.0813, 30.0595 ], [ -98.0686, 30.0759 ] ] } },
{ "type": "Feature", "properties": { "faultType": "normal fault, certain" }, "geometry": { "type": "LineString", "coordinates": [ [ -97.5554, 30.0485 ], [ -97.5256, 30.0812 ] ] } },
{ "type": "Feature", "properties": { "faultType": "thrust fault, certain" }, "geometry": { "type": "LineString", "coordinates": [ [ -103.0036, 30.036 ], [ -103.0067, 30.0334 ] ] } },
{ "type": "Feature", "properties": { "faultType": "thrust fault, certain" }, "geometry": { "type": "LineString", "coordinates": [ [ -103.0067, 30.0334 ], [ -103.0577, 30.0377 ] ] } },
{ "type": "Feature", "properties": { "faultType": "thrust fault, certain" }, "geometry": { "type": "LineString", "coordinates": [ [ -103.0066, 30.0333 ], [ -103.0067, 30.0334 ] ] } },
{ "type": "Feature", "properties": { "faultType": "normal fault, certain" }, "geometry": { "type": "LineString", "coordinates": [ [ -103.8855, 30.0043 ], [ -103.9204, 30.0585 ] ] } },
{ "type": "Feature", "properties": { "faultType": "normal fault, certain" }, "geometry": { "type": "LineString", "coordinates": [ [ -103.8809, 30.0042 ], [ -103.9204, 30.0585 ] ] } },
{ "type": "Feature", "properties": { "faultType": "thrust fault, certain" }, "geometry": { "type": "LineString", "coordinates": [ [ -103.093, 30.0314 ], [ -103.1, 30.0298 ] ] } },
{ "type": "Feature", "properties": { "faultType": "normal fault, certain" }, "geometry": { "type": "LineString", "coordinates": [ [ -103.9596, 30.0002 ], [ -103.9631, 30.008 ] ] } },
{ "type": "Feature", "properties": { "faultType": "normal fault, certain" }, "geometry": { "type": "LineString", "coordinates": [ [ -103.7155, 30.0139 ], [ -103.7142, 30.0091 ] ] } },
{ "type": "Feature", "properties": { "faultType": "normal fault, certain" }, "geometry": { "type": "LineString", "coordinates": [ [ -103.7142, 30.0091 ], [ -103.7464, 30.0276 ] ] } },
{ "type": "Feature", "properties": { "faultType": "normal fault, certain" }, "geometry": { "type": "LineString", "coordinates": [ [ -104.0701, 30.0002 ], [ -104.0606, 29.9959 ] ] } },
{ "type": "Feature", "properties": { "faultType": "normal fault, certain" }, "geometry": { "type": "LineString", "coordinates": [ [ -103.9631, 30.008 ], [ -103.9005, 30.002 ] ] } },
{ "type": "Feature", "properties": { "faultType": "thrust fault, certain" }, "geometry": { "type": "LineString", "coordinates": [ [ -103.2842, 30.0231 ], [ -103.2716, 30.0544 ] ] } },
{ "type": "Feature", "properties": { "faultType": "normal fault, certain" }, "geometry": { "type": "LineString", "coordinates": [ [ -103.1, 30.0247 ], [ -103.0847, 30.0291 ] ] } },
{ "type": "Feature", "properties": { "faultType": "normal fault, certain" }, "geometry": { "type": "LineString", "coordinates": [ [ -103.1, 30.0247 ], [ -103.093, 30.0314 ] ] } },
{ "type": "Feature", "properties": { "faultType": "normal fault, certain" }, "geometry": { "type": "LineString", "coordinates": [ [ -103.8129, 30.025 ], [ -103.8061, 30.0011 ] ] } },
{ "type": "Feature", "properties": { "faultType": "thrust fault, certain" }, "geometry": { "type": "LineString", "coordinates": [ [ -103.0067, 30.0334 ], [ -103.0293, 30.0276 ] ] } },
{ "type": "Feature", "properties": { "faultType": "normal fault, certain" }, "geometry": { "type": "LineString", "coordinates": [ [ -97.7536, 30.0458 ], [ -97.7516, 30.0496 ] ] } },
{ "type": "Feature", "properties": { "faultType": "normal fault, certain" }, "geometry": { "type": "LineString", "coordinates": [ [ -103.8002, 30.0142 ], [ -103.7895, 30.0002 ] ] } },
{ "type": "Feature", "properties": { "faultType": "normal fault, certain" }, "geometry": { "type": "LineString", "coordinates": [ [ -103.0005, 30.0308 ], [ -102.9875, 30.0258 ] ] } },
{ "type": "Feature", "properties": { "faultType": "normal fault, certain" }, "geometry": { "type": "LineString", "coordinates": [ [ -103.7751, 30.0002 ], [ -103.8014, 30.0266 ] ] } },
{ "type": "Feature", "properties": { "faultType": "normal fault, certain" }, "geometry": { "type": "LineString", "coordinates": [ [ -98.0813, 30.0595 ], [ -98.0947, 30.0508 ] ] } },
{ "type": "Feature", "properties": { "faultType": "normal fault, certain" }, "geometry": { "type": "LineString", "coordinates": [ [ -103.7811, 30.0374 ], [ -103.7633, 30.0002 ] ] } },
{ "type": "Feature", "properties": { "faultType": "normal fault, certain" }, "geometry": { "type": "LineString", "coordinates": [ [ -103.6977, 30.0019 ], [ -103.7155, 30.0139 ] ] } },
{ "type": "Feature", "properties": { "faultType": "normal fault, certain" }, "geometry": { "type": "LineString", "coordinates": [ [ -103.6372, 30.0037 ], [ -103.6949, 30.0735 ] ] } },
{ "type": "Feature", "properties": { "faultType": "normal fault, certain" }, "geometry": { "type": "LineString", "coordinates": [ [ -102.9875, 30.0258 ], [ -102.9478, 30.0274 ] ] } },
{ "type": "Feature", "properties": { "faultType": "normal fault, certain" }, "geometry": { "type": "LineString", "coordinates": [ [ -103.004, 30.0242 ], [ -103.0108, 30.0232 ] ] } },
{ "type": "Feature", "properties": { "faultType": "normal fault, certain" }, "geometry": { "type": "LineString", "coordinates": [ [ -103.7163, 30.0002 ], [ -103.7451, 30.0261 ] ] } },
{ "type": "Feature", "properties": { "faultType": "normal fault, certain" }, "geometry": { "type": "LineString", "coordinates": [ [ -103.7142, 30.0091 ], [ -103.7114, 30.0002 ] ] } },
{ "type": "Feature", "properties": { "faultType": "normal fault, certain" }, "geometry": { "type": "LineString", "coordinates": [ [ -97.9096, 30.0449 ], [ -97.8922, 30.0637 ] ] } },
{ "type": "Feature", "properties": { "faultType": "normal fault, certain" }, "geometry": { "type": "LineString", "coordinates": [ [ -103.7114, 30.0002 ], [ -103.7112, 29.9996 ] ] } },
{ "type": "Feature", "properties": { "faultType": "normal fault, certain" }, "geometry": { "type": "LineString", "coordinates": [ [ -103.6346, 30.0016 ], [ -103.6372, 30.0037 ] ] } },
{ "type": "Feature", "properties": { "faultType": "normal fault, certain" }, "geometry": { "type": "LineString", "coordinates": [ [ -104.1972, 29.9962 ], [ -104.1901, 29.9807 ] ] } },
{ "type": "Feature", "properties": { "faultType": "normal fault, certain" }, "geometry": { "type": "LineString", "coordinates": [ [ -104.0625, 30.0002 ], [ -104.0456, 29.9863 ] ] } },
{ "type": "Feature", "properties": { "faultType": "normal fault, certain" }, "geometry": { "type": "LineString", "coordinates": [ [ -103.6372, 30.0037 ], [ -103.5997, 30.0026 ] ] } },
{ "type": "Feature", "properties": { "faultType": "normal fault, certain" }, "geometry": { "type": "LineString", "coordinates": [ [ -103.7633, 30.0002 ], [ -103.7611, 29.9966 ] ] } },
{ "type": "Feature", "properties": { "faultType": "thrust fault, certain" }, "geometry": { "type": "LineString", "coordinates": [ [ -102.9875, 30.0258 ], [ -103.0005, 30.0211 ] ] } },
{ "type": "Feature", "properties": { "faultType": "normal fault, certain" }, "geometry": { "type": "LineString", "coordinates": [ [ -98.0947, 30.0508 ], [ -98.1015, 30.0468 ] ] } },
{ "type": "Feature", "properties": { "faultType": "normal fault, certain" }, "geometry": { "type": "LineString", "coordinates": [ [ -98.0766, 30.0562 ], [ -98.0964, 30.0436 ] ] } },
{ "type": "Feature", "properties": { "faultType": "normal fault, certain" }, "geometry": { "type": "LineString", "coordinates": [ [ -103.7112, 29.9996 ], [ -103.7111, 29.9928 ] ] } },
{ "type": "Feature", "properties": { "faultType": "normal fault, certain" }, "geometry": { "type": "LineString", "coordinates": [ [ -103.7111, 29.9928 ], [ -103.7163, 30.0002 ] ] } },
{ "type": "Feature", "properties": { "faultType": "normal fault, certain" }, "geometry": { "type": "LineString", "coordinates": [ [ -103.0108, 30.0232 ], [ -103.0438, 30.012 ] ] } },
{ "type": "Feature", "properties": { "faultType": "normal fault, certain" }, "geometry": { "type": "LineString", "coordinates": [ [ -103.0438, 30.012 ], [ -103.0108, 30.0232 ] ] } },
{ "type": "Feature", "properties": { "faultType": "normal fault, certain" }, "geometry": { "type": "LineString", "coordinates": [ [ -103.7655, 29.988 ], [ -103.7751, 30.0002 ] ] } },
{ "type": "Feature", "properties": { "faultType": "normal fault, certain" }, "geometry": { "type": "LineString", "coordinates": [ [ -97.8763, 30.0594 ], [ -97.9013, 30.0341 ] ] } },
{ "type": "Feature", "properties": { "faultType": "thrust fault, certain" }, "geometry": { "type": "LineString", "coordinates": [ [ -103.0293, 30.0276 ], [ -103.074, 30.0249 ], [ -103.1049, 30.0085 ] ] } },
{ "type": "Feature", "properties": { "faultType": "normal fault, certain" }, "geometry": { "type": "LineString", "coordinates": [ [ -97.9013, 30.0341 ], [ -97.9035, 30.0324 ] ] } },
{ "type": "Feature", "properties": { "faultType": "normal fault, certain" }, "geometry": { "type": "LineString", "coordinates": [ [ -103.2953, 30.0002 ], [ -103.2825, 30.0096 ] ] } },
{ "type": "Feature", "properties": { "faultType": "normal fault, certain" }, "geometry": { "type": "LineString", "coordinates": [ [ -97.7718, 30.0283 ], [ -97.7578, 30.0425 ] ] } },
{ "type": "Feature", "properties": { "faultType": "thrust fault, certain" }, "geometry": { "type": "LineString", "coordinates": [ [ -103.2847, 30.0002 ], [ -103.2825, 30.0096 ] ] } },
{ "type": "Feature", "properties": { "faultType": "normal fault, certain" }, "geometry": { "type": "LineString", "coordinates": [ [ -98.1015, 30.0468 ], [ -98.1214, 30.0348 ] ] } },
{ "type": "Feature", "properties": { "faultType": "thrust fault, certain" }, "geometry": { "type": "LineString", "coordinates": [ [ -103.1989, 30.0245 ], [ -103.2398, 30.0002 ] ] } },
{ "type": "Feature", "properties": { "faultType": "thrust fault, certain" }, "geometry": { "type": "LineString", "coordinates": [ [ -103.1519, 30.0322 ], [ -103.1866, 30.0002 ] ] } },
{ "type": "Feature", "properties": { "faultType": "thrust fault, certain" }, "geometry": { "type": "LineString", "coordinates": [ [ -103.1866, 30.0002 ], [ -103.1882, 29.9994 ] ] } },
{ "type": "Feature", "properties": { "faultType": "normal fault, certain" }, "geometry": { "type": "LineString", "coordinates": [ [ -97.5309, 30.0448 ], [ -97.5867, 30.0202 ] ] } },
{ "type": "Feature", "properties": { "faultType": "normal fault, certain" }, "geometry": { "type": "LineString", "coordinates": [ [ -97.5836, 30.0295 ], [ -97.5867, 30.0202 ] ] } },
{ "type": "Feature", "properties": { "faultType": "thrust fault, certain" }, "geometry": { "type": "LineString", "coordinates": [ [ -103.1339, 30.007 ], [ -103.1408, 30.0002 ] ] } },
{ "type": "Feature", "properties": { "faultType": "thrust fault, certain" }, "geometry": { "type": "LineString", "coordinates": [ [ -103.2398, 30.0002 ], [ -103.2438, 29.9964 ] ] } },
{ "type": "Feature", "properties": { "faultType": "normal fault, certain" }, "geometry": { "type": "LineString", "coordinates": [ [ -103.3017, 29.9946 ], [ -103.2953, 30.0002 ] ] } },
{ "type": "Feature", "properties": { "faultType": "normal fault, certain" }, "geometry": { "type": "LineString", "coordinates": [ [ -98.1015, 30.0468 ], [ -98.1157, 30.0296 ] ] } },
{ "type": "Feature", "properties": { "faultType": "thrust fault, certain" }, "geometry": { "type": "LineString", "coordinates": [ [ -103.0293, 30.0276 ], [ -103.0698, 30.023 ], [ -103.0965, 30.0002 ] ] } },
{ "type": "Feature", "properties": { "faultType": "normal fault, certain" }, "geometry": { "type": "LineString", "coordinates": [ [ -103.7112, 29.9996 ], [ -103.689, 29.9803 ] ] } },
{ "type": "Feature", "properties": { "faultType": "normal fault, certain" }, "geometry": { "type": "LineString", "coordinates": [ [ -103.0438, 30.012 ], [ -103.0582, 30.0002 ] ] } },
{ "type": "Feature", "properties": { "faultType": "normal fault, certain" }, "geometry": { "type": "LineString", "coordinates": [ [ -103.0522, 30.0002 ], [ -103.0438, 30.012 ] ] } },
{ "type": "Feature", "properties": { "faultType": "thrust fault, certain" }, "geometry": { "type": "LineString", "coordinates": [ [ -103.0965, 30.0002 ], [ -103.0979, 29.9986 ] ] } },
{ "type": "Feature", "properties": { "faultType": "thrust fault, certain" }, "geometry": { "type": "LineString", "coordinates": [ [ -103.0005, 30.0211 ], [ -103.0419, 30.0002 ] ] } },
{ "type": "Feature", "properties": { "faultType": "thrust fault, certain" }, "geometry": { "type": "LineString", "coordinates": [ [ -102.9652, 30.0147 ], [ -102.9929, 30.0002 ] ] } },
{ "type": "Feature", "properties": { "faultType": "normal fault, certain" }, "geometry": { "type": "LineString", "coordinates": [ [ -103.7895, 30.0002 ], [ -103.763, 29.9752 ] ] } },
{ "type": "Feature", "properties": { "faultType": "normal fault, certain" }, "geometry": { "type": "LineString", "coordinates": [ [ -103.9328, 29.9687 ], [ -103.9596, 30.0002 ] ] } },
{ "type": "Feature", "properties": { "faultType": "normal fault, certain" }, "geometry": { "type": "LineString", "coordinates": [ [ -103.429, 29.9899 ], [ -103.4193, 29.9859 ] ] } },
{ "type": "Feature", "properties": { "faultType": "normal fault, certain" }, "geometry": { "type": "LineString", "coordinates": [ [ -97.993, 30.078 ], [ -98.059, 30.0229 ] ] } },
{ "type": "Feature", "properties": { "faultType": "normal fault, certain" }, "geometry": { "type": "LineString", "coordinates": [ [ -98.0475, 30.033 ], [ -98.059, 30.0229 ] ] } },
{ "type": "Feature", "properties": { "faultType": "normal fault, certain" }, "geometry": { "type": "LineString", "coordinates": [ [ -103.9381, 29.9663 ], [ -103.9328, 29.9687 ] ] } },
{ "type": "Feature", "properties": { "faultType": "normal fault, certain" }, "geometry": { "type": "LineString", "coordinates": [ [ -103.4307, 29.9875 ], [ -103.4218, 29.9841 ] ] } },
{ "type": "Feature", "properties": { "faultType": "normal fault, certain" }, "geometry": { "type": "LineString", "coordinates": [ [ -103.9328, 29.9687 ], [ -103.9149, 29.9654 ] ] } },
{ "type": "Feature", "properties": { "faultType": "normal fault, approximate" }, "geometry": { "type": "LineString", "coordinates": [ [ -104.6473, 29.9768 ], [ -104.6304, 29.936 ] ] } },
{ "type": "Feature", "properties": { "faultType": "thrust fault, certain" }, "geometry": { "type": "LineString", "coordinates": [ [ -102.9929, 30.0002 ], [ -103.0005, 29.9944 ] ] } },
{ "type": "Feature", "properties": { "faultType": "normal fault, certain" }, "geometry": { "type": "LineString", "coordinates": [ [ -98.059, 30.0229 ], [ -98.0657, 30.0195 ] ] } },
{ "type": "Feature", "properties": { "faultType": "normal fault, certain" }, "geometry": { "type": "LineString", "coordinates": [ [ -97.8459, 30.0263 ], [ -97.854, 30.015 ] ] } },
{ "type": "Feature", "properties": { "faultType": "normal fault, certain" }, "geometry": { "type": "LineString", "coordinates": [ [ -97.854, 30.015 ], [ -97.853, 30.0697 ] ] } },
{ "type": "Feature", "properties": { "faultType": "normal fault, certain" }, "geometry": { "type": "LineString", "coordinates": [ [ -97.3332, 30.0022 ], [ -97.3358, 30.0318 ] ] } },
{ "type": "Feature", "properties": { "faultType": "normal fault, certain" }, "geometry": { "type": "LineString", "coordinates": [ [ -104.1186, 29.9993 ], [ -104.0872, 29.9561 ] ] } },
{ "type": "Feature", "properties": { "faultType": "normal fault, certain" }, "geometry": { "type": "LineString", "coordinates": [ [ -103.063, 29.991 ], [ -103.0522, 30.0002 ] ] } },
{ "type": "Feature", "properties": { "faultType": "normal fault, certain" }, "geometry": { "type": "LineString", "coordinates": [ [ -103.0582, 30.0002 ], [ -103.063, 29.991 ] ] } },
{ "type": "Feature", "properties": { "faultType": "thrust fault, certain" }, "geometry": { "type": "LineString", "coordinates": [ [ -103.0419, 30.0002 ], [ -103.0598, 29.9907 ] ] } },
{ "type": "Feature", "properties": { "faultType": "normal fault, certain" }, "geometry": { "type": "LineString", "coordinates": [ [ -97.8904, 30.0611 ], [ -97.9366, 30.0145 ] ] } },
{ "type": "Feature", "properties": { "faultType": "normal fault, certain" }, "geometry": { "type": "LineString", "coordinates": [ [ -98.0947, 30.0508 ], [ -98.1177, 30.017 ] ] } },
{ "type": "Feature", "properties": { "faultType": "thrust fault, certain" }, "geometry": { "type": "LineString", "coordinates": [ [ -103.3016, 29.9806 ], [ -103.2847, 30.0002 ] ] } },
{ "type": "Feature", "properties": { "faultType": "normal fault, certain" }, "geometry": { "type": "LineString", "coordinates": [ [ -104.5962, 29.937 ], [ -104.5926, 29.9316 ] ] } },
{ "type": "Feature", "properties": { "faultType": "normal fault, certain" }, "geometry": { "type": "LineString", "coordinates": [ [ -97.5624, 30.0205 ], [ -97.5674, 30.0034 ] ] } },
{ "type": "Feature", "properties": { "faultType": "normal fault, certain" }, "geometry": { "type": "LineString", "coordinates": [ [ -103.9273, 29.9575 ], [ -103.9381, 29.9663 ] ] } },
{ "type": "Feature", "properties": { "faultType": "normal fault, certain" }, "geometry": { "type": "LineString", "coordinates": [ [ -104.0472, 29.9504 ], [ -104.0707, 29.9583 ] ] } },
{ "type": "Feature", "properties": { "faultType": "normal fault, certain" }, "geometry": { "type": "LineString", "coordinates": [ [ -97.5867, 30.0202 ], [ -97.5999, 30.0002 ] ] } },
{ "type": "Feature", "properties": { "faultType": "normal fault, certain" }, "geometry": { "type": "LineString", "coordinates": [ [ -97.6656, 30.0085 ], [ -97.6653, 30.0002 ] ] } },
{ "type": "Feature", "properties": { "faultType": "normal fault, certain" }, "geometry": { "type": "LineString", "coordinates": [ [ -97.6703, 30.0002 ], [ -97.6699, 30.0008 ] ] } },
{ "type": "Feature", "properties": { "faultType": "normal fault, certain" }, "geometry": { "type": "LineString", "coordinates": [ [ -98.1398, 30.0294 ], [ -98.2245, 30.0102 ] ] } },
{ "type": "Feature", "properties": { "faultType": "normal fault, certain" }, "geometry": { "type": "LineString", "coordinates": [ [ -98.1711, 30.037 ], [ -98.2245, 30.0102 ] ] } },
{ "type": "Feature", "properties": { "faultType": "normal fault, certain" }, "geometry": { "type": "LineString", "coordinates": [ [ -103.9313, 29.9559 ], [ -103.9255, 29.9514 ] ] } },
{ "type": "Feature", "properties": { "faultType": "normal fault, certain" }, "geometry": { "type": "LineString", "coordinates": [ [ -97.7516, 30.0881 ], [ -97.787, 30.0285 ], [ -97.8141, 30.0018 ] ] } },
{ "type": "Feature", "properties": { "faultType": "normal fault, certain" }, "geometry": { "type": "LineString", "coordinates": [ [ -97.7774, 30.0222 ], [ -97.7922, 30.0002 ] ] } },
{ "type": "Feature", "properties": { "faultType": "normal fault, certain" }, "geometry": { "type": "LineString", "coordinates": [ [ -97.854, 30.015 ], [ -97.8654, 30.0002 ] ] } },
{ "type": "Feature", "properties": { "faultType": "normal fault, certain" }, "geometry": { "type": "LineString", "coordinates": [ [ -103.938, 29.9467 ], [ -103.9255, 29.9514 ] ] } },
{ "type": "Feature", "properties": { "faultType": "normal fault, certain" }, "geometry": { "type": "LineString", "coordinates": [ [ -103.9639, 29.9837 ], [ -103.938, 29.9467 ] ] } },
{ "type": "Feature", "properties": { "faultType": "normal fault, certain" }, "geometry": { "type": "LineString", "coordinates": [ [ -97.9285, 30.0002 ], [ -97.9013, 30.0341 ] ] } },
{ "type": "Feature", "properties": { "faultType": "normal fault, certain" }, "geometry": { "type": "LineString", "coordinates": [ [ -97.9096, 30.0334 ], [ -97.9361, 30.0002 ] ] } },
{ "type": "Feature", "properties": { "faultType": "normal fault, certain" }, "geometry": { "type": "LineString", "coordinates": [ [ -98.0657, 30.0195 ], [ -98.0784, 30.0025 ] ] } },
{ "type": "Feature", "properties": { "faultType": "normal fault, certain" }, "geometry": { "type": "LineString", "coordinates": [ [ -103.3969, 29.982 ], [ -103.3916, 29.9648 ] ] } },
{ "type": "Feature", "properties": { "faultType": "normal fault, certain" }, "geometry": { "type": "LineString", "coordinates": [ [ -97.9721, 30.0122 ], [ -97.9921, 30.0002 ] ] } },
{ "type": "Feature", "properties": { "faultType": "normal fault, certain" }, "geometry": { "type": "LineString", "coordinates": [ [ -103.938, 29.9467 ], [ -103.9376, 29.9444 ] ] } },
{ "type": "Feature", "properties": { "faultType": "normal fault, certain" }, "geometry": { "type": "LineString", "coordinates": [ [ -98.0657, 30.0195 ], [ -98.0887, 30.0002 ] ] } },
{ "type": "Feature", "properties": { "faultType": "normal fault, certain" }, "geometry": { "type": "LineString", "coordinates": [ [ -104.5866, 29.9232 ], [ -104.5834, 29.9168 ] ] } },
{ "type": "Feature", "properties": { "faultType": "normal fault, certain" }, "geometry": { "type": "LineString", "coordinates": [ [ -103.2591, 29.982 ], [ -103.2648, 29.9661 ] ] } },
{ "type": "Feature", "properties": { "faultType": "normal fault, certain" }, "geometry": { "type": "LineString", "coordinates": [ [ -98.1217, 30.0244 ], [ -98.1388, 30.0002 ] ] } },
{ "type": "Feature", "properties": { "faultType": "normal fault, certain" }, "geometry": { "type": "LineString", "coordinates": [ [ -103.9255, 29.9514 ], [ -103.9165, 29.9427 ] ] } },
{ "type": "Feature", "properties": { "faultType": "normal fault, certain" }, "geometry": { "type": "LineString", "coordinates": [ [ -98.1262, 30.0306 ], [ -98.1783, 30.0002 ] ] } },
{ "type": "Feature", "properties": { "faultType": "normal fault, certain" }, "geometry": { "type": "LineString", "coordinates": [ [ -98.2245, 30.0102 ], [ -98.2394, 30.0002 ] ] } },
{ "type": "Feature", "properties": { "faultType": "thrust fault, certain" }, "geometry": { "type": "LineString", "coordinates": [ [ -103.0005, 29.9944 ], [ -103.0431, 29.9706 ] ] } },
{ "type": "Feature", "properties": { "faultType": "normal fault, certain" }, "geometry": { "type": "LineString", "coordinates": [ [ -97.7922, 30.0002 ], [ -97.7996, 29.9906 ] ] } },
{ "type": "Feature", "properties": { "faultType": "normal fault, certain" }, "geometry": { "type": "LineString", "coordinates": [ [ -97.9296, 29.9896 ], [ -97.9287, 29.9938 ] ] } },
{ "type": "Feature", "properties": { "faultType": "normal fault, certain" }, "geometry": { "type": "LineString", "coordinates": [ [ -103.9348, 29.9356 ], [ -103.9376, 29.9444 ] ] } },
{ "type": "Feature", "properties": { "faultType": "normal fault, certain" }, "geometry": { "type": "LineString", "coordinates": [ [ -103.9348, 29.9356 ], [ -103.9668, 29.9843 ] ] } },
{ "type": "Feature", "properties": { "faultType": "normal fault, certain" }, "geometry": { "type": "LineString", "coordinates": [ [ -104.0858, 29.958 ], [ -104.0614, 29.9304 ] ] } },
{ "type": "Feature", "properties": { "faultType": "thrust fault, certain" }, "geometry": { "type": "LineString", "coordinates": [ [ -103.2694, 29.9775 ], [ -103.2853, 29.9555 ] ] } },
{ "type": "Feature", "properties": { "faultType": "thrust fault, certain" }, "geometry": { "type": "LineString", "coordinates": [ [ -103.1754, 29.9787 ], [ -103.2036, 29.9572 ] ] } },
{ "type": "Feature", "properties": { "faultType": "normal fault, certain" }, "geometry": { "type": "LineString", "coordinates": [ [ -97.6843, 29.9789 ], [ -97.6703, 30.0002 ] ] } },
{ "type": "Feature", "properties": { "faultType": "normal fault, certain" }, "geometry": { "type": "LineString", "coordinates": [ [ -103.7048, 29.9368 ], [ -103.7323, 29.9534 ] ] } },
{ "type": "Feature", "properties": { "faultType": "normal fault, certain" }, "geometry": { "type": "LineString", "coordinates": [ [ -103.7412, 29.9542 ], [ -103.7193, 29.9363 ] ] } },
{ "type": "Feature", "properties": { "faultType": "normal fault, certain" }, "geometry": { "type": "LineString", "coordinates": [ [ -97.9287, 29.9938 ], [ -97.9458, 29.9812 ] ] } },
{ "type": "Feature", "properties": { "faultType": "normal fault, certain" }, "geometry": { "type": "LineString", "coordinates": [ [ -102.1678, 29.9786 ], [ -102.1548, 29.9804 ] ] } },
{ "type": "Feature", "properties": { "faultType": "normal fault, certain" }, "geometry": { "type": "LineString", "coordinates": [ [ -103.7496, 29.9476 ], [ -103.7187, 29.9343 ] ] } },
{ "type": "Feature", "properties": { "faultType": "normal fault, certain" }, "geometry": { "type": "LineString", "coordinates": [ [ -97.8654, 30.0002 ], [ -97.8794, 29.9783 ] ] } },
{ "type": "Feature", "properties": { "faultType": "normal fault, certain" }, "geometry": { "type": "LineString", "coordinates": [ [ -103.6719, 29.961 ], [ -103.6512, 29.953 ], [ -103.6434, 29.9361 ] ] } },
{ "type": "Feature", "properties": { "faultType": "normal fault, certain" }, "geometry": { "type": "LineString", "coordinates": [ [ -103.6737, 29.9578 ], [ -103.6434, 29.9361 ] ] } },
{ "type": "Feature", "properties": { "faultType": "normal fault, certain" }, "geometry": { "type": "LineString", "coordinates": [ [ -97.8032, 29.9846 ], [ -97.8104, 29.9767 ] ] } },
{ "type": "Feature", "properties": { "faultType": "normal fault, certain" }, "geometry": { "type": "LineString", "coordinates": [ [ -97.6653, 30.0002 ], [ -97.665, 29.9733 ] ] } },
{ "type": "Feature", "properties": { "faultType": "thrust fault, certain" }, "geometry": { "type": "LineString", "coordinates": [ [ -103.1441, 29.9768 ], [ -103.1991, 29.9469 ] ] } },
{ "type": "Feature", "properties": { "faultType": "thrust fault, certain" }, "geometry": { "type": "LineString", "coordinates": [ [ -103.1408, 30.0002 ], [ -103.1991, 29.9469 ] ] } },
{ "type": "Feature", "properties": { "faultType": "normal fault, certain" }, "geometry": { "type": "LineString", "coordinates": [ [ -103.7446, 29.9404 ], [ -103.7208, 29.9277 ] ] } },
{ "type": "Feature", "properties": { "faultType": "normal fault, certain" }, "geometry": { "type": "LineString", "coordinates": [ [ -103.7831, 29.9566 ], [ -103.7559, 29.9259 ] ] } },
{ "type": "Feature", "properties": { "faultType": "normal fault, certain" }, "geometry": { "type": "LineString", "coordinates": [ [ -98.1783, 30.0002 ], [ -98.2308, 29.9777 ] ] } },
{ "type": "Feature", "properties": { "faultType": "normal fault, certain" }, "geometry": { "type": "LineString", "coordinates": [ [ -97.8259, 29.9943 ], [ -97.8444, 29.9701 ] ] } },
{ "type": "Feature", "properties": { "faultType": "thrust fault, certain" }, "geometry": { "type": "LineString", "coordinates": [ [ -103.1991, 29.9469 ], [ -103.2176, 29.942 ] ] } },
{ "type": "Feature", "properties": { "faultType": "thrust fault, certain" }, "geometry": { "type": "LineString", "coordinates": [ [ -103.1539, 29.9996 ], [ -103.1756, 29.9716 ], [ -103.2176, 29.942 ] ] } },
{ "type": "Feature", "properties": { "faultType": "normal fault, certain" }, "geometry": { "type": "LineString", "coordinates": [ [ -97.8941, 29.9793 ], [ -97.9035, 29.9687 ] ] } },
{ "type": "Feature", "properties": { "faultType": "normal fault, certain" }, "geometry": { "type": "LineString", "coordinates": [ [ -103.6908, 29.9218 ], [ -103.7193, 29.9363 ] ] } },
{ "type": "Feature", "properties": { "faultType": "thrust fault, certain" }, "geometry": { "type": "LineString", "coordinates": [ [ -103.2648, 29.9661 ], [ -103.3003, 29.9348 ] ] } },
{ "type": "Feature", "properties": { "faultType": "normal fault, certain" }, "geometry": { "type": "LineString", "coordinates": [ [ -102.1723, 29.9644 ], [ -102.1635, 29.9677 ] ] } },
{ "type": "Feature", "properties": { "faultType": "normal fault, certain" }, "geometry": { "type": "LineString", "coordinates": [ [ -97.5999, 30.0002 ], [ -97.6393, 29.9603 ] ] } },
{ "type": "Feature", "properties": { "faultType": "normal fault, certain" }, "geometry": { "type": "LineString", "coordinates": [ [ -97.6346, 29.9649 ], [ -97.6393, 29.9603 ] ] } },
{ "type": "Feature", "properties": { "faultType": "normal fault, certain" }, "geometry": { "type": "LineString", "coordinates": [ [ -103.9717, 29.9163 ], [ -103.9654, 29.911 ] ] } },
{ "type": "Feature", "properties": { "faultType": "normal fault, certain" }, "geometry": { "type": "LineString", "coordinates": [ [ -103.9654, 29.911 ], [ -103.9645, 29.9108 ] ] } },
{ "type": "Feature", "properties": { "faultType": "normal fault, certain" }, "geometry": { "type": "LineString", "coordinates": [ [ -103.6434, 29.9361 ], [ -103.6304, 29.9221 ] ] } },
{ "type": "Feature", "properties": { "faultType": "thrust fault, certain" }, "geometry": { "type": "LineString", "coordinates": [ [ -103.2036, 29.9923 ], [ -103.281, 29.9335 ] ] } },
{ "type": "Feature", "properties": { "faultType": "normal fault, certain" }, "geometry": { "type": "LineString", "coordinates": [ [ -97.9752, 29.9644 ], [ -97.9285, 30.0002 ] ] } },
{ "type": "Feature", "properties": { "faultType": "normal fault, certain" }, "geometry": { "type": "LineString", "coordinates": [ [ -97.9458, 29.9812 ], [ -97.9752, 29.9644 ] ] } },
{ "type": "Feature", "properties": { "faultType": "normal fault, certain" }, "geometry": { "type": "LineString", "coordinates": [ [ -97.8124, 29.9728 ], [ -97.8238, 29.9605 ] ] } },
{ "type": "Feature", "properties": { "faultType": "normal fault, certain" }, "geometry": { "type": "LineString", "coordinates": [ [ -97.142, 29.9436 ], [ -97.1149, 29.9595 ] ] } },
{ "type": "Feature", "properties": { "faultType": "normal fault, certain" }, "geometry": { "type": "LineString", "coordinates": [ [ -97.9506, 29.9626 ], [ -97.9296, 29.9896 ] ] } },
{ "type": "Feature", "properties": { "faultType": "normal fault, certain" }, "geometry": { "type": "LineString", "coordinates": [ [ -97.9296, 29.9896 ], [ -97.9506, 29.9626 ] ] } },
{ "type": "Feature", "properties": { "faultType": "normal fault, certain" }, "geometry": { "type": "LineString", "coordinates": [ [ -103.9589, 29.9263 ], [ -103.9333, 29.9083 ] ] } },
{ "type": "Feature", "properties": { "faultType": "normal fault, certain" }, "geometry": { "type": "LineString", "coordinates": [ [ -102.7107, 29.9465 ], [ -102.7159, 29.9599 ] ] } },
{ "type": "Feature", "properties": { "faultType": "normal fault, certain" }, "geometry": { "type": "LineString", "coordinates": [ [ -98.1388, 30.0002 ], [ -98.1784, 29.9653 ] ] } },
{ "type": "Feature", "properties": { "faultType": "normal fault, certain" }, "geometry": { "type": "LineString", "coordinates": [ [ -97.9458, 29.9812 ], [ -97.966, 29.9609 ] ] } },
{ "type": "Feature", "properties": { "faultType": "normal fault, certain" }, "geometry": { "type": "LineString", "coordinates": [ [ -97.8863, 29.9684 ], [ -97.894, 29.9578 ] ] } },
{ "type": "Feature", "properties": { "faultType": "normal fault, certain" }, "geometry": { "type": "LineString", "coordinates": [ [ -103.9645, 29.9108 ], [ -103.9544, 29.903 ] ] } },
{ "type": "Feature", "properties": { "faultType": "thrust fault, certain" }, "geometry": { "type": "LineString", "coordinates": [ [ -103.2176, 29.942 ], [ -103.2584, 29.9253 ] ] } },
{ "type": "Feature", "properties": { "faultType": "normal fault, certain" }, "geometry": { "type": "LineString", "coordinates": [ [ -97.877, 29.9656 ], [ -97.8822, 29.9544 ] ] } },
{ "type": "Feature", "properties": { "faultType": "normal fault, certain" }, "geometry": { "type": "LineString", "coordinates": [ [ -97.568, 29.999 ], [ -97.583, 29.9473 ] ] } },
{ "type": "Feature", "properties": { "faultType": "normal fault, certain" }, "geometry": { "type": "LineString", "coordinates": [ [ -103.899, 29.9022 ], [ -103.9348, 29.9356 ] ] } },
{ "type": "Feature", "properties": { "faultType": "normal fault, certain" }, "geometry": { "type": "LineString", "coordinates": [ [ -97.9488, 29.9545 ], [ -97.9455, 29.9581 ] ] } },
{ "type": "Feature", "properties": { "faultType": "normal fault, certain" }, "geometry": { "type": "LineString", "coordinates": [ [ -97.9574, 29.9539 ], [ -97.9506, 29.9626 ] ] } },
{ "type": "Feature", "properties": { "faultType": "normal fault, certain" }, "geometry": { "type": "LineString", "coordinates": [ [ -97.9488, 29.9545 ], [ -97.9574, 29.9539 ] ] } },
{ "type": "Feature", "properties": { "faultType": "normal fault, certain" }, "geometry": { "type": "LineString", "coordinates": [ [ -97.913, 29.9595 ], [ -97.9251, 29.9521 ] ] } },
{ "type": "Feature", "properties": { "faultType": "normal fault, certain" }, "geometry": { "type": "LineString", "coordinates": [ [ -97.9891, 29.9533 ], [ -97.9752, 29.9644 ] ] } },
{ "type": "Feature", "properties": { "faultType": "normal fault, certain" }, "geometry": { "type": "LineString", "coordinates": [ [ -97.1595, 29.9319 ], [ -97.1491, 29.939 ] ] } },
{ "type": "Feature", "properties": { "faultType": "normal fault, certain" }, "geometry": { "type": "LineString", "coordinates": [ [ -97.9156, 29.9637 ], [ -97.9342, 29.9491 ] ] } },
{ "type": "Feature", "properties": { "faultType": "thrust fault, certain" }, "geometry": { "type": "LineString", "coordinates": [ [ -103.442, 29.9942 ], [ -103.4439, 29.9854 ], [ -103.4197, 29.9695 ], [ -103.4037, 29.943 ], [ -103.4085, 29.9139 ] ] } },
{ "type": "Feature", "properties": { "faultType": "normal fault, certain" }, "geometry": { "type": "LineString", "coordinates": [ [ -97.9921, 30.0002 ], [ -98.07, 29.9513 ] ] } },
{ "type": "Feature", "properties": { "faultType": "normal fault, certain" }, "geometry": { "type": "LineString", "coordinates": [ [ -97.9113, 29.9558 ], [ -97.9265, 29.9471 ] ] } },
{ "type": "Feature", "properties": { "faultType": "normal fault, certain" }, "geometry": { "type": "LineString", "coordinates": [ [ -97.9251, 29.9521 ], [ -97.9265, 29.9471 ] ] } },
{ "type": "Feature", "properties": { "faultType": "normal fault, certain" }, "geometry": { "type": "LineString", "coordinates": [ [ -97.9627, 29.9475 ], [ -97.9574, 29.9539 ] ] } },
{ "type": "Feature", "properties": { "faultType": "normal fault, certain" }, "geometry": { "type": "LineString", "coordinates": [ [ -103.4085, 29.9139 ], [ -103.3933, 29.912 ] ] } },
{ "type": "Feature", "properties": { "faultType": "normal fault, certain" }, "geometry": { "type": "LineString", "coordinates": [ [ -97.1149, 29.9595 ], [ -97.1325, 29.9269 ] ] } },
{ "type": "Feature", "properties": { "faultType": "thrust fault, certain" }, "geometry": { "type": "LineString", "coordinates": [ [ -103.1541, 29.9626 ], [ -103.221, 29.9154 ] ] } },
{ "type": "Feature", "properties": { "faultType": "normal fault, certain" }, "geometry": { "type": "LineString", "coordinates": [ [ -103.221, 29.9154 ], [ -103.2216, 29.9219 ] ] } },
{ "type": "Feature", "properties": { "faultType": "normal fault, certain" }, "geometry": { "type": "LineString", "coordinates": [ [ -97.1668, 29.9264 ], [ -97.1625, 29.9291 ] ] } },
{ "type": "Feature", "properties": { "faultType": "normal fault, certain" }, "geometry": { "type": "LineString", "coordinates": [ [ -103.9243, 29.903 ], [ -103.9122, 29.8894 ] ] } },
{ "type": "Feature", "properties": { "faultType": "normal fault, certain" }, "geometry": { "type": "LineString", "coordinates": [ [ -103.3867, 29.9295 ], [ -103.3886, 29.9071 ] ] } },
{ "type": "Feature", "properties": { "faultType": "normal fault, certain" }, "geometry": { "type": "LineString", "coordinates": [ [ -103.9544, 29.903 ], [ -103.9279, 29.8879 ] ] } },
{ "type": "Feature", "properties": { "faultType": "normal fault, certain" }, "geometry": { "type": "LineString", "coordinates": [ [ -97.1692, 29.9241 ], [ -97.1707, 29.9235 ] ] } },
{ "type": "Feature", "properties": { "faultType": "normal fault, certain" }, "geometry": { "type": "LineString", "coordinates": [ [ -103.2206, 29.912 ], [ -103.221, 29.9154 ] ] } },
{ "type": "Feature", "properties": { "faultType": "normal fault, certain" }, "geometry": { "type": "LineString", "coordinates": [ [ -97.962, 29.9414 ], [ -97.9488, 29.9545 ] ] } },
{ "type": "Feature", "properties": { "faultType": "normal fault, certain" }, "geometry": { "type": "LineString", "coordinates": [ [ -101.3672, 29.9719 ], [ -101.3796, 29.9516 ] ] } },
{ "type": "Feature", "properties": { "faultType": "normal fault, certain" }, "geometry": { "type": "LineString", "coordinates": [ [ -103.4454, 29.9027 ], [ -103.4848, 29.9367 ] ] } },
{ "type": "Feature", "properties": { "faultType": "normal fault, certain" }, "geometry": { "type": "LineString", "coordinates": [ [ -103.2203, 29.9098 ], [ -103.2206, 29.912 ] ] } },
{ "type": "Feature", "properties": { "faultType": "normal fault, certain" }, "geometry": { "type": "LineString", "coordinates": [ [ -103.4604, 29.9019 ], [ -103.4885, 29.9315 ] ] } },
{ "type": "Feature", "properties": { "faultType": "normal fault, certain" }, "geometry": { "type": "LineString", "coordinates": [ [ -102.7007, 29.9434 ], [ -102.6918, 29.9243 ] ] } },
{ "type": "Feature", "properties": { "faultType": "normal fault, approximate" }, "geometry": { "type": "LineString", "coordinates": [ [ -104.5741, 29.8989 ], [ -104.5434, 29.859 ] ] } },
{ "type": "Feature", "properties": { "faultType": "normal fault, certain" }, "geometry": { "type": "LineString", "coordinates": [ [ -97.1532, 29.9182 ], [ -97.1476, 29.9198 ] ] } },
{ "type": "Feature", "properties": { "faultType": "normal fault, certain" }, "geometry": { "type": "LineString", "coordinates": [ [ -97.9361, 30.0002 ], [ -98.0207, 29.9382 ] ] } },
{ "type": "Feature", "properties": { "faultType": "normal fault, certain" }, "geometry": { "type": "LineString", "coordinates": [ [ -103.4634, 29.8987 ], [ -103.4961, 29.9068 ] ] } },
{ "type": "Feature", "properties": { "faultType": "normal fault, certain" }, "geometry": { "type": "LineString", "coordinates": [ [ -102.7256, 29.932 ], [ -102.7142, 29.9202 ] ] } },
{ "type": "Feature", "properties": { "faultType": "normal fault, certain" }, "geometry": { "type": "LineString", "coordinates": [ [ -97.6393, 29.9603 ], [ -97.6683, 29.9288 ] ] } },
{ "type": "Feature", "properties": { "faultType": "normal fault, certain" }, "geometry": { "type": "LineString", "coordinates": [ [ -103.2397, 29.9042 ], [ -103.221, 29.9154 ] ] } },
{ "type": "Feature", "properties": { "faultType": "normal fault, certain" }, "geometry": { "type": "LineString", "coordinates": [ [ -103.9519, 29.9319 ], [ -103.884, 29.8807 ] ] } },
{ "type": "Feature", "properties": { "faultType": "normal fault, certain" }, "geometry": { "type": "LineString", "coordinates": [ [ -97.9569, 29.9328 ], [ -97.9342, 29.9491 ] ] } },
{ "type": "Feature", "properties": { "faultType": "thrust fault, certain" }, "geometry": { "type": "LineString", "coordinates": [ [ -103.1257, 29.9498 ], [ -103.2147, 29.9032 ] ] } },
{ "type": "Feature", "properties": { "faultType": "normal fault, certain" }, "geometry": { "type": "LineString", "coordinates": [ [ -103.9279, 29.8879 ], [ -103.9133, 29.8789 ] ] } },
{ "type": "Feature", "properties": { "faultType": "normal fault, certain" }, "geometry": { "type": "LineString", "coordinates": [ [ -97.1637, 29.9133 ], [ -97.1572, 29.9148 ] ] } },
{ "type": "Feature", "properties": { "faultType": "normal fault, certain" }, "geometry": { "type": "LineString", "coordinates": [ [ -97.9251, 29.9521 ], [ -97.9465, 29.9312 ] ] } },
{ "type": "Feature", "properties": { "faultType": "normal fault, certain" }, "geometry": { "type": "LineString", "coordinates": [ [ -96.8524, 29.9036 ], [ -96.8665, 29.9272 ] ] } },
{ "type": "Feature", "properties": { "faultType": "normal fault, certain" }, "geometry": { "type": "LineString", "coordinates": [ [ -97.9342, 29.9491 ], [ -97.9539, 29.9309 ] ] } },
{ "type": "Feature", "properties": { "faultType": "normal fault, certain" }, "geometry": { "type": "LineString", "coordinates": [ [ -103.9544, 29.903 ], [ -103.9413, 29.8751 ] ] } },
{ "type": "Feature", "properties": { "faultType": "normal fault, certain" }, "geometry": { "type": "LineString", "coordinates": [ [ -103.9752, 29.9004 ], [ -103.9413, 29.8751 ] ] } },
{ "type": "Feature", "properties": { "faultType": "normal fault, certain" }, "geometry": { "type": "LineString", "coordinates": [ [ -97.1488, 29.9918 ], [ -97.2019, 29.9513 ], [ -97.2344, 29.9127 ] ] } },
{ "type": "Feature", "properties": { "faultType": "normal fault, certain" }, "geometry": { "type": "LineString", "coordinates": [ [ -103.4888, 29.8899 ], [ -103.5434, 29.9114 ] ] } },
{ "type": "Feature", "properties": { "faultType": "normal fault, certain" }, "geometry": { "type": "LineString", "coordinates": [ [ -103.4006, 29.8921 ], [ -103.3905, 29.891 ] ] } },
{ "type": "Feature", "properties": { "faultType": "normal fault, certain" }, "geometry": { "type": "LineString", "coordinates": [ [ -97.1715, 29.911 ], [ -97.1829, 29.9059 ] ] } },
{ "type": "Feature", "properties": { "faultType": "normal fault, certain" }, "geometry": { "type": "LineString", "coordinates": [ [ -97.1793, 29.9128 ], [ -97.1829, 29.9059 ] ] } },
{ "type": "Feature", "properties": { "faultType": "normal fault, certain" }, "geometry": { "type": "LineString", "coordinates": [ [ -96.9814, 29.9185 ], [ -97.0003, 29.8994 ] ] } },
{ "type": "Feature", "properties": { "faultType": "normal fault, certain" }, "geometry": { "type": "LineString", "coordinates": [ [ -97.2044, 29.94 ], [ -97.2097, 29.9052 ] ] } },
{ "type": "Feature", "properties": { "faultType": "normal fault, certain" }, "geometry": { "type": "LineString", "coordinates": [ [ -97.8738, 29.9352 ], [ -97.89, 29.9203 ] ] } },
{ "type": "Feature", "properties": { "faultType": "normal fault, certain" }, "geometry": { "type": "LineString", "coordinates": [ [ -103.9279, 29.8879 ], [ -103.9238, 29.8642 ] ] } },
{ "type": "Feature", "properties": { "faultType": "normal fault, certain" }, "geometry": { "type": "LineString", "coordinates": [ [ -97.9025, 29.9421 ], [ -97.9248, 29.9168 ] ] } },
{ "type": "Feature", "properties": { "faultType": "normal fault, certain" }, "geometry": { "type": "LineString", "coordinates": [ [ -102.8733, 29.8978 ], [ -102.8947, 29.9235 ] ] } },
{ "type": "Feature", "properties": { "faultType": "normal fault, certain" }, "geometry": { "type": "LineString", "coordinates": [ [ -97.1393, 29.9098 ], [ -97.1564, 29.8978 ] ] } },
{ "type": "Feature", "properties": { "faultType": "normal fault, certain" }, "geometry": { "type": "LineString", "coordinates": [ [ -97.8626, 29.9263 ], [ -97.881, 29.9138 ] ] } },
{ "type": "Feature", "properties": { "faultType": "normal fault, certain" }, "geometry": { "type": "LineString", "coordinates": [ [ -97.9265, 29.9471 ], [ -97.9451, 29.9143 ] ] } },
{ "type": "Feature", "properties": { "faultType": "normal fault, certain" }, "geometry": { "type": "LineString", "coordinates": [ [ -97.6745, 29.9229 ], [ -97.6872, 29.9082 ] ] } },
{ "type": "Feature", "properties": { "faultType": "normal fault, certain" }, "geometry": { "type": "LineString", "coordinates": [ [ -97.3457, 29.9408 ], [ -97.3599, 29.8988 ] ] } },
{ "type": "Feature", "properties": { "faultType": "normal fault, certain" }, "geometry": { "type": "LineString", "coordinates": [ [ -103.9083, 29.8783 ], [ -103.8815, 29.8595 ] ] } },
{ "type": "Feature", "properties": { "faultType": "normal fault, certain" }, "geometry": { "type": "LineString", "coordinates": [ [ -98.0887, 30.0002 ], [ -98.1818, 29.932 ], [ -98.2297, 29.915 ] ] } },
{ "type": "Feature", "properties": { "faultType": "normal fault, certain" }, "geometry": { "type": "LineString", "coordinates": [ [ -98.2387, 29.9136 ], [ -98.244, 29.9125 ] ] } },
{ "type": "Feature", "properties": { "faultType": "normal fault, certain" }, "geometry": { "type": "LineString", "coordinates": [ [ -97.9112, 29.9061 ], [ -97.912, 29.9155 ] ] } },
{ "type": "Feature", "properties": { "faultType": "normal fault, certain" }, "geometry": { "type": "LineString", "coordinates": [ [ -98.2459, 29.912 ], [ -98.2503, 29.9107 ] ] } },
{ "type": "Feature", "properties": { "faultType": "normal fault, certain" }, "geometry": { "type": "LineString", "coordinates": [ [ -97.9111, 29.9227 ], [ -97.9221, 29.9045 ] ] } },
{ "type": "Feature", "properties": { "faultType": "normal fault, certain" }, "geometry": { "type": "LineString", "coordinates": [ [ -102.4561, 29.896 ], [ -102.4823, 29.9296 ] ] } },
{ "type": "Feature", "properties": { "faultType": "normal fault, certain" }, "geometry": { "type": "LineString", "coordinates": [ [ -102.6839, 29.9148 ], [ -102.6689, 29.8907 ] ] } },
{ "type": "Feature", "properties": { "faultType": "normal fault, certain" }, "geometry": { "type": "LineString", "coordinates": [ [ -102.86, 29.8853 ], [ -102.8685, 29.894 ] ] } },
{ "type": "Feature", "properties": { "faultType": "normal fault, certain" }, "geometry": { "type": "LineString", "coordinates": [ [ -97.9788, 29.9216 ], [ -97.9978, 29.9043 ] ] } },
{ "type": "Feature", "properties": { "faultType": "normal fault, certain" }, "geometry": { "type": "LineString", "coordinates": [ [ -103.0985, 29.8921 ], [ -103.097, 29.8761 ] ] } },
{ "type": "Feature", "properties": { "faultType": "normal fault, certain" }, "geometry": { "type": "LineString", "coordinates": [ [ -102.4909, 29.8917 ], [ -102.5078, 29.9159 ] ] } },
{ "type": "Feature", "properties": { "faultType": "normal fault, certain" }, "geometry": { "type": "LineString", "coordinates": [ [ -104.2426, 29.8616 ], [ -104.2168, 29.8348 ] ] } },
{ "type": "Feature", "properties": { "faultType": "normal fault, certain" }, "geometry": { "type": "LineString", "coordinates": [ [ -97.0003, 29.8994 ], [ -97.0198, 29.877 ] ] } },
{ "type": "Feature", "properties": { "faultType": "normal fault, certain" }, "geometry": { "type": "LineString", "coordinates": [ [ -98.2546, 29.9088 ], [ -98.2731, 29.9048 ] ] } },
{ "type": "Feature", "properties": { "faultType": "normal fault, certain" }, "geometry": { "type": "LineString", "coordinates": [ [ -103.9174, 29.8618 ], [ -103.8936, 29.8445 ] ] } },
{ "type": "Feature", "properties": { "faultType": "normal fault, certain" }, "geometry": { "type": "LineString", "coordinates": [ [ -103.8817, 29.8446 ], [ -103.906, 29.8614 ] ] } },
{ "type": "Feature", "properties": { "faultType": "normal fault, certain" }, "geometry": { "type": "LineString", "coordinates": [ [ -102.5191, 29.8854 ], [ -102.527, 29.896 ] ] } },
{ "type": "Feature", "properties": { "faultType": "normal fault, certain" }, "geometry": { "type": "LineString", "coordinates": [ [ -97.9962, 29.8957 ], [ -97.9775, 29.9144 ] ] } },
{ "type": "Feature", "properties": { "faultType": "thrust fault, certain" }, "geometry": { "type": "LineString", "coordinates": [ [ -103.4085, 29.9139 ], [ -103.4061, 29.8662 ], [ -103.3924, 29.8618 ] ] } },
{ "type": "Feature", "properties": { "faultType": "normal fault, certain" }, "geometry": { "type": "LineString", "coordinates": [ [ -97.9451, 29.9143 ], [ -97.986, 29.8945 ] ] } },
{ "type": "Feature", "properties": { "faultType": "normal fault, certain" }, "geometry": { "type": "LineString", "coordinates": [ [ -101.6547, 29.9007 ], [ -101.6399, 29.9134 ] ] } },
{ "type": "Feature", "properties": { "faultType": "normal fault, certain" }, "geometry": { "type": "LineString", "coordinates": [ [ -103.9413, 29.8751 ], [ -103.9036, 29.8402 ] ] } },
{ "type": "Feature", "properties": { "faultType": "normal fault, certain" }, "geometry": { "type": "LineString", "coordinates": [ [ -97.1441, 29.9006 ], [ -97.1727, 29.8726 ] ] } },
{ "type": "Feature", "properties": { "faultType": "normal fault, certain" }, "geometry": { "type": "LineString", "coordinates": [ [ -97.9552, 29.9066 ], [ -97.9712, 29.8889 ] ] } },
{ "type": "Feature", "properties": { "faultType": "normal fault, certain" }, "geometry": { "type": "LineString", "coordinates": [ [ -102.4841, 29.8779 ], [ -102.505, 29.8919 ] ] } },
{ "type": "Feature", "properties": { "faultType": "normal fault, certain" }, "geometry": { "type": "LineString", "coordinates": [ [ -102.7903, 29.9004 ], [ -102.8038, 29.8682 ] ] } },
{ "type": "Feature", "properties": { "faultType": "normal fault, certain" }, "geometry": { "type": "LineString", "coordinates": [ [ -97.9451, 29.9143 ], [ -97.9702, 29.8858 ] ] } },
{ "type": "Feature", "properties": { "faultType": "normal fault, certain" }, "geometry": { "type": "LineString", "coordinates": [ [ -98.07, 29.9513 ], [ -98.1188, 29.9346 ], [ -98.1757, 29.9288 ], [ -98.2172, 29.8898 ] ] } },
{ "type": "Feature", "properties": { "faultType": "normal fault, certain" }, "geometry": { "type": "LineString", "coordinates": [ [ -96.8528, 29.8974 ], [ -96.8517, 29.8568 ] ] } },
{ "type": "Feature", "properties": { "faultType": "normal fault, certain" }, "geometry": { "type": "LineString", "coordinates": [ [ -103.589, 29.8425 ], [ -103.6138, 29.8646 ] ] } },
{ "type": "Feature", "properties": { "faultType": "normal fault, certain" }, "geometry": { "type": "LineString", "coordinates": [ [ -103.89, 29.8314 ], [ -103.9266, 29.8499 ], [ -103.9413, 29.8751 ] ] } },
{ "type": "Feature", "properties": { "faultType": "normal fault, certain" }, "geometry": { "type": "LineString", "coordinates": [ [ -103.9274, 29.8299 ], [ -103.9026, 29.8303 ] ] } },
{ "type": "Feature", "properties": { "faultType": "normal fault, certain" }, "geometry": { "type": "LineString", "coordinates": [ [ -104.3297, 29.8271 ], [ -104.3346, 29.8104 ] ] } },
{ "type": "Feature", "properties": { "faultType": "normal fault, certain" }, "geometry": { "type": "LineString", "coordinates": [ [ -102.6215, 29.8925 ], [ -102.5706, 29.8601 ] ] } },
{ "type": "Feature", "properties": { "faultType": "normal fault, certain" }, "geometry": { "type": "LineString", "coordinates": [ [ -103.6405, 29.8485 ], [ -103.6121, 29.8277 ] ] } },
{ "type": "Feature", "properties": { "faultType": "normal fault, certain" }, "geometry": { "type": "LineString", "coordinates": [ [ -97.2272, 29.917 ], [ -97.2677, 29.8534 ] ] } },
{ "type": "Feature", "properties": { "faultType": "normal fault, certain" }, "geometry": { "type": "LineString", "coordinates": [ [ -102.7173, 29.8626 ], [ -102.6921, 29.8533 ] ] } },
{ "type": "Feature", "properties": { "faultType": "normal fault, certain" }, "geometry": { "type": "LineString", "coordinates": [ [ -97.1829, 29.9059 ], [ -97.2191, 29.8844 ], [ -97.2447, 29.8505 ] ] } },
{ "type": "Feature", "properties": { "faultType": "normal fault, certain" }, "geometry": { "type": "LineString", "coordinates": [ [ -97.9851, 29.8831 ], [ -98.0001, 29.8649 ] ] } },
{ "type": "Feature", "properties": { "faultType": "normal fault, certain" }, "geometry": { "type": "LineString", "coordinates": [ [ -98.0001, 29.8649 ], [ -97.9851, 29.8831 ] ] } },
{ "type": "Feature", "properties": { "faultType": "normal fault, certain" }, "geometry": { "type": "LineString", "coordinates": [ [ -98.07, 29.9513 ], [ -98.1175, 29.9067 ], [ -98.179, 29.868 ] ] } },
{ "type": "Feature", "properties": { "faultType": "normal fault, certain" }, "geometry": { "type": "LineString", "coordinates": [ [ -101.2614, 29.8852 ], [ -101.2783, 29.8759 ] ] } },
{ "type": "Feature", "properties": { "faultType": "normal fault, certain" }, "geometry": { "type": "LineString", "coordinates": [ [ -98.0207, 29.9382 ], [ -98.1558, 29.8674 ] ] } },
{ "type": "Feature", "properties": { "faultType": "normal fault, certain" }, "geometry": { "type": "LineString", "coordinates": [ [ -97.7244, 29.8698 ], [ -97.7313, 29.8587 ] ] } },
{ "type": "Feature", "properties": { "faultType": "normal fault, certain" }, "geometry": { "type": "LineString", "coordinates": [ [ -97.7153, 29.868 ], [ -97.7217, 29.8584 ] ] } },
{ "type": "Feature", "properties": { "faultType": "normal fault, certain" }, "geometry": { "type": "LineString", "coordinates": [ [ -102.8085, 29.8638 ], [ -102.8246, 29.843 ] ] } },
{ "type": "Feature", "properties": { "faultType": "normal fault, certain" }, "geometry": { "type": "LineString", "coordinates": [ [ -97.1637, 29.8848 ], [ -97.2274, 29.844 ] ] } },
{ "type": "Feature", "properties": { "faultType": "normal fault, certain" }, "geometry": { "type": "LineString", "coordinates": [ [ -97.7411, 29.8639 ], [ -97.7525, 29.8468 ] ] } },
{ "type": "Feature", "properties": { "faultType": "normal fault, certain" }, "geometry": { "type": "LineString", "coordinates": [ [ -98.0207, 29.9382 ], [ -98.0768, 29.8862 ], [ -98.1598, 29.8441 ] ] } },
{ "type": "Feature", "properties": { "faultType": "normal fault, certain" }, "geometry": { "type": "LineString", "coordinates": [ [ -97.9797, 29.8632 ], [ -98.0007, 29.8405 ] ] } },
{ "type": "Feature", "properties": { "faultType": "normal fault, certain" }, "geometry": { "type": "LineString", "coordinates": [ [ -97.9626, 29.8708 ], [ -98.0007, 29.8405 ] ] } },
{ "type": "Feature", "properties": { "faultType": "normal fault, certain" }, "geometry": { "type": "LineString", "coordinates": [ [ -98.0001, 29.8649 ], [ -98.0437, 29.8407 ] ] } },
{ "type": "Feature", "properties": { "faultType": "normal fault, certain" }, "geometry": { "type": "LineString", "coordinates": [ [ -98.0434, 29.8426 ], [ -98.0437, 29.8407 ] ] } },
{ "type": "Feature", "properties": { "faultType": "normal fault, certain" }, "geometry": { "type": "LineString", "coordinates": [ [ -97.9744, 29.8753 ], [ -98.0123, 29.8399 ] ] } },
{ "type": "Feature", "properties": { "faultType": "normal fault, certain" }, "geometry": { "type": "LineString", "coordinates": [ [ -97.6723, 29.8414 ], [ -97.683, 29.8323 ] ] } },
{ "type": "Feature", "properties": { "faultType": "normal fault, certain" }, "geometry": { "type": "LineString", "coordinates": [ [ -97.1946, 29.8334 ], [ -97.2214, 29.821 ] ] } },
{ "type": "Feature", "properties": { "faultType": "normal fault, certain" }, "geometry": { "type": "LineString", "coordinates": [ [ -103.7164, 29.7907 ], [ -103.7133, 29.7912 ] ] } },
{ "type": "Feature", "properties": { "faultType": "normal fault, certain" }, "geometry": { "type": "LineString", "coordinates": [ [ -98.0139, 29.843 ], [ -98.0308, 29.8382 ] ] } },
{ "type": "Feature", "properties": { "faultType": "normal fault, certain" }, "geometry": { "type": "LineString", "coordinates": [ [ -97.4573, 29.8559 ], [ -97.4853, 29.8263 ] ] } },
{ "type": "Feature", "properties": { "faultType": "normal fault, certain" }, "geometry": { "type": "LineString", "coordinates": [ [ -103.7133, 29.7912 ], [ -103.6999, 29.7906 ] ] } },
{ "type": "Feature", "properties": { "faultType": "normal fault, certain" }, "geometry": { "type": "LineString", "coordinates": [ [ -98.1862, 29.8629 ], [ -98.2142, 29.8406 ] ] } },
{ "type": "Feature", "properties": { "faultType": "normal fault, certain" }, "geometry": { "type": "LineString", "coordinates": [ [ -103.6822, 29.7906 ], [ -103.6711, 29.7904 ] ] } },
{ "type": "Feature", "properties": { "faultType": "normal fault, certain" }, "geometry": { "type": "LineString", "coordinates": [ [ -97.2214, 29.821 ], [ -97.2262, 29.8175 ] ] } },
{ "type": "Feature", "properties": { "faultType": "normal fault, certain" }, "geometry": { "type": "LineString", "coordinates": [ [ -103.6711, 29.7904 ], [ -103.6534, 29.7902 ] ] } },
{ "type": "Feature", "properties": { "faultType": "normal fault, certain" }, "geometry": { "type": "LineString", "coordinates": [ [ -102.7312, 29.8184 ], [ -102.737, 29.8324 ] ] } },
{ "type": "Feature", "properties": { "faultType": "normal fault, certain" }, "geometry": { "type": "LineString", "coordinates": [ [ -102.7312, 29.8184 ], [ -102.7434, 29.824 ] ] } },
{ "type": "Feature", "properties": { "faultType": "normal fault, certain" }, "geometry": { "type": "LineString", "coordinates": [ [ -103.6534, 29.7902 ], [ -103.6436, 29.7885 ] ] } },
{ "type": "Feature", "properties": { "faultType": "normal fault, certain" }, "geometry": { "type": "LineString", "coordinates": [ [ -102.7291, 29.8161 ], [ -102.7312, 29.8184 ] ] } },
{ "type": "Feature", "properties": { "faultType": "normal fault, certain" }, "geometry": { "type": "LineString", "coordinates": [ [ -103.3749, 29.7956 ], [ -103.3752, 29.7968 ] ] } },
{ "type": "Feature", "properties": { "faultType": "normal fault, certain" }, "geometry": { "type": "LineString", "coordinates": [ [ -103.7027, 29.7838 ], [ -103.7133, 29.7912 ] ] } },
{ "type": "Feature", "properties": { "faultType": "normal fault, certain" }, "geometry": { "type": "LineString", "coordinates": [ [ -101.257, 29.8397 ], [ -101.2441, 29.8402 ] ] } },
{ "type": "Feature", "properties": { "faultType": "normal fault, certain" }, "geometry": { "type": "LineString", "coordinates": [ [ -103.6436, 29.7885 ], [ -103.6121, 29.7841 ] ] } },
{ "type": "Feature", "properties": { "faultType": "normal fault, certain" }, "geometry": { "type": "LineString", "coordinates": [ [ -97.7832, 29.8228 ], [ -97.7331, 29.8572 ] ] } },
{ "type": "Feature", "properties": { "faultType": "normal fault, certain" }, "geometry": { "type": "LineString", "coordinates": [ [ -103.9521, 29.7888 ], [ -103.9437, 29.7716 ] ] } },
{ "type": "Feature", "properties": { "faultType": "normal fault, certain" }, "geometry": { "type": "LineString", "coordinates": [ [ -98.0437, 29.8407 ], [ -98.0625, 29.8282 ] ] } },
{ "type": "Feature", "properties": { "faultType": "normal fault, certain" }, "geometry": { "type": "LineString", "coordinates": [ [ -100.5524, 29.8437 ], [ -100.5429, 29.8532 ] ] } },
{ "type": "Feature", "properties": { "faultType": "normal fault, certain" }, "geometry": { "type": "LineString", "coordinates": [ [ -98.2284, 29.8588 ], [ -98.3069, 29.8306 ] ] } },
{ "type": "Feature", "properties": { "faultType": "normal fault, certain" }, "geometry": { "type": "LineString", "coordinates": [ [ -98.3069, 29.8306 ], [ -98.2835, 29.8556 ] ] } },
{ "type": "Feature", "properties": { "faultType": "normal fault, certain" }, "geometry": { "type": "LineString", "coordinates": [ [ -103.3752, 29.7968 ], [ -103.3453, 29.7905 ] ] } },
{ "type": "Feature", "properties": { "faultType": "normal fault, certain" }, "geometry": { "type": "LineString", "coordinates": [ [ -104.3547, 29.7699 ], [ -104.3355, 29.7533 ] ] } },
{ "type": "Feature", "properties": { "faultType": "normal fault, certain" }, "geometry": { "type": "LineString", "coordinates": [ [ -101.2218, 29.8416 ], [ -101.2431, 29.8337 ] ] } },
{ "type": "Feature", "properties": { "faultType": "normal fault, certain" }, "geometry": { "type": "LineString", "coordinates": [ [ -102.7003, 29.8073 ], [ -102.6807, 29.808 ] ] } },
{ "type": "Feature", "properties": { "faultType": "normal fault, certain" }, "geometry": { "type": "LineString", "coordinates": [ [ -97.1038, 29.8198 ], [ -97.1403, 29.8004 ] ] } },
{ "type": "Feature", "properties": { "faultType": "normal fault, certain" }, "geometry": { "type": "LineString", "coordinates": [ [ -103.4479, 29.7906 ], [ -103.4527, 29.7822 ] ] } },
{ "type": "Feature", "properties": { "faultType": "normal fault, certain" }, "geometry": { "type": "LineString", "coordinates": [ [ -97.6918, 29.8244 ], [ -97.7054, 29.8137 ] ] } },
{ "type": "Feature", "properties": { "faultType": "normal fault, certain" }, "geometry": { "type": "LineString", "coordinates": [ [ -102.6676, 29.8152 ], [ -102.6563, 29.8034 ] ] } },
{ "type": "Feature", "properties": { "faultType": "normal fault, certain" }, "geometry": { "type": "LineString", "coordinates": [ [ -101.1349, 29.8307 ], [ -101.1504, 29.8326 ] ] } },
{ "type": "Feature", "properties": { "faultType": "normal fault, certain" }, "geometry": { "type": "LineString", "coordinates": [ [ -98.0625, 29.8282 ], [ -98.0845, 29.8183 ] ] } },
{ "type": "Feature", "properties": { "faultType": "normal fault, certain" }, "geometry": { "type": "LineString", "coordinates": [ [ -97.2214, 29.821 ], [ -97.2084, 29.7971 ] ] } },
{ "type": "Feature", "properties": { "faultType": "normal fault, certain" }, "geometry": { "type": "LineString", "coordinates": [ [ -101.3222, 29.8261 ], [ -101.312, 29.8266 ] ] } },
{ "type": "Feature", "properties": { "faultType": "normal fault, certain" }, "geometry": { "type": "LineString", "coordinates": [ [ -101.3222, 29.8261 ], [ -101.315, 29.8335 ] ] } },
{ "type": "Feature", "properties": { "faultType": "normal fault, certain" }, "geometry": { "type": "LineString", "coordinates": [ [ -104.1858, 29.752 ], [ -104.179, 29.7502 ] ] } },
{ "type": "Feature", "properties": { "faultType": "normal fault, certain" }, "geometry": { "type": "LineString", "coordinates": [ [ -102.6807, 29.808 ], [ -102.665, 29.7998 ] ] } },
{ "type": "Feature", "properties": { "faultType": "normal fault, certain" }, "geometry": { "type": "LineString", "coordinates": [ [ -103.457, 29.7756 ], [ -103.4493, 29.778 ] ] } },
{ "type": "Feature", "properties": { "faultType": "normal fault, certain" }, "geometry": { "type": "LineString", "coordinates": [ [ -103.4325, 29.7848 ], [ -103.42, 29.7756 ] ] } },
{ "type": "Feature", "properties": { "faultType": "normal fault, certain" }, "geometry": { "type": "LineString", "coordinates": [ [ -103.4493, 29.778 ], [ -103.42, 29.7756 ] ] } },
{ "type": "Feature", "properties": { "faultType": "normal fault, certain" }, "geometry": { "type": "LineString", "coordinates": [ [ -102.5121, 29.8003 ], [ -102.5535, 29.8242 ] ] } },
{ "type": "Feature", "properties": { "faultType": "normal fault, certain" }, "geometry": { "type": "LineString", "coordinates": [ [ -101.3364, 29.8219 ], [ -101.3222, 29.8261 ] ] } },
{ "type": "Feature", "properties": { "faultType": "normal fault, certain" }, "geometry": { "type": "LineString", "coordinates": [ [ -104.179, 29.7502 ], [ -104.1705, 29.7467 ] ] } },
{ "type": "Feature", "properties": { "faultType": "normal fault, certain" }, "geometry": { "type": "LineString", "coordinates": [ [ -101.1351, 29.8259 ], [ -101.1514, 29.8229 ] ] } },
{ "type": "Feature", "properties": { "faultType": "normal fault, certain" }, "geometry": { "type": "LineString", "coordinates": [ [ -103.3703, 29.7743 ], [ -103.3749, 29.7956 ] ] } },
{ "type": "Feature", "properties": { "faultType": "normal fault, certain" }, "geometry": { "type": "LineString", "coordinates": [ [ -98.0845, 29.8183 ], [ -98.0945, 29.809 ] ] } },
{ "type": "Feature", "properties": { "faultType": "normal fault, certain" }, "geometry": { "type": "LineString", "coordinates": [ [ -101.2447, 29.8184 ], [ -101.2168, 29.8237 ] ] } },
{ "type": "Feature", "properties": { "faultType": "normal fault, certain" }, "geometry": { "type": "LineString", "coordinates": [ [ -103.2607, 29.7902 ], [ -103.2339, 29.7755 ] ] } },
{ "type": "Feature", "properties": { "faultType": "normal fault, certain" }, "geometry": { "type": "LineString", "coordinates": [ [ -100.5649, 29.8237 ], [ -100.5473, 29.8275 ] ] } },
{ "type": "Feature", "properties": { "faultType": "normal fault, certain" }, "geometry": { "type": "LineString", "coordinates": [ [ -103.2867, 29.7731 ], [ -103.2954, 29.786 ] ] } },
{ "type": "Feature", "properties": { "faultType": "normal fault, certain" }, "geometry": { "type": "LineString", "coordinates": [ [ -103.5712, 29.7863 ], [ -103.4962, 29.7835 ], [ -103.4463, 29.7675 ] ] } },
{ "type": "Feature", "properties": { "faultType": "normal fault, certain" }, "geometry": { "type": "LineString", "coordinates": [ [ -98.3752, 29.8116 ], [ -98.3538, 29.8271 ] ] } },
{ "type": "Feature", "properties": { "faultType": "normal fault, certain" }, "geometry": { "type": "LineString", "coordinates": [ [ -98.0625, 29.8282 ], [ -98.0965, 29.8069 ] ] } },
{ "type": "Feature", "properties": { "faultType": "normal fault, certain" }, "geometry": { "type": "LineString", "coordinates": [ [ -98.0945, 29.809 ], [ -98.0965, 29.8069 ] ] } },
{ "type": "Feature", "properties": { "faultType": "normal fault, certain" }, "geometry": { "type": "LineString", "coordinates": [ [ -101.2215, 29.8325 ], [ -101.2546, 29.8157 ] ] } },
{ "type": "Feature", "properties": { "faultType": "normal fault, certain" }, "geometry": { "type": "LineString", "coordinates": [ [ -103.2022, 29.7738 ], [ -103.2146, 29.7844 ] ] } },
{ "type": "Feature", "properties": { "faultType": "normal fault, certain" }, "geometry": { "type": "LineString", "coordinates": [ [ -102.4867, 29.7929 ], [ -102.5122, 29.8188 ] ] } },
{ "type": "Feature", "properties": { "faultType": "normal fault, certain" }, "geometry": { "type": "LineString", "coordinates": [ [ -98.3437, 29.8083 ], [ -98.3069, 29.8306 ] ] } },
{ "type": "Feature", "properties": { "faultType": "normal fault, certain" }, "geometry": { "type": "LineString", "coordinates": [ [ -104.3144, 29.7317 ], [ -104.2887, 29.7354 ] ] } },
{ "type": "Feature", "properties": { "faultType": "normal fault, certain" }, "geometry": { "type": "LineString", "coordinates": [ [ -104.3316, 29.7525 ], [ -104.3144, 29.7317 ] ] } },
{ "type": "Feature", "properties": { "faultType": "normal fault, certain" }, "geometry": { "type": "LineString", "coordinates": [ [ -98.2142, 29.8406 ], [ -98.3344, 29.8075 ] ] } },
{ "type": "Feature", "properties": { "faultType": "normal fault, certain" }, "geometry": { "type": "LineString", "coordinates": [ [ -98.3344, 29.8075 ], [ -98.3437, 29.8083 ] ] } },
{ "type": "Feature", "properties": { "faultType": "normal fault, certain" }, "geometry": { "type": "LineString", "coordinates": [ [ -97.9997, 29.8315 ], [ -98.0378, 29.8019 ] ] } },
{ "type": "Feature", "properties": { "faultType": "normal fault, certain" }, "geometry": { "type": "LineString", "coordinates": [ [ -98.0845, 29.8183 ], [ -98.1307, 29.8008 ] ] } },
{ "type": "Feature", "properties": { "faultType": "normal fault, certain" }, "geometry": { "type": "LineString", "coordinates": [ [ -102.714, 29.7819 ], [ -102.7219, 29.8037 ] ] } },
{ "type": "Feature", "properties": { "faultType": "normal fault, certain" }, "geometry": { "type": "LineString", "coordinates": [ [ -102.8555, 29.8085 ], [ -102.888, 29.7767 ] ] } },
{ "type": "Feature", "properties": { "faultType": "normal fault, certain" }, "geometry": { "type": "LineString", "coordinates": [ [ -97.73, 29.7919 ], [ -97.7098, 29.8094 ] ] } },
{ "type": "Feature", "properties": { "faultType": "normal fault, certain" }, "geometry": { "type": "LineString", "coordinates": [ [ -103.6534, 29.7902 ], [ -103.6226, 29.7533 ] ] } },
{ "type": "Feature", "properties": { "faultType": "normal fault, certain" }, "geometry": { "type": "LineString", "coordinates": [ [ -103.2893, 29.7652 ], [ -103.3055, 29.7637 ] ] } },
{ "type": "Feature", "properties": { "faultType": "normal fault, certain" }, "geometry": { "type": "LineString", "coordinates": [ [ -103.312, 29.774 ], [ -103.3055, 29.7637 ] ] } },
{ "type": "Feature", "properties": { "faultType": "normal fault, certain" }, "geometry": { "type": "LineString", "coordinates": [ [ -98.1785, 29.8557 ], [ -98.2581, 29.801 ] ] } },
{ "type": "Feature", "properties": { "faultType": "normal fault, certain" }, "geometry": { "type": "LineString", "coordinates": [ [ -101.1096, 29.8094 ], [ -101.0989, 29.8198 ] ] } },
{ "type": "Feature", "properties": { "faultType": "normal fault, certain" }, "geometry": { "type": "LineString", "coordinates": [ [ -98.3752, 29.8116 ], [ -98.4198, 29.8033 ] ] } },
{ "type": "Feature", "properties": { "faultType": "normal fault, certain" }, "geometry": { "type": "LineString", "coordinates": [ [ -103.42, 29.7756 ], [ -103.4021, 29.7595 ] ] } },
{ "type": "Feature", "properties": { "faultType": "normal fault, certain" }, "geometry": { "type": "LineString", "coordinates": [ [ -98.4198, 29.8033 ], [ -98.4245, 29.8029 ] ] } },
{ "type": "Feature", "properties": { "faultType": "normal fault, certain" }, "geometry": { "type": "LineString", "coordinates": [ [ -103.2109, 29.7648 ], [ -103.2339, 29.7755 ] ] } },
{ "type": "Feature", "properties": { "faultType": "normal fault, certain" }, "geometry": { "type": "LineString", "coordinates": [ [ -103.6119, 29.7511 ], [ -103.6436, 29.7885 ] ] } },
{ "type": "Feature", "properties": { "faultType": "normal fault, certain" }, "geometry": { "type": "LineString", "coordinates": [ [ -103.4258, 29.7571 ], [ -103.4493, 29.778 ] ] } },
{ "type": "Feature", "properties": { "faultType": "normal fault, certain" }, "geometry": { "type": "LineString", "coordinates": [ [ -98.0945, 29.809 ], [ -98.1329, 29.7966 ] ] } },
{ "type": "Feature", "properties": { "faultType": "normal fault, certain" }, "geometry": { "type": "LineString", "coordinates": [ [ -98.1307, 29.8008 ], [ -98.1329, 29.7966 ] ] } },
{ "type": "Feature", "properties": { "faultType": "normal fault, certain" }, "geometry": { "type": "LineString", "coordinates": [ [ -103.2519, 29.7583 ], [ -103.2452, 29.7651 ] ] } },
{ "type": "Feature", "properties": { "faultType": "normal fault, certain" }, "geometry": { "type": "LineString", "coordinates": [ [ -104.3144, 29.7317 ], [ -104.2751, 29.7225 ] ] } },
{ "type": "Feature", "properties": { "faultType": "normal fault, certain" }, "geometry": { "type": "LineString", "coordinates": [ [ -98.0007, 29.8405 ], [ -98.071, 29.7903 ] ] } },
{ "type": "Feature", "properties": { "faultType": "normal fault, certain" }, "geometry": { "type": "LineString", "coordinates": [ [ -98.4198, 29.8033 ], [ -98.4138, 29.796 ] ] } },
{ "type": "Feature", "properties": { "faultType": "normal fault, certain" }, "geometry": { "type": "LineString", "coordinates": [ [ -104.2017, 29.7332 ], [ -104.2089, 29.7216 ] ] } },
{ "type": "Feature", "properties": { "faultType": "normal fault, certain" }, "geometry": { "type": "LineString", "coordinates": [ [ -101.0636, 29.8066 ], [ -101.1183, 29.8004 ] ] } },
{ "type": "Feature", "properties": { "faultType": "normal fault, certain" }, "geometry": { "type": "LineString", "coordinates": [ [ -101.1045, 29.8003 ], [ -101.0697, 29.8032 ] ] } },
{ "type": "Feature", "properties": { "faultType": "normal fault, certain" }, "geometry": { "type": "LineString", "coordinates": [ [ -102.8667, 29.7666 ], [ -102.8673, 29.7723 ] ] } },
{ "type": "Feature", "properties": { "faultType": "normal fault, certain" }, "geometry": { "type": "LineString", "coordinates": [ [ -101.058, 29.8068 ], [ -101.0643, 29.8002 ] ] } },
{ "type": "Feature", "properties": { "faultType": "normal fault, certain" }, "geometry": { "type": "LineString", "coordinates": [ [ -101.0661, 29.8056 ], [ -101.0643, 29.8002 ] ] } },
{ "type": "Feature", "properties": { "faultType": "normal fault, certain" }, "geometry": { "type": "LineString", "coordinates": [ [ -98.4108, 29.7927 ], [ -98.3752, 29.8116 ] ] } },
{ "type": "Feature", "properties": { "faultType": "normal fault, certain" }, "geometry": { "type": "LineString", "coordinates": [ [ -98.4138, 29.796 ], [ -98.4108, 29.7927 ] ] } },
{ "type": "Feature", "properties": { "faultType": "normal fault, certain" }, "geometry": { "type": "LineString", "coordinates": [ [ -101.0702, 29.8011 ], [ -101.1022, 29.7985 ] ] } },
{ "type": "Feature", "properties": { "faultType": "normal fault, certain" }, "geometry": { "type": "LineString", "coordinates": [ [ -103.4021, 29.7595 ], [ -103.391, 29.7461 ] ] } },
{ "type": "Feature", "properties": { "faultType": "normal fault, certain" }, "geometry": { "type": "LineString", "coordinates": [ [ -103.42, 29.7756 ], [ -103.391, 29.7461 ] ] } },
{ "type": "Feature", "properties": { "faultType": "normal fault, certain" }, "geometry": { "type": "LineString", "coordinates": [ [ -101.0643, 29.8002 ], [ -101.0638, 29.7953 ] ] } },
{ "type": "Feature", "properties": { "faultType": "normal fault, certain" }, "geometry": { "type": "LineString", "coordinates": [ [ -101.0991, 29.7949 ], [ -101.0545, 29.795 ] ] } },
{ "type": "Feature", "properties": { "faultType": "normal fault, certain" }, "geometry": { "type": "LineString", "coordinates": [ [ -98.1307, 29.8008 ], [ -98.1609, 29.7839 ] ] } },
{ "type": "Feature", "properties": { "faultType": "normal fault, certain" }, "geometry": { "type": "LineString", "coordinates": [ [ -102.8571, 29.7604 ], [ -102.8667, 29.7666 ] ] } },
{ "type": "Feature", "properties": { "faultType": "normal fault, certain" }, "geometry": { "type": "LineString", "coordinates": [ [ -101.4543, 29.7859 ], [ -101.4353, 29.8 ] ] } },
{ "type": "Feature", "properties": { "faultType": "normal fault, certain" }, "geometry": { "type": "LineString", "coordinates": [ [ -101.1153, 29.7894 ], [ -101.0991, 29.7949 ] ] } },
{ "type": "Feature", "properties": { "faultType": "normal fault, certain" }, "geometry": { "type": "LineString", "coordinates": [ [ -102.713, 29.7705 ], [ -102.705, 29.7599 ] ] } },
{ "type": "Feature", "properties": { "faultType": "normal fault, certain" }, "geometry": { "type": "LineString", "coordinates": [ [ -101.1428, 29.788 ], [ -101.1259, 29.798 ] ] } },
{ "type": "Feature", "properties": { "faultType": "normal fault, certain" }, "geometry": { "type": "LineString", "coordinates": [ [ -98.3847, 29.7798 ], [ -98.3437, 29.8083 ] ] } },
{ "type": "Feature", "properties": { "faultType": "normal fault, certain" }, "geometry": { "type": "LineString", "coordinates": [ [ -98.2142, 29.8406 ], [ -98.3148, 29.7774 ] ] } },
{ "type": "Feature", "properties": { "faultType": "normal fault, certain" }, "geometry": { "type": "LineString", "coordinates": [ [ -102.705, 29.7599 ], [ -102.7003, 29.7553 ] ] } },
{ "type": "Feature", "properties": { "faultType": "normal fault, certain" }, "geometry": { "type": "LineString", "coordinates": [ [ -98.3148, 29.7774 ], [ -98.3159, 29.7764 ] ] } },
{ "type": "Feature", "properties": { "faultType": "normal fault, certain" }, "geometry": { "type": "LineString", "coordinates": [ [ -97.7601, 29.7655 ], [ -97.7372, 29.7859 ] ] } },
{ "type": "Feature", "properties": { "faultType": "normal fault, certain" }, "geometry": { "type": "LineString", "coordinates": [ [ -104.2361, 29.7031 ], [ -104.2499, 29.7377 ] ] } },
{ "type": "Feature", "properties": { "faultType": "normal fault, certain" }, "geometry": { "type": "LineString", "coordinates": [ [ -97.8866, 29.8595 ], [ -97.903, 29.83 ], [ -97.9783, 29.7695 ] ] } },
{ "type": "Feature", "properties": { "faultType": "normal fault, certain" }, "geometry": { "type": "LineString", "coordinates": [ [ -97.9578, 29.8653 ], [ -98.0679, 29.7711 ] ] } },
{ "type": "Feature", "properties": { "faultType": "normal fault, certain" }, "geometry": { "type": "LineString", "coordinates": [ [ -98.2394, 30.0002 ], [ -98.351, 29.9102 ], [ -98.3784, 29.9036 ], [ -98.4637, 29.8177 ], [ -98.5382, 29.7772 ] ] } },
{ "type": "Feature", "properties": { "faultType": "normal fault, certain" }, "geometry": { "type": "LineString", "coordinates": [ [ -98.1329, 29.7966 ], [ -98.1688, 29.7707 ] ] } },
{ "type": "Feature", "properties": { "faultType": "normal fault, certain" }, "geometry": { "type": "LineString", "coordinates": [ [ -102.8809, 29.7588 ], [ -102.8761, 29.747 ] ] } },
{ "type": "Feature", "properties": { "faultType": "normal fault, certain" }, "geometry": { "type": "LineString", "coordinates": [ [ -103.2343, 29.7359 ], [ -103.241, 29.7648 ], [ -103.2888, 29.8007 ] ] } },
{ "type": "Feature", "properties": { "faultType": "normal fault, certain" }, "geometry": { "type": "LineString", "coordinates": [ [ -102.7003, 29.7553 ], [ -102.6946, 29.7497 ] ] } },
{ "type": "Feature", "properties": { "faultType": "normal fault, certain" }, "geometry": { "type": "LineString", "coordinates": [ [ -102.9631, 29.782 ], [ -102.9389, 29.7426 ] ] } },
{ "type": "Feature", "properties": { "faultType": "normal fault, certain" }, "geometry": { "type": "LineString", "coordinates": [ [ -98.4108, 29.7927 ], [ -98.3982, 29.7716 ] ] } },
{ "type": "Feature", "properties": { "faultType": "normal fault, certain" }, "geometry": { "type": "LineString", "coordinates": [ [ -100.9377, 29.7901 ], [ -100.9685, 29.7786 ] ] } },
{ "type": "Feature", "properties": { "faultType": "normal fault, certain" }, "geometry": { "type": "LineString", "coordinates": [ [ -103.8713, 29.7109 ], [ -103.9178, 29.7385 ] ] } },
{ "type": "Feature", "properties": { "faultType": "normal fault, certain" }, "geometry": { "type": "LineString", "coordinates": [ [ -102.698, 29.7473 ], [ -102.6946, 29.7497 ] ] } },
{ "type": "Feature", "properties": { "faultType": "normal fault, certain" }, "geometry": { "type": "LineString", "coordinates": [ [ -102.698, 29.7473 ], [ -102.7003, 29.7553 ] ] } },
{ "type": "Feature", "properties": { "faultType": "normal fault, certain" }, "geometry": { "type": "LineString", "coordinates": [ [ -103.3694, 29.7636 ], [ -103.3587, 29.7279 ] ] } },
{ "type": "Feature", "properties": { "faultType": "normal fault, certain" }, "geometry": { "type": "LineString", "coordinates": [ [ -103.391, 29.7461 ], [ -103.3587, 29.7279 ] ] } },
{ "type": "Feature", "properties": { "faultType": "normal fault, certain" }, "geometry": { "type": "LineString", "coordinates": [ [ -97.0935, 29.7747 ], [ -97.1475, 29.7407 ] ] } },
{ "type": "Feature", "properties": { "faultType": "normal fault, certain" }, "geometry": { "type": "LineString", "coordinates": [ [ -98.3344, 29.8075 ], [ -98.3948, 29.7673 ] ] } },
{ "type": "Feature", "properties": { "faultType": "normal fault, certain" }, "geometry": { "type": "LineString", "coordinates": [ [ -98.3982, 29.7716 ], [ -98.3948, 29.7673 ] ] } },
{ "type": "Feature", "properties": { "faultType": "normal fault, certain" }, "geometry": { "type": "LineString", "coordinates": [ [ -104.2307, 29.6935 ], [ -104.2361, 29.7031 ] ] } },
{ "type": "Feature", "properties": { "faultType": "normal fault, certain" }, "geometry": { "type": "LineString", "coordinates": [ [ -98.071, 29.7903 ], [ -98.124, 29.762 ] ] } },
{ "type": "Feature", "properties": { "faultType": "normal fault, certain" }, "geometry": { "type": "LineString", "coordinates": [ [ -97.9837, 29.7646 ], [ -97.9901, 29.7594 ] ] } },
{ "type": "Feature", "properties": { "faultType": "normal fault, certain" }, "geometry": { "type": "LineString", "coordinates": [ [ -103.3889, 29.7235 ], [ -103.4463, 29.7675 ] ] } },
{ "type": "Feature", "properties": { "faultType": "normal fault, certain" }, "geometry": { "type": "LineString", "coordinates": [ [ -104.2372, 29.6915 ], [ -104.2361, 29.7031 ] ] } },
{ "type": "Feature", "properties": { "faultType": "normal fault, certain" }, "geometry": { "type": "LineString", "coordinates": [ [ -98.0945, 29.809 ], [ -98.171, 29.7616 ] ] } },
{ "type": "Feature", "properties": { "faultType": "normal fault, certain" }, "geometry": { "type": "LineString", "coordinates": [ [ -102.9155, 29.757 ], [ -102.9319, 29.7361 ] ] } },
{ "type": "Feature", "properties": { "faultType": "normal fault, certain" }, "geometry": { "type": "LineString", "coordinates": [ [ -102.9389, 29.7426 ], [ -102.9319, 29.7361 ] ] } },
{ "type": "Feature", "properties": { "faultType": "normal fault, certain" }, "geometry": { "type": "LineString", "coordinates": [ [ -100.9678, 29.7724 ], [ -100.949, 29.7812 ] ] } },
{ "type": "Feature", "properties": { "faultType": "normal fault, certain" }, "geometry": { "type": "LineString", "coordinates": [ [ -102.6946, 29.7497 ], [ -102.6872, 29.7419 ] ] } },
{ "type": "Feature", "properties": { "faultType": "normal fault, certain" }, "geometry": { "type": "LineString", "coordinates": [ [ -98.0965, 29.8069 ], [ -98.1602, 29.7596 ] ] } },
{ "type": "Feature", "properties": { "faultType": "normal fault, certain" }, "geometry": { "type": "LineString", "coordinates": [ [ -98.4138, 29.796 ], [ -98.4693, 29.7638 ] ] } },
{ "type": "Feature", "properties": { "faultType": "normal fault, certain" }, "geometry": { "type": "LineString", "coordinates": [ [ -103.3055, 29.7637 ], [ -103.2865, 29.7376 ], [ -103.2616, 29.7228 ] ] } },
{ "type": "Feature", "properties": { "faultType": "normal fault, certain" }, "geometry": { "type": "LineString", "coordinates": [ [ -100.7896, 29.7754 ], [ -100.7964, 29.7702 ] ] } },
{ "type": "Feature", "properties": { "faultType": "normal fault, certain" }, "geometry": { "type": "LineString", "coordinates": [ [ -100.7964, 29.7702 ], [ -100.7786, 29.7787 ] ] } },
{ "type": "Feature", "properties": { "faultType": "normal fault, certain" }, "geometry": { "type": "LineString", "coordinates": [ [ -102.9389, 29.7426 ], [ -102.9685, 29.729 ] ] } },
{ "type": "Feature", "properties": { "faultType": "normal fault, certain" }, "geometry": { "type": "LineString", "coordinates": [ [ -98.124, 29.762 ], [ -98.1267, 29.7536 ] ] } },
{ "type": "Feature", "properties": { "faultType": "normal fault, certain" }, "geometry": { "type": "LineString", "coordinates": [ [ -100.7964, 29.7702 ], [ -100.803, 29.7666 ] ] } },
{ "type": "Feature", "properties": { "faultType": "normal fault, certain" }, "geometry": { "type": "LineString", "coordinates": [ [ -100.8524, 29.7781 ], [ -100.8806, 29.7655 ] ] } },
{ "type": "Feature", "properties": { "faultType": "normal fault, certain" }, "geometry": { "type": "LineString", "coordinates": [ [ -103.3587, 29.7279 ], [ -103.3512, 29.7143 ] ] } },
{ "type": "Feature", "properties": { "faultType": "normal fault, certain" }, "geometry": { "type": "LineString", "coordinates": [ [ -100.802, 29.7852 ], [ -100.8193, 29.7648 ] ] } },
{ "type": "Feature", "properties": { "faultType": "normal fault, certain" }, "geometry": { "type": "LineString", "coordinates": [ [ -100.8627, 29.7644 ], [ -100.8446, 29.7698 ] ] } },
{ "type": "Feature", "properties": { "faultType": "normal fault, certain" }, "geometry": { "type": "LineString", "coordinates": [ [ -100.6136, 29.7786 ], [ -100.6268, 29.7656 ] ] } },
{ "type": "Feature", "properties": { "faultType": "normal fault, certain" }, "geometry": { "type": "LineString", "coordinates": [ [ -98.1277, 29.8253 ], [ -98.2313, 29.7513 ] ] } },
{ "type": "Feature", "properties": { "faultType": "normal fault, certain" }, "geometry": { "type": "LineString", "coordinates": [ [ -103.2628, 29.7147 ], [ -103.2616, 29.7228 ] ] } },
{ "type": "Feature", "properties": { "faultType": "normal fault, certain" }, "geometry": { "type": "LineString", "coordinates": [ [ -102.705, 29.7599 ], [ -102.6911, 29.7309 ] ] } },
{ "type": "Feature", "properties": { "faultType": "normal fault, certain" }, "geometry": { "type": "LineString", "coordinates": [ [ -102.6851, 29.7309 ], [ -102.698, 29.7473 ] ] } },
{ "type": "Feature", "properties": { "faultType": "normal fault, certain" }, "geometry": { "type": "LineString", "coordinates": [ [ -100.6828, 29.7723 ], [ -100.6918, 29.763 ], [ -100.6752, 29.7702 ] ] } },
{ "type": "Feature", "properties": { "faultType": "normal fault, certain" }, "geometry": { "type": "LineString", "coordinates": [ [ -100.8196, 29.761 ], [ -100.8047, 29.7694 ] ] } },
{ "type": "Feature", "properties": { "faultType": "normal fault, certain" }, "geometry": { "type": "LineString", "coordinates": [ [ -103.68, 29.7211 ], [ -103.6632, 29.6991 ] ] } },
{ "type": "Feature", "properties": { "faultType": "normal fault, certain" }, "geometry": { "type": "LineString", "coordinates": [ [ -103.6632, 29.6991 ], [ -103.6854, 29.7161 ] ] } },
{ "type": "Feature", "properties": { "faultType": "normal fault, certain" }, "geometry": { "type": "LineString", "coordinates": [ [ -104.146, 29.7003 ], [ -104.1349, 29.6805 ] ] } },
{ "type": "Feature", "properties": { "faultType": "normal fault, certain" }, "geometry": { "type": "LineString", "coordinates": [ [ -102.8654, 29.7228 ], [ -102.8667, 29.7666 ] ] } },
{ "type": "Feature", "properties": { "faultType": "normal fault, certain" }, "geometry": { "type": "LineString", "coordinates": [ [ -102.8718, 29.7637 ], [ -102.8654, 29.7228 ] ] } },
{ "type": "Feature", "properties": { "faultType": "normal fault, certain" }, "geometry": { "type": "LineString", "coordinates": [ [ -103.6404, 29.6981 ], [ -103.6772, 29.7251 ] ] } },
{ "type": "Feature", "properties": { "faultType": "normal fault, certain" }, "geometry": { "type": "LineString", "coordinates": [ [ -103.2616, 29.7228 ], [ -103.2324, 29.709 ] ] } },
{ "type": "Feature", "properties": { "faultType": "normal fault, certain" }, "geometry": { "type": "LineString", "coordinates": [ [ -100.6226, 29.7813 ], [ -100.6577, 29.7571 ] ] } },
{ "type": "Feature", "properties": { "faultType": "normal fault, certain" }, "geometry": { "type": "LineString", "coordinates": [ [ -100.6446, 29.7657 ], [ -100.6577, 29.7571 ] ] } },
{ "type": "Feature", "properties": { "faultType": "normal fault, certain" }, "geometry": { "type": "LineString", "coordinates": [ [ -103.6596, 29.6927 ], [ -103.6632, 29.6991 ] ] } },
{ "type": "Feature", "properties": { "faultType": "normal fault, certain" }, "geometry": { "type": "LineString", "coordinates": [ [ -98.5362, 29.829 ], [ -98.6259, 29.7478 ] ] } },
{ "type": "Feature", "properties": { "faultType": "normal fault, certain" }, "geometry": { "type": "LineString", "coordinates": [ [ -100.741, 29.7625 ], [ -100.7644, 29.7518 ] ] } },
{ "type": "Feature", "properties": { "faultType": "normal fault, certain" }, "geometry": { "type": "LineString", "coordinates": [ [ -100.7, 29.7636 ], [ -100.7115, 29.7575 ], [ -100.7084, 29.7508 ] ] } },
{ "type": "Feature", "properties": { "faultType": "normal fault, certain" }, "geometry": { "type": "LineString", "coordinates": [ [ -103.2309, 29.703 ], [ -103.2324, 29.709 ] ] } },
{ "type": "Feature", "properties": { "faultType": "normal fault, certain" }, "geometry": { "type": "LineString", "coordinates": [ [ -103.6927, 29.7087 ], [ -103.6686, 29.6878 ] ] } },
{ "type": "Feature", "properties": { "faultType": "normal fault, certain" }, "geometry": { "type": "LineString", "coordinates": [ [ -98.3948, 29.7673 ], [ -98.4431, 29.7396 ] ] } },
{ "type": "Feature", "properties": { "faultType": "normal fault, certain" }, "geometry": { "type": "LineString", "coordinates": [ [ -103.6848, 29.7082 ], [ -103.6608, 29.6867 ] ] } },
{ "type": "Feature", "properties": { "faultType": "normal fault, certain" }, "geometry": { "type": "LineString", "coordinates": [ [ -98.4932, 29.7399 ], [ -98.4353, 29.771 ], [ -98.3982, 29.7716 ] ] } },
{ "type": "Feature", "properties": { "faultType": "normal fault, certain" }, "geometry": { "type": "LineString", "coordinates": [ [ -103.2332, 29.7068 ], [ -103.2351, 29.7004 ] ] } },
{ "type": "Feature", "properties": { "faultType": "normal fault, certain" }, "geometry": { "type": "LineString", "coordinates": [ [ -103.4667, 29.6929 ], [ -103.5623, 29.744 ] ] } },
{ "type": "Feature", "properties": { "faultType": "normal fault, certain" }, "geometry": { "type": "LineString", "coordinates": [ [ -100.661, 29.7482 ], [ -100.6089, 29.7805 ] ] } },
{ "type": "Feature", "properties": { "faultType": "normal fault, certain" }, "geometry": { "type": "LineString", "coordinates": [ [ -102.9319, 29.7361 ], [ -102.9629, 29.706 ] ] } },
{ "type": "Feature", "properties": { "faultType": "normal fault, certain" }, "geometry": { "type": "LineString", "coordinates": [ [ -102.8698, 29.7071 ], [ -102.8654, 29.7228 ] ] } },
{ "type": "Feature", "properties": { "faultType": "normal fault, certain" }, "geometry": { "type": "LineString", "coordinates": [ [ -100.7912, 29.7434 ], [ -100.7618, 29.7594 ] ] } },
{ "type": "Feature", "properties": { "faultType": "normal fault, certain" }, "geometry": { "type": "LineString", "coordinates": [ [ -100.6577, 29.7571 ], [ -100.7101, 29.7437 ] ] } },
{ "type": "Feature", "properties": { "faultType": "normal fault, certain" }, "geometry": { "type": "LineString", "coordinates": [ [ -103.3512, 29.7143 ], [ -103.3369, 29.6926 ] ] } },
{ "type": "Feature", "properties": { "faultType": "normal fault, certain" }, "geometry": { "type": "LineString", "coordinates": [ [ -103.391, 29.7461 ], [ -103.3369, 29.6926 ] ] } },
{ "type": "Feature", "properties": { "faultType": "normal fault, certain" }, "geometry": { "type": "LineString", "coordinates": [ [ -98.124, 29.762 ], [ -98.1518, 29.7442 ], [ -98.1704, 29.7445 ], [ -98.193, 29.7256 ] ] } },
{ "type": "Feature", "properties": { "faultType": "normal fault, certain" }, "geometry": { "type": "LineString", "coordinates": [ [ -98.3159, 29.7764 ], [ -98.3734, 29.7282 ] ] } },
{ "type": "Feature", "properties": { "faultType": "normal fault, certain" }, "geometry": { "type": "LineString", "coordinates": [ [ -102.875, 29.7001 ], [ -102.8698, 29.7071 ] ] } },
{ "type": "Feature", "properties": { "faultType": "normal fault, certain" }, "geometry": { "type": "LineString", "coordinates": [ [ -102.875, 29.7001 ], [ -102.8861, 29.7475 ] ] } },
{ "type": "Feature", "properties": { "faultType": "normal fault, certain" }, "geometry": { "type": "LineString", "coordinates": [ [ -98.193, 29.7256 ], [ -98.1963, 29.7231 ] ] } },
{ "type": "Feature", "properties": { "faultType": "normal fault, certain" }, "geometry": { "type": "LineString", "coordinates": [ [ -97.0834, 29.7323 ], [ -97.0975, 29.698 ] ] } },
{ "type": "Feature", "properties": { "faultType": "normal fault, certain" }, "geometry": { "type": "LineString", "coordinates": [ [ -98.1963, 29.7231 ], [ -98.2, 29.7221 ] ] } },
{ "type": "Feature", "properties": { "faultType": "normal fault, certain" }, "geometry": { "type": "LineString", "coordinates": [ [ -103.2324, 29.709 ], [ -103.1825, 29.6883 ] ] } },
{ "type": "Feature", "properties": { "faultType": "normal fault, certain" }, "geometry": { "type": "LineString", "coordinates": [ [ -98.1676, 29.8314 ], [ -98.2252, 29.8048 ], [ -98.3149, 29.734 ], [ -98.3665, 29.7237 ] ] } },
{ "type": "Feature", "properties": { "faultType": "normal fault, certain" }, "geometry": { "type": "LineString", "coordinates": [ [ -98.3159, 29.7764 ], [ -98.3665, 29.7237 ] ] } },
{ "type": "Feature", "properties": { "faultType": "normal fault, certain" }, "geometry": { "type": "LineString", "coordinates": [ [ -102.8718, 29.6956 ], [ -102.8713, 29.6983 ] ] } },
{ "type": "Feature", "properties": { "faultType": "normal fault, certain" }, "geometry": { "type": "LineString", "coordinates": [ [ -102.8718, 29.6956 ], [ -102.875, 29.7001 ] ] } },
{ "type": "Feature", "properties": { "faultType": "normal fault, certain" }, "geometry": { "type": "LineString", "coordinates": [ [ -98.0856, 29.7797 ], [ -98.1813, 29.7479 ], [ -98.2359, 29.7167 ] ] } },
{ "type": "Feature", "properties": { "faultType": "normal fault, certain" }, "geometry": { "type": "LineString", "coordinates": [ [ -103.1948, 29.6857 ], [ -103.1967, 29.6825 ] ] } },
{ "type": "Feature", "properties": { "faultType": "normal fault, certain" }, "geometry": { "type": "LineString", "coordinates": [ [ -103.1966, 29.6826 ], [ -103.1967, 29.6825 ] ] } },
{ "type": "Feature", "properties": { "faultType": "normal fault, certain" }, "geometry": { "type": "LineString", "coordinates": [ [ -98.3665, 29.7237 ], [ -98.377, 29.7155 ] ] } },
{ "type": "Feature", "properties": { "faultType": "normal fault, certain" }, "geometry": { "type": "LineString", "coordinates": [ [ -103.6711, 29.7904 ], [ -103.6003, 29.7065 ], [ -103.5365, 29.6677 ] ] } },
{ "type": "Feature", "properties": { "faultType": "normal fault, certain" }, "geometry": { "type": "LineString", "coordinates": [ [ -97.0847, 29.6866 ], [ -97.0975, 29.698 ] ] } },
{ "type": "Feature", "properties": { "faultType": "normal fault, certain" }, "geometry": { "type": "LineString", "coordinates": [ [ -98.2042, 29.7114 ], [ -98.193, 29.7256 ] ] } },
{ "type": "Feature", "properties": { "faultType": "normal fault, certain" }, "geometry": { "type": "LineString", "coordinates": [ [ -98.1963, 29.7231 ], [ -98.2042, 29.7114 ] ] } },
{ "type": "Feature", "properties": { "faultType": "normal fault, certain" }, "geometry": { "type": "LineString", "coordinates": [ [ -102.8745, 29.6866 ], [ -102.8718, 29.6956 ] ] } },
{ "type": "Feature", "properties": { "faultType": "normal fault, certain" }, "geometry": { "type": "LineString", "coordinates": [ [ -103.1967, 29.6825 ], [ -103.1996, 29.6764 ] ] } },
{ "type": "Feature", "properties": { "faultType": "normal fault, certain" }, "geometry": { "type": "LineString", "coordinates": [ [ -98.3816, 29.7207 ], [ -98.4003, 29.7113 ] ] } },
{ "type": "Feature", "properties": { "faultType": "normal fault, certain" }, "geometry": { "type": "LineString", "coordinates": [ [ -102.8775, 29.6837 ], [ -102.8745, 29.6866 ] ] } },
{ "type": "Feature", "properties": { "faultType": "normal fault, certain" }, "geometry": { "type": "LineString", "coordinates": [ [ -97.9927, 29.7563 ], [ -98.0145, 29.7344 ], [ -98.0239, 29.7042 ] ] } },
{ "type": "Feature", "properties": { "faultType": "normal fault, certain" }, "geometry": { "type": "LineString", "coordinates": [ [ -98.2, 29.7221 ], [ -98.2314, 29.7062 ] ] } },
{ "type": "Feature", "properties": { "faultType": "normal fault, certain" }, "geometry": { "type": "LineString", "coordinates": [ [ -98.3824, 29.7244 ], [ -98.4153, 29.7089 ] ] } },
{ "type": "Feature", "properties": { "faultType": "normal fault, certain" }, "geometry": { "type": "LineString", "coordinates": [ [ -98.4153, 29.7089 ], [ -98.4155, 29.7086 ] ] } },
{ "type": "Feature", "properties": { "faultType": "normal fault, certain" }, "geometry": { "type": "LineString", "coordinates": [ [ -98.4153, 29.7089 ], [ -98.4316, 29.7045 ] ] } },
{ "type": "Feature", "properties": { "faultType": "normal fault, certain" }, "geometry": { "type": "LineString", "coordinates": [ [ -102.871, 29.672 ], [ -102.8745, 29.6866 ] ] } },
{ "type": "Feature", "properties": { "faultType": "normal fault, certain" }, "geometry": { "type": "LineString", "coordinates": [ [ -98.2695, 29.6966 ], [ -98.2488, 29.7105 ] ] } },
{ "type": "Feature", "properties": { "faultType": "normal fault, certain" }, "geometry": { "type": "LineString", "coordinates": [ [ -98.192, 29.7427 ], [ -98.2695, 29.6966 ] ] } },
{ "type": "Feature", "properties": { "faultType": "normal fault, certain" }, "geometry": { "type": "LineString", "coordinates": [ [ -103.6396, 29.6458 ], [ -103.6602, 29.6607 ] ] } },
{ "type": "Feature", "properties": { "faultType": "normal fault, certain" }, "geometry": { "type": "LineString", "coordinates": [ [ -97.1319, 29.7048 ], [ -97.1545, 29.6703 ] ] } },
{ "type": "Feature", "properties": { "faultType": "normal fault, certain" }, "geometry": { "type": "LineString", "coordinates": [ [ -103.7062, 29.6992 ], [ -103.6481, 29.6444 ] ] } },
{ "type": "Feature", "properties": { "faultType": "normal fault, certain" }, "geometry": { "type": "LineString", "coordinates": [ [ -102.8961, 29.7723 ], [ -102.9714, 29.6648 ] ] } },
{ "type": "Feature", "properties": { "faultType": "normal fault, certain" }, "geometry": { "type": "LineString", "coordinates": [ [ -97.3778, 29.7005 ], [ -97.3677, 29.6737 ] ] } },
{ "type": "Feature", "properties": { "faultType": "normal fault, certain" }, "geometry": { "type": "LineString", "coordinates": [ [ -98.2, 29.7221 ], [ -98.26, 29.6918 ] ] } },
{ "type": "Feature", "properties": { "faultType": "normal fault, certain" }, "geometry": { "type": "LineString", "coordinates": [ [ -98.2109, 29.7265 ], [ -98.26, 29.6918 ] ] } },
{ "type": "Feature", "properties": { "faultType": "normal fault, certain" }, "geometry": { "type": "LineString", "coordinates": [ [ -97.088, 29.6652 ], [ -97.1123, 29.6928 ] ] } },
{ "type": "Feature", "properties": { "faultType": "normal fault, certain" }, "geometry": { "type": "LineString", "coordinates": [ [ -103.6596, 29.6927 ], [ -103.6104, 29.6429 ] ] } },
{ "type": "Feature", "properties": { "faultType": "normal fault, certain" }, "geometry": { "type": "LineString", "coordinates": [ [ -103.4727, 29.676 ], [ -103.4388, 29.6475 ] ] } },
{ "type": "Feature", "properties": { "faultType": "normal fault, certain" }, "geometry": { "type": "LineString", "coordinates": [ [ -103.404, 29.6459 ], [ -103.4231, 29.6617 ] ] } },
{ "type": "Feature", "properties": { "faultType": "normal fault, certain" }, "geometry": { "type": "LineString", "coordinates": [ [ -102.8587, 29.6669 ], [ -102.8437, 29.6622 ] ] } },
{ "type": "Feature", "properties": { "faultType": "normal fault, certain" }, "geometry": { "type": "LineString", "coordinates": [ [ -98.4155, 29.7086 ], [ -98.4445, 29.6811 ] ] } },
{ "type": "Feature", "properties": { "faultType": "normal fault, certain" }, "geometry": { "type": "LineString", "coordinates": [ [ -103.4824, 29.648 ], [ -103.4541, 29.6343 ] ] } },
{ "type": "Feature", "properties": { "faultType": "normal fault, certain" }, "geometry": { "type": "LineString", "coordinates": [ [ -102.8856, 29.65 ], [ -102.8981, 29.6655 ] ] } },
{ "type": "Feature", "properties": { "faultType": "normal fault, certain" }, "geometry": { "type": "LineString", "coordinates": [ [ -102.847, 29.6503 ], [ -102.8639, 29.6649 ], [ -102.8698, 29.7071 ] ] } },
{ "type": "Feature", "properties": { "faultType": "normal fault, certain" }, "geometry": { "type": "LineString", "coordinates": [ [ -97.1002, 29.7312 ], [ -97.1476, 29.6482 ] ] } },
{ "type": "Feature", "properties": { "faultType": "normal fault, certain" }, "geometry": { "type": "LineString", "coordinates": [ [ -103.686, 29.6446 ], [ -103.6339, 29.6229 ] ] } },
{ "type": "Feature", "properties": { "faultType": "normal fault, certain" }, "geometry": { "type": "LineString", "coordinates": [ [ -98.4316, 29.7045 ], [ -98.4702, 29.6732 ] ] } },
{ "type": "Feature", "properties": { "faultType": "normal fault, certain" }, "geometry": { "type": "LineString", "coordinates": [ [ -98.6279, 29.7436 ], [ -98.6865, 29.6938 ], [ -98.744, 29.6741 ] ] } },
{ "type": "Feature", "properties": { "faultType": "normal fault, certain" }, "geometry": { "type": "LineString", "coordinates": [ [ -102.8639, 29.6525 ], [ -102.8623, 29.6422 ] ] } },
{ "type": "Feature", "properties": { "faultType": "normal fault, certain" }, "geometry": { "type": "LineString", "coordinates": [ [ -97.2227, 29.6583 ], [ -97.2454, 29.6451 ] ] } },
{ "type": "Feature", "properties": { "faultType": "normal fault, certain" }, "geometry": { "type": "LineString", "coordinates": [ [ -102.8623, 29.6422 ], [ -102.8623, 29.6422 ] ] } },
{ "type": "Feature", "properties": { "faultType": "normal fault, certain" }, "geometry": { "type": "LineString", "coordinates": [ [ -102.8379, 29.6411 ], [ -102.847, 29.6503 ] ] } },
{ "type": "Feature", "properties": { "faultType": "normal fault, certain" }, "geometry": { "type": "LineString", "coordinates": [ [ -103.6201, 29.6188 ], [ -103.6177, 29.6148 ] ] } },
{ "type": "Feature", "properties": { "faultType": "normal fault, certain" }, "geometry": { "type": "LineString", "coordinates": [ [ -98.2022, 29.7892 ], [ -98.2712, 29.7275 ], [ -98.3956, 29.6636 ] ] } },
{ "type": "Feature", "properties": { "faultType": "normal fault, certain" }, "geometry": { "type": "LineString", "coordinates": [ [ -98.3861, 29.6703 ], [ -98.3956, 29.6636 ] ] } },
{ "type": "Feature", "properties": { "faultType": "normal fault, certain" }, "geometry": { "type": "LineString", "coordinates": [ [ -103.6177, 29.6148 ], [ -103.6193, 29.613 ] ] } },
{ "type": "Feature", "properties": { "faultType": "normal fault, certain" }, "geometry": { "type": "LineString", "coordinates": [ [ -103.6244, 29.6158 ], [ -103.6193, 29.613 ] ] } },
{ "type": "Feature", "properties": { "faultType": "normal fault, certain" }, "geometry": { "type": "LineString", "coordinates": [ [ -102.847, 29.6503 ], [ -102.8551, 29.6363 ] ] } },
{ "type": "Feature", "properties": { "faultType": "normal fault, certain" }, "geometry": { "type": "LineString", "coordinates": [ [ -102.8623, 29.6422 ], [ -102.8551, 29.6363 ] ] } },
{ "type": "Feature", "properties": { "faultType": "normal fault, certain" }, "geometry": { "type": "LineString", "coordinates": [ [ -97.3117, 29.6593 ], [ -97.3346, 29.6408 ] ] } },
{ "type": "Feature", "properties": { "faultType": "normal fault, certain" }, "geometry": { "type": "LineString", "coordinates": [ [ -97.2486, 29.6423 ], [ -97.2558, 29.6375 ] ] } },
{ "type": "Feature", "properties": { "faultType": "normal fault, certain" }, "geometry": { "type": "LineString", "coordinates": [ [ -103.6054, 29.6106 ], [ -103.6099, 29.6146 ] ] } },
{ "type": "Feature", "properties": { "faultType": "normal fault, certain" }, "geometry": { "type": "LineString", "coordinates": [ [ -98.26, 29.6918 ], [ -98.3088, 29.6558 ] ] } },
{ "type": "Feature", "properties": { "faultType": "normal fault, certain" }, "geometry": { "type": "LineString", "coordinates": [ [ -97.397, 29.6783 ], [ -97.3862, 29.6366 ] ] } },
{ "type": "Feature", "properties": { "faultType": "normal fault, certain" }, "geometry": { "type": "LineString", "coordinates": [ [ -98.2671, 29.6697 ], [ -98.3088, 29.6558 ] ] } },
{ "type": "Feature", "properties": { "faultType": "normal fault, certain" }, "geometry": { "type": "LineString", "coordinates": [ [ -98.3088, 29.6558 ], [ -98.3274, 29.6561 ] ] } },
{ "type": "Feature", "properties": { "faultType": "normal fault, certain" }, "geometry": { "type": "LineString", "coordinates": [ [ -103.6177, 29.6148 ], [ -103.6064, 29.6057 ] ] } },
{ "type": "Feature", "properties": { "faultType": "normal fault, certain" }, "geometry": { "type": "LineString", "coordinates": [ [ -103.6193, 29.613 ], [ -103.6064, 29.6057 ] ] } },
{ "type": "Feature", "properties": { "faultType": "normal fault, certain" }, "geometry": { "type": "LineString", "coordinates": [ [ -104.1826, 29.5837 ], [ -104.2222, 29.6126 ], [ -104.2219, 29.6402 ], [ -104.2448, 29.6804 ] ] } },
{ "type": "Feature", "properties": { "faultType": "normal fault, certain" }, "geometry": { "type": "LineString", "coordinates": [ [ -97.5812, 29.6609 ], [ -97.5916, 29.6395 ] ] } },
{ "type": "Feature", "properties": { "faultType": "normal fault, certain" }, "geometry": { "type": "LineString", "coordinates": [ [ -98.2955, 29.6511 ], [ -98.2042, 29.7114 ] ] } },
{ "type": "Feature", "properties": { "faultType": "normal fault, certain" }, "geometry": { "type": "LineString", "coordinates": [ [ -103.5807, 29.6032 ], [ -103.6431, 29.6435 ] ] } },
{ "type": "Feature", "properties": { "faultType": "normal fault, certain" }, "geometry": { "type": "LineString", "coordinates": [ [ -103.6072, 29.6155 ], [ -103.5807, 29.6032 ] ] } },
{ "type": "Feature", "properties": { "faultType": "normal fault, certain" }, "geometry": { "type": "LineString", "coordinates": [ [ -103.082, 29.6246 ], [ -103.0817, 29.6192 ] ] } },
{ "type": "Feature", "properties": { "faultType": "normal fault, certain" }, "geometry": { "type": "LineString", "coordinates": [ [ -103.0856, 29.6248 ], [ -103.0817, 29.6192 ] ] } },
{ "type": "Feature", "properties": { "faultType": "normal fault, certain" }, "geometry": { "type": "LineString", "coordinates": [ [ -102.8551, 29.6363 ], [ -102.8472, 29.6255 ] ] } },
{ "type": "Feature", "properties": { "faultType": "normal fault, certain" }, "geometry": { "type": "LineString", "coordinates": [ [ -97.2642, 29.6279 ], [ -97.2406, 29.6326 ] ] } },
{ "type": "Feature", "properties": { "faultType": "normal fault, certain" }, "geometry": { "type": "LineString", "coordinates": [ [ -103.6064, 29.6057 ], [ -103.6041, 29.6013 ] ] } },
{ "type": "Feature", "properties": { "faultType": "normal fault, certain" }, "geometry": { "type": "LineString", "coordinates": [ [ -103.6041, 29.6013 ], [ -103.6442, 29.612 ] ] } },
{ "type": "Feature", "properties": { "faultType": "normal fault, certain" }, "geometry": { "type": "LineString", "coordinates": [ [ -98.2402, 29.6541 ], [ -98.2481, 29.6481 ] ] } },
{ "type": "Feature", "properties": { "faultType": "normal fault, certain" }, "geometry": { "type": "LineString", "coordinates": [ [ -98.071, 29.7903 ], [ -98.0914, 29.7543 ], [ -98.1424, 29.7035 ], [ -98.239, 29.646 ] ] } },
{ "type": "Feature", "properties": { "faultType": "normal fault, certain" }, "geometry": { "type": "LineString", "coordinates": [ [ -98.2481, 29.6481 ], [ -98.239, 29.646 ] ] } },
{ "type": "Feature", "properties": { "faultType": "normal fault, certain" }, "geometry": { "type": "LineString", "coordinates": [ [ -102.8365, 29.621 ], [ -102.8274, 29.6256 ] ] } },
{ "type": "Feature", "properties": { "faultType": "normal fault, certain" }, "geometry": { "type": "LineString", "coordinates": [ [ -103.571, 29.5972 ], [ -103.5807, 29.6032 ] ] } },
{ "type": "Feature", "properties": { "faultType": "normal fault, certain" }, "geometry": { "type": "LineString", "coordinates": [ [ -103.6035, 29.6083 ], [ -103.571, 29.5972 ] ] } },
{ "type": "Feature", "properties": { "faultType": "normal fault, certain" }, "geometry": { "type": "LineString", "coordinates": [ [ -98.239, 29.646 ], [ -98.2445, 29.6406 ] ] } },
{ "type": "Feature", "properties": { "faultType": "normal fault, certain" }, "geometry": { "type": "LineString", "coordinates": [ [ -102.8472, 29.6255 ], [ -102.8367, 29.6161 ] ] } },
{ "type": "Feature", "properties": { "faultType": "normal fault, certain" }, "geometry": { "type": "LineString", "coordinates": [ [ -104.1701, 29.5862 ], [ -104.1534, 29.5711 ] ] } },
{ "type": "Feature", "properties": { "faultType": "normal fault, certain" }, "geometry": { "type": "LineString", "coordinates": [ [ -103.0977, 29.6405 ], [ -103.0813, 29.6338 ], [ -103.0635, 29.607 ] ] } },
{ "type": "Feature", "properties": { "faultType": "normal fault, certain" }, "geometry": { "type": "LineString", "coordinates": [ [ -97.1702, 29.6438 ], [ -97.1908, 29.6141 ] ] } },
{ "type": "Feature", "properties": { "faultType": "normal fault, certain" }, "geometry": { "type": "LineString", "coordinates": [ [ -103.0635, 29.607 ], [ -103.0734, 29.6064 ] ] } },
{ "type": "Feature", "properties": { "faultType": "normal fault, certain" }, "geometry": { "type": "LineString", "coordinates": [ [ -103.0817, 29.6192 ], [ -103.0734, 29.6064 ] ] } },
{ "type": "Feature", "properties": { "faultType": "normal fault, certain" }, "geometry": { "type": "LineString", "coordinates": [ [ -102.8472, 29.6255 ], [ -102.8483, 29.6126 ] ] } },
{ "type": "Feature", "properties": { "faultType": "normal fault, certain" }, "geometry": { "type": "LineString", "coordinates": [ [ -102.8623, 29.6422 ], [ -102.8483, 29.6126 ] ] } },
{ "type": "Feature", "properties": { "faultType": "normal fault, certain" }, "geometry": { "type": "LineString", "coordinates": [ [ -102.9522, 29.6083 ], [ -102.9578, 29.6104 ] ] } },
{ "type": "Feature", "properties": { "faultType": "normal fault, certain" }, "geometry": { "type": "LineString", "coordinates": [ [ -103.3369, 29.6926 ], [ -103.3174, 29.6517 ], [ -103.2738, 29.597 ] ] } },
{ "type": "Feature", "properties": { "faultType": "normal fault, certain" }, "geometry": { "type": "LineString", "coordinates": [ [ -102.9536, 29.6149 ], [ -102.9284, 29.6065 ], [ -102.9522, 29.6083 ] ] } },
{ "type": "Feature", "properties": { "faultType": "normal fault, certain" }, "geometry": { "type": "LineString", "coordinates": [ [ -103.6655, 29.5826 ], [ -103.7306, 29.6032 ] ] } },
{ "type": "Feature", "properties": { "faultType": "normal fault, certain" }, "geometry": { "type": "LineString", "coordinates": [ [ -103.0734, 29.6064 ], [ -103.0668, 29.6013 ] ] } },
{ "type": "Feature", "properties": { "faultType": "normal fault, certain" }, "geometry": { "type": "LineString", "coordinates": [ [ -103.1077, 29.604 ], [ -103.1087, 29.6 ] ] } },
{ "type": "Feature", "properties": { "faultType": "normal fault, certain" }, "geometry": { "type": "LineString", "coordinates": [ [ -98.0962, 29.6695 ], [ -98.1479, 29.6298 ] ] } },
{ "type": "Feature", "properties": { "faultType": "normal fault, certain" }, "geometry": { "type": "LineString", "coordinates": [ [ -103.6041, 29.6013 ], [ -103.5678, 29.5846 ] ] } },
{ "type": "Feature", "properties": { "faultType": "normal fault, certain" }, "geometry": { "type": "LineString", "coordinates": [ [ -103.1236, 29.6117 ], [ -103.1128, 29.5989 ] ] } },
{ "type": "Feature", "properties": { "faultType": "normal fault, certain" }, "geometry": { "type": "LineString", "coordinates": [ [ -98.348, 29.6315 ], [ -98.3274, 29.6642 ], [ -98.2695, 29.6966 ] ] } },
{ "type": "Feature", "properties": { "faultType": "normal fault, certain" }, "geometry": { "type": "LineString", "coordinates": [ [ -100.8293, 29.6841 ], [ -100.8595, 29.6394 ] ] } },
{ "type": "Feature", "properties": { "faultType": "normal fault, certain" }, "geometry": { "type": "LineString", "coordinates": [ [ -103.1379, 29.6022 ], [ -103.1286, 29.5973 ] ] } },
{ "type": "Feature", "properties": { "faultType": "normal fault, certain" }, "geometry": { "type": "LineString", "coordinates": [ [ -102.944, 29.6002 ], [ -102.9284, 29.6032 ] ] } },
{ "type": "Feature", "properties": { "faultType": "normal fault, certain" }, "geometry": { "type": "LineString", "coordinates": [ [ -98.2481, 29.6481 ], [ -98.2818, 29.6276 ] ] } },
{ "type": "Feature", "properties": { "faultType": "normal fault, certain" }, "geometry": { "type": "LineString", "coordinates": [ [ -103.571, 29.5972 ], [ -103.5382, 29.5813 ] ] } },
{ "type": "Feature", "properties": { "faultType": "normal fault, certain" }, "geometry": { "type": "LineString", "coordinates": [ [ -102.8367, 29.6161 ], [ -102.8227, 29.6024 ] ] } },
{ "type": "Feature", "properties": { "faultType": "normal fault, certain" }, "geometry": { "type": "LineString", "coordinates": [ [ -104.1075, 29.5648 ], [ -104.0969, 29.559 ] ] } },
{ "type": "Feature", "properties": { "faultType": "normal fault, certain" }, "geometry": { "type": "LineString", "coordinates": [ [ -97.1953, 29.6076 ], [ -97.1983, 29.602 ] ] } },
{ "type": "Feature", "properties": { "faultType": "normal fault, certain" }, "geometry": { "type": "LineString", "coordinates": [ [ -98.3956, 29.6636 ], [ -98.4651, 29.6277 ] ] } },
{ "type": "Feature", "properties": { "faultType": "normal fault, certain" }, "geometry": { "type": "LineString", "coordinates": [ [ -98.355, 29.6258 ], [ -98.3659, 29.6257 ] ] } },
{ "type": "Feature", "properties": { "faultType": "normal fault, certain" }, "geometry": { "type": "LineString", "coordinates": [ [ -104.1067, 29.5574 ], [ -104.0969, 29.559 ] ] } },
{ "type": "Feature", "properties": { "faultType": "normal fault, certain" }, "geometry": { "type": "LineString", "coordinates": [ [ -103.0892, 29.6045 ], [ -103.068, 29.593 ] ] } },
{ "type": "Feature", "properties": { "faultType": "normal fault, certain" }, "geometry": { "type": "LineString", "coordinates": [ [ -98.3659, 29.6257 ], [ -98.3703, 29.6251 ] ] } },
{ "type": "Feature", "properties": { "faultType": "normal fault, certain" }, "geometry": { "type": "LineString", "coordinates": [ [ -98.3472, 29.6247 ], [ -98.355, 29.6258 ] ] } },
{ "type": "Feature", "properties": { "faultType": "normal fault, certain" }, "geometry": { "type": "LineString", "coordinates": [ [ -103.0433, 29.6123 ], [ -103.0262, 29.5924 ] ] } },
{ "type": "Feature", "properties": { "faultType": "normal fault, certain" }, "geometry": { "type": "LineString", "coordinates": [ [ -103.809, 29.5663 ], [ -103.8935, 29.5896 ] ] } },
{ "type": "Feature", "properties": { "faultType": "normal fault, certain" }, "geometry": { "type": "LineString", "coordinates": [ [ -102.8969, 29.5954 ], [ -102.8945, 29.6054 ] ] } },
{ "type": "Feature", "properties": { "faultType": "normal fault, certain" }, "geometry": { "type": "LineString", "coordinates": [ [ -103.0262, 29.5924 ], [ -103.0247, 29.5916 ] ] } },
{ "type": "Feature", "properties": { "faultType": "normal fault, certain" }, "geometry": { "type": "LineString", "coordinates": [ [ -98.1114, 29.6342 ], [ -98.1276, 29.6185 ] ] } },
{ "type": "Feature", "properties": { "faultType": "normal fault, certain" }, "geometry": { "type": "LineString", "coordinates": [ [ -103.0595, 29.5978 ], [ -103.0542, 29.5905 ] ] } },
{ "type": "Feature", "properties": { "faultType": "normal fault, certain" }, "geometry": { "type": "LineString", "coordinates": [ [ -98.2818, 29.6276 ], [ -98.3021, 29.6353 ], [ -98.3247, 29.6217 ] ] } },
{ "type": "Feature", "properties": { "faultType": "normal fault, certain" }, "geometry": { "type": "LineString", "coordinates": [ [ -103.2738, 29.597 ], [ -103.2681, 29.5817 ] ] } },
{ "type": "Feature", "properties": { "faultType": "normal fault, certain" }, "geometry": { "type": "LineString", "coordinates": [ [ -104.0969, 29.559 ], [ -104.0217, 29.554 ] ] } },
{ "type": "Feature", "properties": { "faultType": "normal fault, certain" }, "geometry": { "type": "LineString", "coordinates": [ [ -104.0217, 29.554 ], [ -103.9636, 29.558 ] ] } },
{ "type": "Feature", "properties": { "faultType": "normal fault, certain" }, "geometry": { "type": "LineString", "coordinates": [ [ -103.1077, 29.604 ], [ -103.0851, 29.5855 ] ] } },
{ "type": "Feature", "properties": { "faultType": "normal fault, certain" }, "geometry": { "type": "LineString", "coordinates": [ [ -102.8287, 29.5926 ], [ -102.842, 29.6148 ] ] } },
{ "type": "Feature", "properties": { "faultType": "normal fault, certain" }, "geometry": { "type": "LineString", "coordinates": [ [ -98.355, 29.6258 ], [ -98.3724, 29.6178 ] ] } },
{ "type": "Feature", "properties": { "faultType": "normal fault, certain" }, "geometry": { "type": "LineString", "coordinates": [ [ -98.3659, 29.6257 ], [ -98.3724, 29.6178 ] ] } },
{ "type": "Feature", "properties": { "faultType": "normal fault, certain" }, "geometry": { "type": "LineString", "coordinates": [ [ -103.6004, 29.5681 ], [ -103.5916, 29.577 ] ] } },
{ "type": "Feature", "properties": { "faultType": "normal fault, certain" }, "geometry": { "type": "LineString", "coordinates": [ [ -103.9636, 29.558 ], [ -103.9003, 29.557 ] ] } },
{ "type": "Feature", "properties": { "faultType": "normal fault, certain" }, "geometry": { "type": "LineString", "coordinates": [ [ -102.8987, 29.5896 ], [ -102.8969, 29.5954 ] ] } },
{ "type": "Feature", "properties": { "faultType": "normal fault, certain" }, "geometry": { "type": "LineString", "coordinates": [ [ -98.4119, 29.6472 ], [ -98.4565, 29.6181 ] ] } },
{ "type": "Feature", "properties": { "faultType": "normal fault, certain" }, "geometry": { "type": "LineString", "coordinates": [ [ -103.1301, 29.6068 ], [ -103.1166, 29.5824 ] ] } },
{ "type": "Feature", "properties": { "faultType": "normal fault, certain" }, "geometry": { "type": "LineString", "coordinates": [ [ -103.1166, 29.5824 ], [ -103.1286, 29.5973 ] ] } },
{ "type": "Feature", "properties": { "faultType": "normal fault, certain" }, "geometry": { "type": "LineString", "coordinates": [ [ -102.9164, 29.588 ], [ -102.9188, 29.6022 ] ] } },
{ "type": "Feature", "properties": { "faultType": "normal fault, certain" }, "geometry": { "type": "LineString", "coordinates": [ [ -102.9148, 29.588 ], [ -102.9164, 29.588 ] ] } },
{ "type": "Feature", "properties": { "faultType": "normal fault, certain" }, "geometry": { "type": "LineString", "coordinates": [ [ -98.4316, 29.7045 ], [ -98.4797, 29.6922 ], [ -98.5574, 29.6322 ], [ -98.5887, 29.6189 ] ] } },
{ "type": "Feature", "properties": { "faultType": "normal fault, certain" }, "geometry": { "type": "LineString", "coordinates": [ [ -103.0521, 29.5883 ], [ -103.0468, 29.5833 ] ] } },
{ "type": "Feature", "properties": { "faultType": "normal fault, certain" }, "geometry": { "type": "LineString", "coordinates": [ [ -103.0247, 29.5916 ], [ -103.0128, 29.5842 ] ] } },
{ "type": "Feature", "properties": { "faultType": "normal fault, certain" }, "geometry": { "type": "LineString", "coordinates": [ [ -98.2818, 29.6276 ], [ -98.3067, 29.6134 ] ] } },
{ "type": "Feature", "properties": { "faultType": "normal fault, certain" }, "geometry": { "type": "LineString", "coordinates": [ [ -103.5848, 29.5777 ], [ -103.5955, 29.5637 ] ] } },
{ "type": "Feature", "properties": { "faultType": "normal fault, certain" }, "geometry": { "type": "LineString", "coordinates": [ [ -103.5955, 29.5637 ], [ -103.6655, 29.5826 ] ] } },
{ "type": "Feature", "properties": { "faultType": "normal fault, certain" }, "geometry": { "type": "LineString", "coordinates": [ [ -103.835, 29.5564 ], [ -103.7869, 29.5576 ] ] } },
{ "type": "Feature", "properties": { "faultType": "normal fault, certain" }, "geometry": { "type": "LineString", "coordinates": [ [ -103.7869, 29.5576 ], [ -103.7008, 29.5621 ] ] } },
{ "type": "Feature", "properties": { "faultType": "normal fault, certain" }, "geometry": { "type": "LineString", "coordinates": [ [ -103.061, 29.5877 ], [ -103.0492, 29.5789 ] ] } },
{ "type": "Feature", "properties": { "faultType": "normal fault, certain" }, "geometry": { "type": "LineString", "coordinates": [ [ -103.0158, 29.5795 ], [ -103.008, 29.5843 ] ] } },
{ "type": "Feature", "properties": { "faultType": "normal fault, certain" }, "geometry": { "type": "LineString", "coordinates": [ [ -103.0247, 29.5916 ], [ -103.0158, 29.5795 ] ] } },
{ "type": "Feature", "properties": { "faultType": "normal fault, certain" }, "geometry": { "type": "LineString", "coordinates": [ [ -98.8159, 29.647 ], [ -98.8759, 29.6171 ] ] } },
{ "type": "Feature", "properties": { "faultType": "normal fault, certain" }, "geometry": { "type": "LineString", "coordinates": [ [ -103.6904, 29.5618 ], [ -103.6611, 29.5582 ] ] } },
{ "type": "Feature", "properties": { "faultType": "normal fault, certain" }, "geometry": { "type": "LineString", "coordinates": [ [ -103.5782, 29.5749 ], [ -103.5884, 29.5607 ] ] } },
{ "type": "Feature", "properties": { "faultType": "normal fault, certain" }, "geometry": { "type": "LineString", "coordinates": [ [ -103.5884, 29.5607 ], [ -103.5955, 29.5637 ] ] } },
{ "type": "Feature", "properties": { "faultType": "normal fault, certain" }, "geometry": { "type": "LineString", "coordinates": [ [ -103.6472, 29.5584 ], [ -103.6457, 29.5582 ] ] } },
{ "type": "Feature", "properties": { "faultType": "normal fault, certain" }, "geometry": { "type": "LineString", "coordinates": [ [ -102.9003, 29.5816 ], [ -102.8987, 29.5896 ] ] } },
{ "type": "Feature", "properties": { "faultType": "normal fault, certain" }, "geometry": { "type": "LineString", "coordinates": [ [ -102.9063, 29.5913 ], [ -102.9003, 29.5816 ] ] } },
{ "type": "Feature", "properties": { "faultType": "normal fault, certain" }, "geometry": { "type": "LineString", "coordinates": [ [ -103.6611, 29.5582 ], [ -103.6472, 29.5584 ] ] } },
{ "type": "Feature", "properties": { "faultType": "normal fault, certain" }, "geometry": { "type": "LineString", "coordinates": [ [ -98.3469, 29.6183 ], [ -98.3708, 29.609 ] ] } },
{ "type": "Feature", "properties": { "faultType": "normal fault, certain" }, "geometry": { "type": "LineString", "coordinates": [ [ -99.0003, 29.6576 ], [ -99.1608, 29.6181 ] ] } },
{ "type": "Feature", "properties": { "faultType": "normal fault, certain" }, "geometry": { "type": "LineString", "coordinates": [ [ -103.5746, 29.5624 ], [ -103.5849, 29.5593 ] ] } },
{ "type": "Feature", "properties": { "faultType": "normal fault, certain" }, "geometry": { "type": "LineString", "coordinates": [ [ -103.5849, 29.5593 ], [ -103.5884, 29.5607 ] ] } },
{ "type": "Feature", "properties": { "faultType": "normal fault, certain" }, "geometry": { "type": "LineString", "coordinates": [ [ -103.5453, 29.5711 ], [ -103.5302, 29.5606 ] ] } },
{ "type": "Feature", "properties": { "faultType": "normal fault, certain" }, "geometry": { "type": "LineString", "coordinates": [ [ -103.039, 29.5881 ], [ -103.0308, 29.5762 ] ] } },
{ "type": "Feature", "properties": { "faultType": "normal fault, certain" }, "geometry": { "type": "LineString", "coordinates": [ [ -102.9003, 29.5816 ], [ -102.8994, 29.5798 ] ] } },
{ "type": "Feature", "properties": { "faultType": "normal fault, certain" }, "geometry": { "type": "LineString", "coordinates": [ [ -98.3703, 29.6251 ], [ -98.3977, 29.6078 ] ] } },
{ "type": "Feature", "properties": { "faultType": "normal fault, certain" }, "geometry": { "type": "LineString", "coordinates": [ [ -103.5818, 29.5582 ], [ -103.5849, 29.5593 ] ] } },
{ "type": "Feature", "properties": { "faultType": "normal fault, certain" }, "geometry": { "type": "LineString", "coordinates": [ [ -103.6612, 29.5542 ], [ -103.6611, 29.5582 ] ] } },
{ "type": "Feature", "properties": { "faultType": "normal fault, certain" }, "geometry": { "type": "LineString", "coordinates": [ [ -103.6612, 29.5542 ], [ -103.6686, 29.5544 ] ] } },
{ "type": "Feature", "properties": { "faultType": "normal fault, certain" }, "geometry": { "type": "LineString", "coordinates": [ [ -104.2361, 29.5322 ], [ -104.2166, 29.5425 ] ] } },
{ "type": "Feature", "properties": { "faultType": "normal fault, certain" }, "geometry": { "type": "LineString", "coordinates": [ [ -103.0249, 29.5743 ], [ -103.0262, 29.5924 ] ] } },
{ "type": "Feature", "properties": { "faultType": "normal fault, certain" }, "geometry": { "type": "LineString", "coordinates": [ [ -103.6556, 29.5539 ], [ -103.6612, 29.5542 ] ] } },
{ "type": "Feature", "properties": { "faultType": "normal fault, certain" }, "geometry": { "type": "LineString", "coordinates": [ [ -103.5302, 29.5606 ], [ -103.5287, 29.5581 ] ] } },
{ "type": "Feature", "properties": { "faultType": "normal fault, certain" }, "geometry": { "type": "LineString", "coordinates": [ [ -98.3708, 29.609 ], [ -98.3806, 29.6051 ] ] } },
{ "type": "Feature", "properties": { "faultType": "normal fault, certain" }, "geometry": { "type": "LineString", "coordinates": [ [ -98.3724, 29.6178 ], [ -98.3806, 29.6051 ] ] } },
{ "type": "Feature", "properties": { "faultType": "normal fault, certain" }, "geometry": { "type": "LineString", "coordinates": [ [ -102.9054, 29.5769 ], [ -102.9148, 29.588 ] ] } },
{ "type": "Feature", "properties": { "faultType": "normal fault, certain" }, "geometry": { "type": "LineString", "coordinates": [ [ -102.8969, 29.5954 ], [ -102.882, 29.5775 ] ] } },
{ "type": "Feature", "properties": { "faultType": "normal fault, certain" }, "geometry": { "type": "LineString", "coordinates": [ [ -104.2387, 29.5309 ], [ -104.2361, 29.5322 ] ] } },
{ "type": "Feature", "properties": { "faultType": "normal fault, certain" }, "geometry": { "type": "LineString", "coordinates": [ [ -103.7773, 29.5484 ], [ -103.7869, 29.5576 ] ] } },
{ "type": "Feature", "properties": { "faultType": "normal fault, certain" }, "geometry": { "type": "LineString", "coordinates": [ [ -103.7778, 29.5484 ], [ -103.7773, 29.5484 ] ] } },
{ "type": "Feature", "properties": { "faultType": "normal fault, certain" }, "geometry": { "type": "LineString", "coordinates": [ [ -102.8367, 29.6161 ], [ -102.8257, 29.617 ], [ -102.7898, 29.5794 ] ] } },
{ "type": "Feature", "properties": { "faultType": "normal fault, certain" }, "geometry": { "type": "LineString", "coordinates": [ [ -103.7773, 29.5484 ], [ -103.7543, 29.5496 ] ] } },
{ "type": "Feature", "properties": { "faultType": "normal fault, approximate" }, "geometry": { "type": "LineString", "coordinates": [ [ -104.2969, 29.5283 ], [ -104.2867, 29.5275 ] ] } },
{ "type": "Feature", "properties": { "faultType": "normal fault, certain" }, "geometry": { "type": "LineString", "coordinates": [ [ -102.9093, 29.5751 ], [ -102.9164, 29.588 ] ] } },
{ "type": "Feature", "properties": { "faultType": "normal fault, certain" }, "geometry": { "type": "LineString", "coordinates": [ [ -100.8494, 29.6231 ], [ -100.8687, 29.6118 ] ] } },
{ "type": "Feature", "properties": { "faultType": "normal fault, certain" }, "geometry": { "type": "LineString", "coordinates": [ [ -103.64, 29.5516 ], [ -103.6556, 29.5539 ] ] } },
{ "type": "Feature", "properties": { "faultType": "normal fault, certain" }, "geometry": { "type": "LineString", "coordinates": [ [ -104.2867, 29.5275 ], [ -104.2755, 29.5271 ] ] } },
{ "type": "Feature", "properties": { "faultType": "normal fault, certain" }, "geometry": { "type": "LineString", "coordinates": [ [ -98.3411, 29.6063 ], [ -98.3559, 29.6006 ] ] } },
{ "type": "Feature", "properties": { "faultType": "normal fault, certain" }, "geometry": { "type": "LineString", "coordinates": [ [ -98.3708, 29.609 ], [ -98.3559, 29.6006 ] ] } },
{ "type": "Feature", "properties": { "faultType": "normal fault, approximate" }, "geometry": { "type": "LineString", "coordinates": [ [ -104.2755, 29.5271 ], [ -104.2684, 29.5259 ] ] } },
{ "type": "Feature", "properties": { "faultType": "normal fault, certain" }, "geometry": { "type": "LineString", "coordinates": [ [ -103.5384, 29.5531 ], [ -103.5302, 29.5606 ] ] } },
{ "type": "Feature", "properties": { "faultType": "normal fault, certain" }, "geometry": { "type": "LineString", "coordinates": [ [ -103.5384, 29.5531 ], [ -103.553, 29.5642 ] ] } },
{ "type": "Feature", "properties": { "faultType": "normal fault, certain" }, "geometry": { "type": "LineString", "coordinates": [ [ -103.6472, 29.5584 ], [ -103.6202, 29.5499 ] ] } },
{ "type": "Feature", "properties": { "faultType": "normal fault, certain" }, "geometry": { "type": "LineString", "coordinates": [ [ -103.5366, 29.552 ], [ -103.5384, 29.5531 ] ] } },
{ "type": "Feature", "properties": { "faultType": "normal fault, certain" }, "geometry": { "type": "LineString", "coordinates": [ [ -103.64, 29.5516 ], [ -103.6556, 29.5539 ] ] } },
{ "type": "Feature", "properties": { "faultType": "normal fault, certain" }, "geometry": { "type": "LineString", "coordinates": [ [ -104.0213, 29.5337 ], [ -104.0217, 29.554 ] ] } },
{ "type": "Feature", "properties": { "faultType": "normal fault, certain" }, "geometry": { "type": "LineString", "coordinates": [ [ -104.0213, 29.5337 ], [ -104.0169, 29.5338 ] ] } },
{ "type": "Feature", "properties": { "faultType": "normal fault, certain" }, "geometry": { "type": "LineString", "coordinates": [ [ -98.3882, 29.6075 ], [ -98.4071, 29.5991 ] ] } },
{ "type": "Feature", "properties": { "faultType": "normal fault, certain" }, "geometry": { "type": "LineString", "coordinates": [ [ -102.9312, 29.5695 ], [ -102.9522, 29.6083 ] ] } },
{ "type": "Feature", "properties": { "faultType": "normal fault, certain" }, "geometry": { "type": "LineString", "coordinates": [ [ -102.8871, 29.5707 ], [ -102.8987, 29.5896 ] ] } },
{ "type": "Feature", "properties": { "faultType": "normal fault, certain" }, "geometry": { "type": "LineString", "coordinates": [ [ -104.2296, 29.5246 ], [ -104.2361, 29.5322 ] ] } },
{ "type": "Feature", "properties": { "faultType": "normal fault, certain" }, "geometry": { "type": "LineString", "coordinates": [ [ -104.2296, 29.5246 ], [ -104.2318, 29.5269 ] ] } },
{ "type": "Feature", "properties": { "faultType": "normal fault, certain" }, "geometry": { "type": "LineString", "coordinates": [ [ -102.9769, 29.5703 ], [ -102.9654, 29.5681 ] ] } },
{ "type": "Feature", "properties": { "faultType": "normal fault, certain" }, "geometry": { "type": "LineString", "coordinates": [ [ -102.8095, 29.5723 ], [ -102.8367, 29.6161 ] ] } },
{ "type": "Feature", "properties": { "faultType": "normal fault, certain" }, "geometry": { "type": "LineString", "coordinates": [ [ -102.9309, 29.5687 ], [ -102.9312, 29.5695 ] ] } },
{ "type": "Feature", "properties": { "faultType": "normal fault, certain" }, "geometry": { "type": "LineString", "coordinates": [ [ -102.8095, 29.5723 ], [ -102.8091, 29.5706 ] ] } },
{ "type": "Feature", "properties": { "faultType": "normal fault, certain" }, "geometry": { "type": "LineString", "coordinates": [ [ -103.0438, 29.5734 ], [ -103.0386, 29.5638 ] ] } },
{ "type": "Feature", "properties": { "faultType": "normal fault, certain" }, "geometry": { "type": "LineString", "coordinates": [ [ -103.0198, 29.5633 ], [ -103.0158, 29.5795 ] ] } },
{ "type": "Feature", "properties": { "faultType": "normal fault, certain" }, "geometry": { "type": "LineString", "coordinates": [ [ -102.8663, 29.5792 ], [ -102.8633, 29.5661 ] ] } },
{ "type": "Feature", "properties": { "faultType": "normal fault, certain" }, "geometry": { "type": "LineString", "coordinates": [ [ -104.1792, 29.535 ], [ -104.1934, 29.5204 ] ] } },
{ "type": "Feature", "properties": { "faultType": "normal fault, certain" }, "geometry": { "type": "LineString", "coordinates": [ [ -98.3559, 29.6006 ], [ -98.3933, 29.5923 ] ] } },
{ "type": "Feature", "properties": { "faultType": "normal fault, certain" }, "geometry": { "type": "LineString", "coordinates": [ [ -98.3806, 29.6051 ], [ -98.3933, 29.5923 ] ] } },
{ "type": "Feature", "properties": { "faultType": "normal fault, certain" }, "geometry": { "type": "LineString", "coordinates": [ [ -104.0404, 29.5261 ], [ -104.0213, 29.5337 ] ] } },
{ "type": "Feature", "properties": { "faultType": "normal fault, certain" }, "geometry": { "type": "LineString", "coordinates": [ [ -103.7689, 29.5363 ], [ -103.7773, 29.5484 ] ] } },
{ "type": "Feature", "properties": { "faultType": "normal fault, certain" }, "geometry": { "type": "LineString", "coordinates": [ [ -103.7837, 29.5353 ], [ -103.7849, 29.5458 ] ] } },
{ "type": "Feature", "properties": { "faultType": "normal fault, certain" }, "geometry": { "type": "LineString", "coordinates": [ [ -97.5949, 29.6285 ], [ -97.6158, 29.5768 ] ] } },
{ "type": "Feature", "properties": { "faultType": "normal fault, certain" }, "geometry": { "type": "LineString", "coordinates": [ [ -97.1996, 29.5984 ], [ -97.2393, 29.5662 ] ] } },
{ "type": "Feature", "properties": { "faultType": "normal fault, certain" }, "geometry": { "type": "LineString", "coordinates": [ [ -103.1087, 29.6 ], [ -103.1026, 29.5749 ], [ -103.0819, 29.5568 ] ] } },
{ "type": "Feature", "properties": { "faultType": "normal fault, certain" }, "geometry": { "type": "LineString", "coordinates": [ [ -103.5967, 29.5392 ], [ -103.6053, 29.5466 ] ] } },
{ "type": "Feature", "properties": { "faultType": "normal fault, certain" }, "geometry": { "type": "LineString", "coordinates": [ [ -103.2374, 29.5518 ], [ -103.277, 29.5492 ] ] } },
{ "type": "Feature", "properties": { "faultType": "normal fault, certain" }, "geometry": { "type": "LineString", "coordinates": [ [ -103.277, 29.5492 ], [ -103.2779, 29.5522 ] ] } },
{ "type": "Feature", "properties": { "faultType": "normal fault, certain" }, "geometry": { "type": "LineString", "coordinates": [ [ -103.7624, 29.5327 ], [ -103.7661, 29.5423 ] ] } },
{ "type": "Feature", "properties": { "faultType": "normal fault, certain" }, "geometry": { "type": "LineString", "coordinates": [ [ -102.8065, 29.5629 ], [ -102.8091, 29.5706 ] ] } },
{ "type": "Feature", "properties": { "faultType": "normal fault, certain" }, "geometry": { "type": "LineString", "coordinates": [ [ -98.3703, 29.6251 ], [ -98.451, 29.589 ] ] } },
{ "type": "Feature", "properties": { "faultType": "normal fault, certain" }, "geometry": { "type": "LineString", "coordinates": [ [ -102.9741, 29.564 ], [ -102.9719, 29.557 ] ] } },
{ "type": "Feature", "properties": { "faultType": "normal fault, certain" }, "geometry": { "type": "LineString", "coordinates": [ [ -103.7937, 29.5301 ], [ -103.8032, 29.5469 ] ] } },
{ "type": "Feature", "properties": { "faultType": "normal fault, certain" }, "geometry": { "type": "LineString", "coordinates": [ [ -103.0636, 29.5876 ], [ -103.0371, 29.5549 ] ] } },
{ "type": "Feature", "properties": { "faultType": "normal fault, certain" }, "geometry": { "type": "LineString", "coordinates": [ [ -103.0368, 29.5753 ], [ -103.0341, 29.555 ] ] } },
{ "type": "Feature", "properties": { "faultType": "normal fault, certain" }, "geometry": { "type": "LineString", "coordinates": [ [ -103.0699, 29.5535 ], [ -103.0791, 29.5882 ], [ -103.1008, 29.6029 ] ] } },
{ "type": "Feature", "properties": { "faultType": "normal fault, certain" }, "geometry": { "type": "LineString", "coordinates": [ [ -98.451, 29.589 ], [ -98.4513, 29.5872 ] ] } },
{ "type": "Feature", "properties": { "faultType": "normal fault, certain" }, "geometry": { "type": "LineString", "coordinates": [ [ -102.8091, 29.5706 ], [ -102.8109, 29.5604 ] ] } },
{ "type": "Feature", "properties": { "faultType": "normal fault, certain" }, "geometry": { "type": "LineString", "coordinates": [ [ -103.0671, 29.5529 ], [ -103.0676, 29.5696 ] ] } },
{ "type": "Feature", "properties": { "faultType": "normal fault, certain" }, "geometry": { "type": "LineString", "coordinates": [ [ -103.0671, 29.5529 ], [ -103.0699, 29.5535 ] ] } },
{ "type": "Feature", "properties": { "faultType": "normal fault, certain" }, "geometry": { "type": "LineString", "coordinates": [ [ -103.0699, 29.5535 ], [ -103.0719, 29.5526 ] ] } },
{ "type": "Feature", "properties": { "faultType": "normal fault, certain" }, "geometry": { "type": "LineString", "coordinates": [ [ -103.1087, 29.6 ], [ -103.0719, 29.5526 ] ] } },
{ "type": "Feature", "properties": { "faultType": "normal fault, certain" }, "geometry": { "type": "LineString", "coordinates": [ [ -102.8315, 29.584 ], [ -102.8181, 29.5591 ] ] } },
{ "type": "Feature", "properties": { "faultType": "normal fault, certain" }, "geometry": { "type": "LineString", "coordinates": [ [ -103.7413, 29.5373 ], [ -103.7594, 29.5292 ] ] } },
{ "type": "Feature", "properties": { "faultType": "normal fault, certain" }, "geometry": { "type": "LineString", "coordinates": [ [ -103.7594, 29.5292 ], [ -103.7624, 29.5327 ] ] } },
{ "type": "Feature", "properties": { "faultType": "normal fault, certain" }, "geometry": { "type": "LineString", "coordinates": [ [ -102.9832, 29.5645 ], [ -102.9753, 29.5542 ] ] } },
{ "type": "Feature", "properties": { "faultType": "normal fault, certain" }, "geometry": { "type": "LineString", "coordinates": [ [ -98.3806, 29.6051 ], [ -98.4312, 29.5842 ] ] } },
{ "type": "Feature", "properties": { "faultType": "normal fault, certain" }, "geometry": { "type": "LineString", "coordinates": [ [ -103.0885, 29.5494 ], [ -103.1166, 29.5824 ] ] } },
{ "type": "Feature", "properties": { "faultType": "normal fault, certain" }, "geometry": { "type": "LineString", "coordinates": [ [ -103.6036, 29.5324 ], [ -103.64, 29.5516 ] ] } },
{ "type": "Feature", "properties": { "faultType": "normal fault, certain" }, "geometry": { "type": "LineString", "coordinates": [ [ -102.9777, 29.5522 ], [ -102.9753, 29.5542 ] ] } },
{ "type": "Feature", "properties": { "faultType": "normal fault, certain" }, "geometry": { "type": "LineString", "coordinates": [ [ -102.9777, 29.5522 ], [ -102.9872, 29.5634 ] ] } },
{ "type": "Feature", "properties": { "faultType": "normal fault, certain" }, "geometry": { "type": "LineString", "coordinates": [ [ -102.9782, 29.5518 ], [ -102.9777, 29.5522 ] ] } },
{ "type": "Feature", "properties": { "faultType": "normal fault, certain" }, "geometry": { "type": "LineString", "coordinates": [ [ -103.808, 29.5241 ], [ -103.823, 29.541 ] ] } },
{ "type": "Feature", "properties": { "faultType": "normal fault, certain" }, "geometry": { "type": "LineString", "coordinates": [ [ -103.6118, 29.5661 ], [ -103.5891, 29.5318 ] ] } },
{ "type": "Feature", "properties": { "faultType": "normal fault, certain" }, "geometry": { "type": "LineString", "coordinates": [ [ -103.808, 29.5241 ], [ -103.8079, 29.524 ] ] } },
{ "type": "Feature", "properties": { "faultType": "normal fault, certain" }, "geometry": { "type": "LineString", "coordinates": [ [ -102.9309, 29.5687 ], [ -102.9266, 29.5518 ] ] } },
{ "type": "Feature", "properties": { "faultType": "normal fault, certain" }, "geometry": { "type": "LineString", "coordinates": [ [ -98.4353, 29.5857 ], [ -98.4486, 29.5802 ] ] } },
{ "type": "Feature", "properties": { "faultType": "normal fault, certain" }, "geometry": { "type": "LineString", "coordinates": [ [ -98.4486, 29.5802 ], [ -98.4516, 29.5802 ] ] } },
{ "type": "Feature", "properties": { "faultType": "normal fault, certain" }, "geometry": { "type": "LineString", "coordinates": [ [ -98.4513, 29.5872 ], [ -98.4516, 29.5802 ] ] } },
{ "type": "Feature", "properties": { "faultType": "normal fault, certain" }, "geometry": { "type": "LineString", "coordinates": [ [ -103.5931, 29.5293 ], [ -103.6202, 29.5499 ] ] } },
{ "type": "Feature", "properties": { "faultType": "normal fault, certain" }, "geometry": { "type": "LineString", "coordinates": [ [ -103.062, 29.5461 ], [ -103.0671, 29.5529 ] ] } },
{ "type": "Feature", "properties": { "faultType": "normal fault, certain" }, "geometry": { "type": "LineString", "coordinates": [ [ -103.062, 29.5461 ], [ -103.0719, 29.5526 ] ] } },
{ "type": "Feature", "properties": { "faultType": "normal fault, certain" }, "geometry": { "type": "LineString", "coordinates": [ [ -103.7743, 29.5222 ], [ -103.7689, 29.5363 ] ] } },
{ "type": "Feature", "properties": { "faultType": "normal fault, certain" }, "geometry": { "type": "LineString", "coordinates": [ [ -103.7743, 29.5222 ], [ -103.7837, 29.5353 ] ] } },
{ "type": "Feature", "properties": { "faultType": "normal fault, certain" }, "geometry": { "type": "LineString", "coordinates": [ [ -102.8732, 29.5539 ], [ -102.8667, 29.551 ] ] } },
{ "type": "Feature", "properties": { "faultType": "normal fault, certain" }, "geometry": { "type": "LineString", "coordinates": [ [ -98.451, 29.589 ], [ -98.5318, 29.5802 ] ] } },
{ "type": "Feature", "properties": { "faultType": "normal fault, certain" }, "geometry": { "type": "LineString", "coordinates": [ [ -103.1254, 29.5567 ], [ -103.1186, 29.5437 ] ] } },
{ "type": "Feature", "properties": { "faultType": "normal fault, certain" }, "geometry": { "type": "LineString", "coordinates": [ [ -103.2767, 29.5381 ], [ -103.277, 29.5492 ] ] } },
{ "type": "Feature", "properties": { "faultType": "normal fault, certain" }, "geometry": { "type": "LineString", "coordinates": [ [ -98.3933, 29.5923 ], [ -98.4291, 29.5779 ] ] } },
{ "type": "Feature", "properties": { "faultType": "normal fault, certain" }, "geometry": { "type": "LineString", "coordinates": [ [ -98.5148, 29.6077 ], [ -98.5405, 29.5793 ] ] } },
{ "type": "Feature", "properties": { "faultType": "normal fault, certain" }, "geometry": { "type": "LineString", "coordinates": [ [ -103.8047, 29.5193 ], [ -103.808, 29.5241 ] ] } },
{ "type": "Feature", "properties": { "faultType": "normal fault, certain" }, "geometry": { "type": "LineString", "coordinates": [ [ -103.7904, 29.5198 ], [ -103.7837, 29.5353 ] ] } },
{ "type": "Feature", "properties": { "faultType": "normal fault, certain" }, "geometry": { "type": "LineString", "coordinates": [ [ -102.9753, 29.5542 ], [ -102.97, 29.5449 ] ] } },
{ "type": "Feature", "properties": { "faultType": "normal fault, certain" }, "geometry": { "type": "LineString", "coordinates": [ [ -102.97, 29.5449 ], [ -102.9777, 29.5522 ] ] } },
{ "type": "Feature", "properties": { "faultType": "normal fault, certain" }, "geometry": { "type": "LineString", "coordinates": [ [ -104.2014, 29.5023 ], [ -104.2296, 29.5246 ] ] } },
{ "type": "Feature", "properties": { "faultType": "normal fault, certain" }, "geometry": { "type": "LineString", "coordinates": [ [ -103.7724, 29.5185 ], [ -103.7624, 29.5327 ] ] } },
{ "type": "Feature", "properties": { "faultType": "normal fault, certain" }, "geometry": { "type": "LineString", "coordinates": [ [ -103.7724, 29.5185 ], [ -103.7743, 29.5222 ] ] } },
{ "type": "Feature", "properties": { "faultType": "normal fault, certain" }, "geometry": { "type": "LineString", "coordinates": [ [ -98.2273, 29.6032 ], [ -98.287, 29.5725 ] ] } },
{ "type": "Feature", "properties": { "faultType": "normal fault, certain" }, "geometry": { "type": "LineString", "coordinates": [ [ -102.9161, 29.5456 ], [ -102.9266, 29.5518 ] ] } },
{ "type": "Feature", "properties": { "faultType": "normal fault, certain" }, "geometry": { "type": "LineString", "coordinates": [ [ -102.8807, 29.5604 ], [ -102.8537, 29.5473 ] ] } },
{ "type": "Feature", "properties": { "faultType": "normal fault, certain" }, "geometry": { "type": "LineString", "coordinates": [ [ -102.9266, 29.5518 ], [ -102.9239, 29.5449 ] ] } },
{ "type": "Feature", "properties": { "faultType": "normal fault, certain" }, "geometry": { "type": "LineString", "coordinates": [ [ -97.3831, 29.5984 ], [ -97.3932, 29.5531 ] ] } },
{ "type": "Feature", "properties": { "faultType": "normal fault, certain" }, "geometry": { "type": "LineString", "coordinates": [ [ -99.1718, 29.6098 ], [ -99.2266, 29.5825 ] ] } },
{ "type": "Feature", "properties": { "faultType": "normal fault, certain" }, "geometry": { "type": "LineString", "coordinates": [ [ -98.4516, 29.5802 ], [ -98.4646, 29.574 ] ] } },
{ "type": "Feature", "properties": { "faultType": "normal fault, certain" }, "geometry": { "type": "LineString", "coordinates": [ [ -98.4513, 29.5872 ], [ -98.4646, 29.574 ] ] } },
{ "type": "Feature", "properties": { "faultType": "normal fault, certain" }, "geometry": { "type": "LineString", "coordinates": [ [ -102.9312, 29.5695 ], [ -102.905, 29.5446 ] ] } },
{ "type": "Feature", "properties": { "faultType": "normal fault, certain" }, "geometry": { "type": "LineString", "coordinates": [ [ -102.9239, 29.5449 ], [ -102.9161, 29.5456 ] ] } },
{ "type": "Feature", "properties": { "faultType": "normal fault, certain" }, "geometry": { "type": "LineString", "coordinates": [ [ -103.1189, 29.5383 ], [ -103.1186, 29.5437 ] ] } },
{ "type": "Feature", "properties": { "faultType": "normal fault, certain" }, "geometry": { "type": "LineString", "coordinates": [ [ -103.752, 29.5173 ], [ -103.7594, 29.5292 ] ] } },
{ "type": "Feature", "properties": { "faultType": "normal fault, certain" }, "geometry": { "type": "LineString", "coordinates": [ [ -98.4181, 29.7059 ], [ -98.4282, 29.6839 ], [ -98.5135, 29.6187 ], [ -98.6286, 29.5754 ] ] } },
{ "type": "Feature", "properties": { "faultType": "normal fault, certain" }, "geometry": { "type": "LineString", "coordinates": [ [ -98.5901, 29.5971 ], [ -98.6513, 29.5756 ] ] } },
{ "type": "Feature", "properties": { "faultType": "normal fault, certain" }, "geometry": { "type": "LineString", "coordinates": [ [ -98.1544, 29.6234 ], [ -98.216, 29.5684 ] ] } },
{ "type": "Feature", "properties": { "faultType": "normal fault, certain" }, "geometry": { "type": "LineString", "coordinates": [ [ -102.8723, 29.5433 ], [ -102.8667, 29.551 ] ] } },
{ "type": "Feature", "properties": { "faultType": "normal fault, certain" }, "geometry": { "type": "LineString", "coordinates": [ [ -103.571, 29.5211 ], [ -103.5755, 29.5383 ] ] } },
{ "type": "Feature", "properties": { "faultType": "normal fault, certain" }, "geometry": { "type": "LineString", "coordinates": [ [ -103.5947, 29.5196 ], [ -103.5931, 29.5293 ] ] } },
{ "type": "Feature", "properties": { "faultType": "normal fault, certain" }, "geometry": { "type": "LineString", "coordinates": [ [ -103.488, 29.5299 ], [ -103.4997, 29.5227 ] ] } },
{ "type": "Feature", "properties": { "faultType": "normal fault, certain" }, "geometry": { "type": "LineString", "coordinates": [ [ -103.5035, 29.5282 ], [ -103.4997, 29.5227 ] ] } },
{ "type": "Feature", "properties": { "faultType": "normal fault, certain" }, "geometry": { "type": "LineString", "coordinates": [ [ -103.7591, 29.5144 ], [ -103.7451, 29.5134 ] ] } },
{ "type": "Feature", "properties": { "faultType": "normal fault, certain" }, "geometry": { "type": "LineString", "coordinates": [ [ -102.8144, 29.5534 ], [ -102.7945, 29.5433 ] ] } },
{ "type": "Feature", "properties": { "faultType": "normal fault, certain" }, "geometry": { "type": "LineString", "coordinates": [ [ -103.0478, 29.5503 ], [ -103.0322, 29.5361 ] ] } },
{ "type": "Feature", "properties": { "faultType": "normal fault, certain" }, "geometry": { "type": "LineString", "coordinates": [ [ -100.7915, 29.5843 ], [ -100.809, 29.5763 ] ] } },
{ "type": "Feature", "properties": { "faultType": "normal fault, certain" }, "geometry": { "type": "LineString", "coordinates": [ [ -102.8748, 29.5392 ], [ -102.8723, 29.5433 ] ] } },
{ "type": "Feature", "properties": { "faultType": "normal fault, certain" }, "geometry": { "type": "LineString", "coordinates": [ [ -103.5841, 29.5168 ], [ -103.5931, 29.5293 ] ] } },
{ "type": "Feature", "properties": { "faultType": "normal fault, certain" }, "geometry": { "type": "LineString", "coordinates": [ [ -103.5947, 29.5196 ], [ -103.5841, 29.5168 ] ] } },
{ "type": "Feature", "properties": { "faultType": "normal fault, certain" }, "geometry": { "type": "LineString", "coordinates": [ [ -103.6006, 29.5299 ], [ -103.5985, 29.5162 ] ] } },
{ "type": "Feature", "properties": { "faultType": "normal fault, certain" }, "geometry": { "type": "LineString", "coordinates": [ [ -98.5887, 29.6189 ], [ -98.6216, 29.5954 ], [ -98.6909, 29.5696 ] ] } },
{ "type": "Feature", "properties": { "faultType": "normal fault, certain" }, "geometry": { "type": "LineString", "coordinates": [ [ -100.809, 29.5763 ], [ -100.8128, 29.5746 ] ] } },
{ "type": "Feature", "properties": { "faultType": "normal fault, certain" }, "geometry": { "type": "LineString", "coordinates": [ [ -103.6904, 29.5122 ], [ -103.6871, 29.5144 ] ] } },
{ "type": "Feature", "properties": { "faultType": "normal fault, certain" }, "geometry": { "type": "LineString", "coordinates": [ [ -99.0088, 29.5894 ], [ -99.0975, 29.5736 ] ] } },
{ "type": "Feature", "properties": { "faultType": "normal fault, certain" }, "geometry": { "type": "LineString", "coordinates": [ [ -104.2464, 29.5198 ], [ -104.2191, 29.4916 ] ] } },
{ "type": "Feature", "properties": { "faultType": "normal fault, certain" }, "geometry": { "type": "LineString", "coordinates": [ [ -103.0558, 29.5466 ], [ -103.0327, 29.533 ] ] } },
{ "type": "Feature", "properties": { "faultType": "normal fault, certain" }, "geometry": { "type": "LineString", "coordinates": [ [ -97.7391, 29.575 ], [ -97.7626, 29.5526 ] ] } },
{ "type": "Feature", "properties": { "faultType": "normal fault, certain" }, "geometry": { "type": "LineString", "coordinates": [ [ -97.669, 29.5803 ], [ -97.6696, 29.5504 ] ] } },
{ "type": "Feature", "properties": { "faultType": "normal fault, certain" }, "geometry": { "type": "LineString", "coordinates": [ [ -104.1838, 29.4922 ], [ -104.1848, 29.4943 ] ] } },
{ "type": "Feature", "properties": { "faultType": "normal fault, certain" }, "geometry": { "type": "LineString", "coordinates": [ [ -103.6031, 29.5136 ], [ -103.625, 29.5417 ] ] } },
{ "type": "Feature", "properties": { "faultType": "normal fault, certain" }, "geometry": { "type": "LineString", "coordinates": [ [ -103.6024, 29.5136 ], [ -103.5985, 29.5162 ] ] } },
{ "type": "Feature", "properties": { "faultType": "normal fault, certain" }, "geometry": { "type": "LineString", "coordinates": [ [ -103.6031, 29.5136 ], [ -103.6024, 29.5136 ] ] } },
{ "type": "Feature", "properties": { "faultType": "normal fault, certain" }, "geometry": { "type": "LineString", "coordinates": [ [ -103.6733, 29.5102 ], [ -103.6677, 29.5195 ] ] } },
{ "type": "Feature", "properties": { "faultType": "normal fault, certain" }, "geometry": { "type": "LineString", "coordinates": [ [ -103.6843, 29.5231 ], [ -103.6733, 29.5102 ] ] } },
{ "type": "Feature", "properties": { "faultType": "normal fault, certain" }, "geometry": { "type": "LineString", "coordinates": [ [ -103.7959, 29.5055 ], [ -103.7724, 29.5185 ] ] } },
{ "type": "Feature", "properties": { "faultType": "normal fault, certain" }, "geometry": { "type": "LineString", "coordinates": [ [ -99.8027, 29.591 ], [ -99.8397, 29.5746 ] ] } },
{ "type": "Feature", "properties": { "faultType": "normal fault, certain" }, "geometry": { "type": "LineString", "coordinates": [ [ -103.968, 29.5009 ], [ -103.9567, 29.5046 ] ] } },
{ "type": "Feature", "properties": { "faultType": "normal fault, certain" }, "geometry": { "type": "LineString", "coordinates": [ [ -103.6205, 29.5101 ], [ -103.6275, 29.5209 ] ] } },
{ "type": "Feature", "properties": { "faultType": "normal fault, certain" }, "geometry": { "type": "LineString", "coordinates": [ [ -103.6384, 29.5246 ], [ -103.6205, 29.5101 ] ] } },
{ "type": "Feature", "properties": { "faultType": "normal fault, certain" }, "geometry": { "type": "LineString", "coordinates": [ [ -100.2479, 29.5727 ], [ -100.2197, 29.5998 ] ] } },
{ "type": "Feature", "properties": { "faultType": "normal fault, certain" }, "geometry": { "type": "LineString", "coordinates": [ [ -100.2479, 29.5727 ], [ -100.2623, 29.5741 ] ] } },
{ "type": "Feature", "properties": { "faultType": "normal fault, certain" }, "geometry": { "type": "LineString", "coordinates": [ [ -103.702, 29.5067 ], [ -103.6904, 29.5122 ] ] } },
{ "type": "Feature", "properties": { "faultType": "normal fault, certain" }, "geometry": { "type": "LineString", "coordinates": [ [ -103.7543, 29.5496 ], [ -103.702, 29.5067 ] ] } },
{ "type": "Feature", "properties": { "faultType": "normal fault, certain" }, "geometry": { "type": "LineString", "coordinates": [ [ -102.905, 29.5446 ], [ -102.9005, 29.5314 ] ] } },
{ "type": "Feature", "properties": { "faultType": "normal fault, certain" }, "geometry": { "type": "LineString", "coordinates": [ [ -98.4646, 29.574 ], [ -98.4946, 29.5607 ] ] } },
{ "type": "Feature", "properties": { "faultType": "normal fault, certain" }, "geometry": { "type": "LineString", "coordinates": [ [ -100.2425, 29.5711 ], [ -100.2479, 29.5727 ] ] } },
{ "type": "Feature", "properties": { "faultType": "normal fault, certain" }, "geometry": { "type": "LineString", "coordinates": [ [ -102.9005, 29.5314 ], [ -102.9039, 29.5307 ] ] } },
{ "type": "Feature", "properties": { "faultType": "normal fault, certain" }, "geometry": { "type": "LineString", "coordinates": [ [ -102.9039, 29.5307 ], [ -102.9161, 29.5456 ] ] } },
{ "type": "Feature", "properties": { "faultType": "normal fault, certain" }, "geometry": { "type": "LineString", "coordinates": [ [ -100.7909, 29.5682 ], [ -100.809, 29.5763 ] ] } },
{ "type": "Feature", "properties": { "faultType": "normal fault, certain" }, "geometry": { "type": "LineString", "coordinates": [ [ -103.5664, 29.5097 ], [ -103.5841, 29.5168 ] ] } },
{ "type": "Feature", "properties": { "faultType": "normal fault, certain" }, "geometry": { "type": "LineString", "coordinates": [ [ -102.905, 29.5446 ], [ -102.8955, 29.5304 ] ] } },
{ "type": "Feature", "properties": { "faultType": "normal fault, certain" }, "geometry": { "type": "LineString", "coordinates": [ [ -102.9005, 29.5314 ], [ -102.8955, 29.5304 ] ] } },
{ "type": "Feature", "properties": { "faultType": "normal fault, certain" }, "geometry": { "type": "LineString", "coordinates": [ [ -102.8667, 29.551 ], [ -102.8359, 29.532 ] ] } },
{ "type": "Feature", "properties": { "faultType": "normal fault, certain" }, "geometry": { "type": "LineString", "coordinates": [ [ -103.9759, 29.4944 ], [ -103.9678, 29.4973 ] ] } },
{ "type": "Feature", "properties": { "faultType": "normal fault, certain" }, "geometry": { "type": "LineString", "coordinates": [ [ -103.9829, 29.4989 ], [ -103.9759, 29.4944 ] ] } },
{ "type": "Feature", "properties": { "faultType": "normal fault, certain" }, "geometry": { "type": "LineString", "coordinates": [ [ -97.6769, 29.5988 ], [ -97.6819, 29.5446 ] ] } },
{ "type": "Feature", "properties": { "faultType": "normal fault, certain" }, "geometry": { "type": "LineString", "coordinates": [ [ -103.9627, 29.4944 ], [ -103.9479, 29.4974 ] ] } },
{ "type": "Feature", "properties": { "faultType": "normal fault, certain" }, "geometry": { "type": "LineString", "coordinates": [ [ -98.4486, 29.5802 ], [ -98.4832, 29.5585 ] ] } },
{ "type": "Feature", "properties": { "faultType": "normal fault, certain" }, "geometry": { "type": "LineString", "coordinates": [ [ -103.5797, 29.5077 ], [ -103.5841, 29.5168 ] ] } },
{ "type": "Feature", "properties": { "faultType": "normal fault, certain" }, "geometry": { "type": "LineString", "coordinates": [ [ -102.8359, 29.532 ], [ -102.8326, 29.5305 ] ] } },
{ "type": "Feature", "properties": { "faultType": "normal fault, certain" }, "geometry": { "type": "LineString", "coordinates": [ [ -103.6146, 29.5059 ], [ -103.6031, 29.5136 ] ] } },
{ "type": "Feature", "properties": { "faultType": "normal fault, certain" }, "geometry": { "type": "LineString", "coordinates": [ [ -103.6146, 29.5059 ], [ -103.6147, 29.5058 ] ] } },
{ "type": "Feature", "properties": { "faultType": "normal fault, certain" }, "geometry": { "type": "LineString", "coordinates": [ [ -103.0483, 29.5239 ], [ -103.0643, 29.5417 ], [ -103.0885, 29.5494 ] ] } },
{ "type": "Feature", "properties": { "faultType": "normal fault, certain" }, "geometry": { "type": "LineString", "coordinates": [ [ -103.9788, 29.4924 ], [ -103.9759, 29.4944 ] ] } },
{ "type": "Feature", "properties": { "faultType": "normal fault, certain" }, "geometry": { "type": "LineString", "coordinates": [ [ -103.2268, 29.5501 ], [ -103.2087, 29.5187 ] ] } },
{ "type": "Feature", "properties": { "faultType": "normal fault, certain" }, "geometry": { "type": "LineString", "coordinates": [ [ -100.272, 29.5809 ], [ -100.2899, 29.5676 ] ] } },
{ "type": "Feature", "properties": { "faultType": "normal fault, certain" }, "geometry": { "type": "LineString", "coordinates": [ [ -103.4997, 29.5227 ], [ -103.498, 29.5089 ] ] } },
{ "type": "Feature", "properties": { "faultType": "normal fault, certain" }, "geometry": { "type": "LineString", "coordinates": [ [ -103.5184, 29.5238 ], [ -103.498, 29.5089 ] ] } },
{ "type": "Feature", "properties": { "faultType": "normal fault, certain" }, "geometry": { "type": "LineString", "coordinates": [ [ -98.6988, 29.5649 ], [ -98.724, 29.5599 ] ] } },
{ "type": "Feature", "properties": { "faultType": "normal fault, certain" }, "geometry": { "type": "LineString", "coordinates": [ [ -102.9239, 29.5449 ], [ -102.9181, 29.5267 ] ] } },
{ "type": "Feature", "properties": { "faultType": "normal fault, certain" }, "geometry": { "type": "LineString", "coordinates": [ [ -98.724, 29.5599 ], [ -98.7256, 29.5595 ] ] } },
{ "type": "Feature", "properties": { "faultType": "normal fault, certain" }, "geometry": { "type": "LineString", "coordinates": [ [ -98.5887, 29.6189 ], [ -98.7256, 29.5595 ] ] } },
{ "type": "Feature", "properties": { "faultType": "normal fault, certain" }, "geometry": { "type": "LineString", "coordinates": [ [ -103.5449, 29.5175 ], [ -103.5619, 29.5062 ] ] } },
{ "type": "Feature", "properties": { "faultType": "normal fault, certain" }, "geometry": { "type": "LineString", "coordinates": [ [ -103.5619, 29.5062 ], [ -103.5664, 29.5097 ] ] } },
{ "type": "Feature", "properties": { "faultType": "normal fault, certain" }, "geometry": { "type": "LineString", "coordinates": [ [ -103.6785, 29.5019 ], [ -103.6733, 29.5102 ] ] } },
{ "type": "Feature", "properties": { "faultType": "normal fault, certain" }, "geometry": { "type": "LineString", "coordinates": [ [ -103.0854, 29.5209 ], [ -103.0885, 29.5494 ] ] } },
{ "type": "Feature", "properties": { "faultType": "normal fault, certain" }, "geometry": { "type": "LineString", "coordinates": [ [ -103.6785, 29.5019 ], [ -103.6792, 29.5007 ] ] } },
{ "type": "Feature", "properties": { "faultType": "normal fault, certain" }, "geometry": { "type": "LineString", "coordinates": [ [ -103.6904, 29.5122 ], [ -103.6792, 29.5007 ] ] } },
{ "type": "Feature", "properties": { "faultType": "normal fault, certain" }, "geometry": { "type": "LineString", "coordinates": [ [ -102.9712, 29.5627 ], [ -102.9449, 29.5241 ] ] } },
{ "type": "Feature", "properties": { "faultType": "normal fault, certain" }, "geometry": { "type": "LineString", "coordinates": [ [ -102.97, 29.5449 ], [ -102.9449, 29.5241 ] ] } },
{ "type": "Feature", "properties": { "faultType": "normal fault, certain" }, "geometry": { "type": "LineString", "coordinates": [ [ -102.8955, 29.5304 ], [ -102.8905, 29.5254 ] ] } },
{ "type": "Feature", "properties": { "faultType": "normal fault, certain" }, "geometry": { "type": "LineString", "coordinates": [ [ -103.5619, 29.5062 ], [ -103.5647, 29.5041 ] ] } },
{ "type": "Feature", "properties": { "faultType": "normal fault, certain" }, "geometry": { "type": "LineString", "coordinates": [ [ -102.8317, 29.5383 ], [ -102.8285, 29.5266 ] ] } },
{ "type": "Feature", "properties": { "faultType": "normal fault, certain" }, "geometry": { "type": "LineString", "coordinates": [ [ -103.9672, 29.4939 ], [ -103.9742, 29.4888 ] ] } },
{ "type": "Feature", "properties": { "faultType": "normal fault, certain" }, "geometry": { "type": "LineString", "coordinates": [ [ -103.9759, 29.4944 ], [ -103.9742, 29.4888 ] ] } },
{ "type": "Feature", "properties": { "faultType": "normal fault, certain" }, "geometry": { "type": "LineString", "coordinates": [ [ -103.0004, 29.5294 ], [ -102.9956, 29.5205 ] ] } },
{ "type": "Feature", "properties": { "faultType": "normal fault, certain" }, "geometry": { "type": "LineString", "coordinates": [ [ -102.996, 29.5209 ], [ -102.9956, 29.5205 ] ] } },
{ "type": "Feature", "properties": { "faultType": "normal fault, certain" }, "geometry": { "type": "LineString", "coordinates": [ [ -103.574, 29.502 ], [ -103.5664, 29.5097 ] ] } },
{ "type": "Feature", "properties": { "faultType": "normal fault, certain" }, "geometry": { "type": "LineString", "coordinates": [ [ -103.9742, 29.4888 ], [ -103.9729, 29.487 ] ] } },
{ "type": "Feature", "properties": { "faultType": "normal fault, certain" }, "geometry": { "type": "LineString", "coordinates": [ [ -103.5838, 29.501 ], [ -103.5947, 29.5196 ] ] } },
{ "type": "Feature", "properties": { "faultType": "normal fault, certain" }, "geometry": { "type": "LineString", "coordinates": [ [ -103.0284, 29.5179 ], [ -103.062, 29.5461 ] ] } },
{ "type": "Feature", "properties": { "faultType": "normal fault, certain" }, "geometry": { "type": "LineString", "coordinates": [ [ -103.0585, 29.5411 ], [ -103.0284, 29.5179 ] ] } },
{ "type": "Feature", "properties": { "faultType": "normal fault, certain" }, "geometry": { "type": "LineString", "coordinates": [ [ -98.4545, 29.5644 ], [ -98.4766, 29.5508 ] ] } },
{ "type": "Feature", "properties": { "faultType": "normal fault, certain" }, "geometry": { "type": "LineString", "coordinates": [ [ -104.1572, 29.4781 ], [ -104.193, 29.5206 ] ] } },
{ "type": "Feature", "properties": { "faultType": "normal fault, certain" }, "geometry": { "type": "LineString", "coordinates": [ [ -103.0154, 29.5211 ], [ -103.0007, 29.518 ] ] } },
{ "type": "Feature", "properties": { "faultType": "normal fault, certain" }, "geometry": { "type": "LineString", "coordinates": [ [ -102.996, 29.5209 ], [ -102.9947, 29.5171 ] ] } },
{ "type": "Feature", "properties": { "faultType": "normal fault, certain" }, "geometry": { "type": "LineString", "coordinates": [ [ -103.0007, 29.518 ], [ -102.9947, 29.5171 ] ] } },
{ "type": "Feature", "properties": { "faultType": "normal fault, certain" }, "geometry": { "type": "LineString", "coordinates": [ [ -99.8501, 29.5714 ], [ -99.8793, 29.5596 ] ] } },
{ "type": "Feature", "properties": { "faultType": "normal fault, certain" }, "geometry": { "type": "LineString", "coordinates": [ [ -103.498, 29.5089 ], [ -103.4887, 29.501 ] ] } },
{ "type": "Feature", "properties": { "faultType": "normal fault, certain" }, "geometry": { "type": "LineString", "coordinates": [ [ -98.724, 29.5599 ], [ -98.6951, 29.5504 ] ] } },
{ "type": "Feature", "properties": { "faultType": "normal fault, certain" }, "geometry": { "type": "LineString", "coordinates": [ [ -97.6152, 29.5615 ], [ -97.6286, 29.5314 ] ] } },
{ "type": "Feature", "properties": { "faultType": "normal fault, certain" }, "geometry": { "type": "LineString", "coordinates": [ [ -97.6286, 29.6266 ], [ -97.6417, 29.5314 ] ] } },
{ "type": "Feature", "properties": { "faultType": "normal fault, certain" }, "geometry": { "type": "LineString", "coordinates": [ [ -104.1838, 29.4922 ], [ -104.1688, 29.4741 ] ] } },
{ "type": "Feature", "properties": { "faultType": "normal fault, certain" }, "geometry": { "type": "LineString", "coordinates": [ [ -103.3942, 29.5219 ], [ -103.4165, 29.5005 ] ] } },
{ "type": "Feature", "properties": { "faultType": "normal fault, certain" }, "geometry": { "type": "LineString", "coordinates": [ [ -102.9663, 29.5264 ], [ -102.9462, 29.5139 ] ] } },
{ "type": "Feature", "properties": { "faultType": "normal fault, certain" }, "geometry": { "type": "LineString", "coordinates": [ [ -102.8905, 29.5254 ], [ -102.8762, 29.5157 ] ] } },
{ "type": "Feature", "properties": { "faultType": "normal fault, certain" }, "geometry": { "type": "LineString", "coordinates": [ [ -102.9366, 29.5221 ], [ -102.9314, 29.5141 ] ] } },
{ "type": "Feature", "properties": { "faultType": "normal fault, certain" }, "geometry": { "type": "LineString", "coordinates": [ [ -103.1061, 29.5086 ], [ -103.1189, 29.5383 ] ] } },
{ "type": "Feature", "properties": { "faultType": "normal fault, certain" }, "geometry": { "type": "LineString", "coordinates": [ [ -98.6951, 29.5504 ], [ -98.7342, 29.5466 ] ] } },
{ "type": "Feature", "properties": { "faultType": "normal fault, certain" }, "geometry": { "type": "LineString", "coordinates": [ [ -103.0005, 29.5108 ], [ -103.0099, 29.5146 ] ] } },
{ "type": "Feature", "properties": { "faultType": "normal fault, certain" }, "geometry": { "type": "LineString", "coordinates": [ [ -102.832, 29.5147 ], [ -102.8359, 29.532 ] ] } },
{ "type": "Feature", "properties": { "faultType": "normal fault, certain" }, "geometry": { "type": "LineString", "coordinates": [ [ -102.9206, 29.5153 ], [ -102.9038, 29.5124 ] ] } },
{ "type": "Feature", "properties": { "faultType": "normal fault, certain" }, "geometry": { "type": "LineString", "coordinates": [ [ -103.702, 29.5067 ], [ -103.6754, 29.4873 ] ] } },
{ "type": "Feature", "properties": { "faultType": "normal fault, certain" }, "geometry": { "type": "LineString", "coordinates": [ [ -98.6493, 29.5431 ], [ -98.6375, 29.5522 ] ] } },
{ "type": "Feature", "properties": { "faultType": "normal fault, certain" }, "geometry": { "type": "LineString", "coordinates": [ [ -98.6884, 29.5499 ], [ -98.6493, 29.5431 ] ] } },
{ "type": "Feature", "properties": { "faultType": "normal fault, certain" }, "geometry": { "type": "LineString", "coordinates": [ [ -103.0005, 29.5108 ], [ -102.9935, 29.5085 ] ] } },
{ "type": "Feature", "properties": { "faultType": "normal fault, certain" }, "geometry": { "type": "LineString", "coordinates": [ [ -102.9449, 29.5241 ], [ -102.9365, 29.5097 ] ] } },
{ "type": "Feature", "properties": { "faultType": "normal fault, certain" }, "geometry": { "type": "LineString", "coordinates": [ [ -102.9462, 29.5139 ], [ -102.9365, 29.5097 ] ] } },
{ "type": "Feature", "properties": { "faultType": "normal fault, certain" }, "geometry": { "type": "LineString", "coordinates": [ [ -98.6493, 29.5431 ], [ -98.635, 29.5418 ] ] } },
{ "type": "Feature", "properties": { "faultType": "normal fault, certain" }, "geometry": { "type": "LineString", "coordinates": [ [ -104.087, 29.4781 ], [ -104.0893, 29.469 ] ] } },
{ "type": "Feature", "properties": { "faultType": "normal fault, certain" }, "geometry": { "type": "LineString", "coordinates": [ [ -104.0893, 29.469 ], [ -104.1048, 29.4829 ], [ -104.1072, 29.5027 ] ] } },
{ "type": "Feature", "properties": { "faultType": "normal fault, certain" }, "geometry": { "type": "LineString", "coordinates": [ [ -103.4066, 29.4934 ], [ -103.3871, 29.5103 ] ] } },
{ "type": "Feature", "properties": { "faultType": "normal fault, certain" }, "geometry": { "type": "LineString", "coordinates": [ [ -102.8905, 29.5254 ], [ -102.8914, 29.509 ] ] } },
{ "type": "Feature", "properties": { "faultType": "normal fault, certain" }, "geometry": { "type": "LineString", "coordinates": [ [ -102.8914, 29.509 ], [ -102.9039, 29.5307 ] ] } },
{ "type": "Feature", "properties": { "faultType": "normal fault, certain" }, "geometry": { "type": "LineString", "coordinates": [ [ -98.5619, 29.5516 ], [ -98.5836, 29.5393 ] ] } },
{ "type": "Feature", "properties": { "faultType": "normal fault, certain" }, "geometry": { "type": "LineString", "coordinates": [ [ -98.5411, 29.5759 ], [ -98.5836, 29.5393 ] ] } },
{ "type": "Feature", "properties": { "faultType": "normal fault, certain" }, "geometry": { "type": "LineString", "coordinates": [ [ -104.0893, 29.469 ], [ -104.089, 29.4675 ] ] } },
{ "type": "Feature", "properties": { "faultType": "normal fault, certain" }, "geometry": { "type": "LineString", "coordinates": [ [ -103.1019, 29.5015 ], [ -103.1186, 29.5437 ] ] } },
{ "type": "Feature", "properties": { "faultType": "normal fault, certain" }, "geometry": { "type": "LineString", "coordinates": [ [ -104.089, 29.4675 ], [ -104.085, 29.4674 ] ] } },
{ "type": "Feature", "properties": { "faultType": "normal fault, certain" }, "geometry": { "type": "LineString", "coordinates": [ [ -98.6861, 29.5386 ], [ -98.6611, 29.5413 ] ] } },
{ "type": "Feature", "properties": { "faultType": "normal fault, certain" }, "geometry": { "type": "LineString", "coordinates": [ [ -104.1041, 29.4655 ], [ -104.089, 29.4675 ] ] } },
{ "type": "Feature", "properties": { "faultType": "normal fault, certain" }, "geometry": { "type": "LineString", "coordinates": [ [ -104.1103, 29.4717 ], [ -104.1041, 29.4655 ] ] } },
{ "type": "Feature", "properties": { "faultType": "normal fault, certain" }, "geometry": { "type": "LineString", "coordinates": [ [ -98.7575, 29.5398 ], [ -98.7712, 29.5394 ] ] } },
{ "type": "Feature", "properties": { "faultType": "normal fault, certain" }, "geometry": { "type": "LineString", "coordinates": [ [ -102.8762, 29.5157 ], [ -102.8538, 29.5072 ] ] } },
{ "type": "Feature", "properties": { "faultType": "normal fault, certain" }, "geometry": { "type": "LineString", "coordinates": [ [ -102.9415, 29.504 ], [ -102.9462, 29.5139 ] ] } },
{ "type": "Feature", "properties": { "faultType": "normal fault, certain" }, "geometry": { "type": "LineString", "coordinates": [ [ -98.703, 29.5373 ], [ -98.6932, 29.5391 ] ] } },
{ "type": "Feature", "properties": { "faultType": "normal fault, certain" }, "geometry": { "type": "LineString", "coordinates": [ [ -102.9956, 29.5205 ], [ -102.9848, 29.5022 ] ] } },
{ "type": "Feature", "properties": { "faultType": "normal fault, certain" }, "geometry": { "type": "LineString", "coordinates": [ [ -98.3811, 29.558 ], [ -98.4294, 29.5331 ] ] } },
{ "type": "Feature", "properties": { "faultType": "normal fault, certain" }, "geometry": { "type": "LineString", "coordinates": [ [ -98.5836, 29.5393 ], [ -98.5944, 29.5354 ] ] } },
{ "type": "Feature", "properties": { "faultType": "normal fault, certain" }, "geometry": { "type": "LineString", "coordinates": [ [ -103.0154, 29.5006 ], [ -103.0284, 29.5179 ] ] } },
{ "type": "Feature", "properties": { "faultType": "normal fault, certain" }, "geometry": { "type": "LineString", "coordinates": [ [ -103.5724, 29.4949 ], [ -103.5735, 29.4827 ] ] } },
{ "type": "Feature", "properties": { "faultType": "normal fault, certain" }, "geometry": { "type": "LineString", "coordinates": [ [ -103.5926, 29.4897 ], [ -103.5735, 29.4827 ] ] } },
{ "type": "Feature", "properties": { "faultType": "normal fault, certain" }, "geometry": { "type": "LineString", "coordinates": [ [ -103.7996, 29.4923 ], [ -103.774, 29.475 ] ] } },
{ "type": "Feature", "properties": { "faultType": "normal fault, certain" }, "geometry": { "type": "LineString", "coordinates": [ [ -104.0844, 29.4638 ], [ -104.091, 29.4627 ] ] } },
{ "type": "Feature", "properties": { "faultType": "normal fault, certain" }, "geometry": { "type": "LineString", "coordinates": [ [ -104.089, 29.4675 ], [ -104.091, 29.4627 ] ] } },
{ "type": "Feature", "properties": { "faultType": "normal fault, certain" }, "geometry": { "type": "LineString", "coordinates": [ [ -102.9888, 29.5002 ], [ -102.9848, 29.5022 ] ] } },
{ "type": "Feature", "properties": { "faultType": "normal fault, certain" }, "geometry": { "type": "LineString", "coordinates": [ [ -102.9947, 29.5171 ], [ -102.9888, 29.5002 ] ] } },
{ "type": "Feature", "properties": { "faultType": "normal fault, certain" }, "geometry": { "type": "LineString", "coordinates": [ [ -104.1041, 29.4655 ], [ -104.104, 29.462 ] ] } },
{ "type": "Feature", "properties": { "faultType": "normal fault, certain" }, "geometry": { "type": "LineString", "coordinates": [ [ -104.1113, 29.4649 ], [ -104.104, 29.462 ] ] } },
{ "type": "Feature", "properties": { "faultType": "normal fault, certain" }, "geometry": { "type": "LineString", "coordinates": [ [ -98.7295, 29.5354 ], [ -98.7108, 29.5363 ] ] } },
{ "type": "Feature", "properties": { "faultType": "normal fault, certain" }, "geometry": { "type": "LineString", "coordinates": [ [ -102.8762, 29.5157 ], [ -102.8752, 29.503 ] ] } },
{ "type": "Feature", "properties": { "faultType": "normal fault, certain" }, "geometry": { "type": "LineString", "coordinates": [ [ -103.0645, 29.4971 ], [ -103.0805, 29.5346 ] ] } },
{ "type": "Feature", "properties": { "faultType": "normal fault, certain" }, "geometry": { "type": "LineString", "coordinates": [ [ -102.8131, 29.5033 ], [ -102.8271, 29.5242 ] ] } },
{ "type": "Feature", "properties": { "faultType": "normal fault, certain" }, "geometry": { "type": "LineString", "coordinates": [ [ -104.091, 29.4627 ], [ -104.1008, 29.4603 ] ] } },
{ "type": "Feature", "properties": { "faultType": "normal fault, certain" }, "geometry": { "type": "LineString", "coordinates": [ [ -104.104, 29.462 ], [ -104.1008, 29.4603 ] ] } },
{ "type": "Feature", "properties": { "faultType": "normal fault, certain" }, "geometry": { "type": "LineString", "coordinates": [ [ -103.7569, 29.4876 ], [ -103.766, 29.4727 ] ] } },
{ "type": "Feature", "properties": { "faultType": "normal fault, certain" }, "geometry": { "type": "LineString", "coordinates": [ [ -103.766, 29.4727 ], [ -103.7662, 29.4727 ] ] } },
{ "type": "Feature", "properties": { "faultType": "normal fault, certain" }, "geometry": { "type": "LineString", "coordinates": [ [ -103.0004, 29.5357 ], [ -102.9461, 29.4987 ] ] } },
{ "type": "Feature", "properties": { "faultType": "normal fault, certain" }, "geometry": { "type": "LineString", "coordinates": [ [ -98.7256, 29.5595 ], [ -98.8091, 29.5337 ] ] } },
{ "type": "Feature", "properties": { "faultType": "normal fault, certain" }, "geometry": { "type": "LineString", "coordinates": [ [ -98.637, 29.6652 ], [ -98.8039, 29.5884 ], [ -98.8625, 29.5411 ], [ -98.9044, 29.5332 ] ] } },
{ "type": "Feature", "properties": { "faultType": "normal fault, certain" }, "geometry": { "type": "LineString", "coordinates": [ [ -103.0741, 29.5053 ], [ -103.0645, 29.4937 ] ] } },
{ "type": "Feature", "properties": { "faultType": "normal fault, certain" }, "geometry": { "type": "LineString", "coordinates": [ [ -103.0709, 29.4934 ], [ -103.1172, 29.5619 ] ] } },
{ "type": "Feature", "properties": { "faultType": "normal fault, certain" }, "geometry": { "type": "LineString", "coordinates": [ [ -103.6543, 29.5014 ], [ -103.6515, 29.489 ], [ -103.6266, 29.474 ] ] } },
{ "type": "Feature", "properties": { "faultType": "normal fault, certain" }, "geometry": { "type": "LineString", "coordinates": [ [ -98.667, 29.5284 ], [ -98.6493, 29.5431 ] ] } },
{ "type": "Feature", "properties": { "faultType": "normal fault, certain" }, "geometry": { "type": "LineString", "coordinates": [ [ -98.4852, 29.5349 ], [ -98.5158, 29.5258 ] ] } },
{ "type": "Feature", "properties": { "faultType": "normal fault, certain" }, "geometry": { "type": "LineString", "coordinates": [ [ -98.4907, 29.5474 ], [ -98.5158, 29.5258 ] ] } },
{ "type": "Feature", "properties": { "faultType": "normal fault, certain" }, "geometry": { "type": "LineString", "coordinates": [ [ -104.164, 29.4526 ], [ -104.1838, 29.4922 ] ] } },
{ "type": "Feature", "properties": { "faultType": "normal fault, certain" }, "geometry": { "type": "LineString", "coordinates": [ [ -102.9307, 29.5237 ], [ -102.9219, 29.4949 ] ] } },
{ "type": "Feature", "properties": { "faultType": "normal fault, certain" }, "geometry": { "type": "LineString", "coordinates": [ [ -103.5199, 29.4874 ], [ -103.5065, 29.4757 ] ] } },
{ "type": "Feature", "properties": { "faultType": "normal fault, certain" }, "geometry": { "type": "LineString", "coordinates": [ [ -98.6243, 29.5256 ], [ -98.5944, 29.5354 ] ] } },
{ "type": "Feature", "properties": { "faultType": "normal fault, certain" }, "geometry": { "type": "LineString", "coordinates": [ [ -102.9343, 29.5144 ], [ -102.9275, 29.4934 ] ] } },
{ "type": "Feature", "properties": { "faultType": "normal fault, certain" }, "geometry": { "type": "LineString", "coordinates": [ [ -103.6792, 29.5007 ], [ -103.6319, 29.4701 ] ] } },
{ "type": "Feature", "properties": { "faultType": "normal fault, certain" }, "geometry": { "type": "LineString", "coordinates": [ [ -102.9365, 29.5097 ], [ -102.9301, 29.492 ] ] } },
{ "type": "Feature", "properties": { "faultType": "normal fault, certain" }, "geometry": { "type": "LineString", "coordinates": [ [ -100.2278, 29.5326 ], [ -100.1918, 29.5905 ] ] } },
{ "type": "Feature", "properties": { "faultType": "normal fault, certain" }, "geometry": { "type": "LineString", "coordinates": [ [ -102.8326, 29.5305 ], [ -102.8092, 29.4933 ] ] } },
{ "type": "Feature", "properties": { "faultType": "normal fault, certain" }, "geometry": { "type": "LineString", "coordinates": [ [ -98.8225, 29.5242 ], [ -98.8253, 29.5246 ] ] } },
{ "type": "Feature", "properties": { "faultType": "normal fault, certain" }, "geometry": { "type": "LineString", "coordinates": [ [ -98.8213, 29.5231 ], [ -98.8072, 29.5361 ] ] } },
{ "type": "Feature", "properties": { "faultType": "normal fault, certain" }, "geometry": { "type": "LineString", "coordinates": [ [ -98.667, 29.5284 ], [ -98.6847, 29.5213 ] ] } },
{ "type": "Feature", "properties": { "faultType": "normal fault, certain" }, "geometry": { "type": "LineString", "coordinates": [ [ -103.4807, 29.4706 ], [ -103.4997, 29.503 ] ] } },
{ "type": "Feature", "properties": { "faultType": "normal fault, certain" }, "geometry": { "type": "LineString", "coordinates": [ [ -98.5158, 29.5258 ], [ -98.5741, 29.5178 ] ] } },
{ "type": "Feature", "properties": { "faultType": "normal fault, certain" }, "geometry": { "type": "LineString", "coordinates": [ [ -98.5119, 29.5538 ], [ -98.5741, 29.5178 ] ] } },
{ "type": "Feature", "properties": { "faultType": "normal fault, certain" }, "geometry": { "type": "LineString", "coordinates": [ [ -103.6094, 29.4642 ], [ -103.6172, 29.4754 ] ] } },
{ "type": "Feature", "properties": { "faultType": "normal fault, certain" }, "geometry": { "type": "LineString", "coordinates": [ [ -103.6607, 29.4681 ], [ -103.6613, 29.4618 ] ] } },
{ "type": "Feature", "properties": { "faultType": "normal fault, certain" }, "geometry": { "type": "LineString", "coordinates": [ [ -103.6668, 29.4676 ], [ -103.6613, 29.4618 ] ] } },
{ "type": "Feature", "properties": { "faultType": "normal fault, certain" }, "geometry": { "type": "LineString", "coordinates": [ [ -104.1587, 29.4428 ], [ -104.164, 29.4526 ] ] } },
{ "type": "Feature", "properties": { "faultType": "normal fault, certain" }, "geometry": { "type": "LineString", "coordinates": [ [ -98.6834, 29.5173 ], [ -98.667, 29.5284 ] ] } },
{ "type": "Feature", "properties": { "faultType": "normal fault, certain" }, "geometry": { "type": "LineString", "coordinates": [ [ -99.249, 29.5716 ], [ -99.3213, 29.5559 ], [ -99.3924, 29.5237 ] ] } },
{ "type": "Feature", "properties": { "faultType": "normal fault, certain" }, "geometry": { "type": "LineString", "coordinates": [ [ -99.1038, 29.5729 ], [ -99.2434, 29.522 ] ] } },
{ "type": "Feature", "properties": { "faultType": "normal fault, certain" }, "geometry": { "type": "LineString", "coordinates": [ [ -103.6095, 29.462 ], [ -103.6151, 29.4685 ] ] } },
{ "type": "Feature", "properties": { "faultType": "normal fault, certain" }, "geometry": { "type": "LineString", "coordinates": [ [ -103.6613, 29.4618 ], [ -103.6496, 29.4591 ] ] } },
{ "type": "Feature", "properties": { "faultType": "normal fault, certain" }, "geometry": { "type": "LineString", "coordinates": [ [ -100.4214, 29.5223 ], [ -100.3611, 29.5583 ] ] } },
{ "type": "Feature", "properties": { "faultType": "normal fault, certain" }, "geometry": { "type": "LineString", "coordinates": [ [ -104.1518, 29.4398 ], [ -104.164, 29.4526 ] ] } },
{ "type": "Feature", "properties": { "faultType": "normal fault, certain" }, "geometry": { "type": "LineString", "coordinates": [ [ -98.8163, 29.5306 ], [ -98.8787, 29.5166 ] ] } },
{ "type": "Feature", "properties": { "faultType": "normal fault, certain" }, "geometry": { "type": "LineString", "coordinates": [ [ -100.1851, 29.5369 ], [ -100.2085, 29.5213 ] ] } },
{ "type": "Feature", "properties": { "faultType": "normal fault, certain" }, "geometry": { "type": "LineString", "coordinates": [ [ -99.0811, 29.5418 ], [ -99.1377, 29.5176 ] ] } },
{ "type": "Feature", "properties": { "faultType": "normal fault, certain" }, "geometry": { "type": "LineString", "coordinates": [ [ -102.9888, 29.5002 ], [ -102.9807, 29.4784 ] ] } },
{ "type": "Feature", "properties": { "faultType": "normal fault, certain" }, "geometry": { "type": "LineString", "coordinates": [ [ -98.1115, 29.5034 ], [ -98.0705, 29.557 ] ] } },
{ "type": "Feature", "properties": { "faultType": "normal fault, certain" }, "geometry": { "type": "LineString", "coordinates": [ [ -103.5065, 29.4757 ], [ -103.4991, 29.4612 ] ] } },
{ "type": "Feature", "properties": { "faultType": "normal fault, certain" }, "geometry": { "type": "LineString", "coordinates": [ [ -103.5065, 29.4757 ], [ -103.4899, 29.4612 ] ] } },
{ "type": "Feature", "properties": { "faultType": "normal fault, certain" }, "geometry": { "type": "LineString", "coordinates": [ [ -98.295, 29.553 ], [ -98.3873, 29.5071 ] ] } },
{ "type": "Feature", "properties": { "faultType": "normal fault, certain" }, "geometry": { "type": "LineString", "coordinates": [ [ -98.8471, 29.5125 ], [ -98.8253, 29.5246 ] ] } },
{ "type": "Feature", "properties": { "faultType": "normal fault, certain" }, "geometry": { "type": "LineString", "coordinates": [ [ -98.8253, 29.5246 ], [ -98.858, 29.5118 ] ] } },
{ "type": "Feature", "properties": { "faultType": "normal fault, certain" }, "geometry": { "type": "LineString", "coordinates": [ [ -98.8787, 29.5166 ], [ -98.858, 29.5118 ] ] } },
{ "type": "Feature", "properties": { "faultType": "normal fault, certain" }, "geometry": { "type": "LineString", "coordinates": [ [ -98.4588, 29.5149 ], [ -98.4764, 29.5068 ] ] } },
{ "type": "Feature", "properties": { "faultType": "normal fault, certain" }, "geometry": { "type": "LineString", "coordinates": [ [ -98.8215, 29.521 ], [ -98.8375, 29.511 ] ] } },
{ "type": "Feature", "properties": { "faultType": "normal fault, certain" }, "geometry": { "type": "LineString", "coordinates": [ [ -104.1621, 29.462 ], [ -104.1464, 29.4344 ] ] } },
{ "type": "Feature", "properties": { "faultType": "normal fault, certain" }, "geometry": { "type": "LineString", "coordinates": [ [ -102.9848, 29.5022 ], [ -102.9697, 29.473 ] ] } },
{ "type": "Feature", "properties": { "faultType": "normal fault, certain" }, "geometry": { "type": "LineString", "coordinates": [ [ -98.858, 29.5118 ], [ -98.8462, 29.5089 ] ] } },
{ "type": "Feature", "properties": { "faultType": "normal fault, certain" }, "geometry": { "type": "LineString", "coordinates": [ [ -102.857, 29.4756 ], [ -102.854, 29.4767 ] ] } },
{ "type": "Feature", "properties": { "faultType": "normal fault, certain" }, "geometry": { "type": "LineString", "coordinates": [ [ -102.857, 29.4756 ], [ -102.8648, 29.4848 ] ] } },
{ "type": "Feature", "properties": { "faultType": "normal fault, certain" }, "geometry": { "type": "LineString", "coordinates": [ [ -102.9465, 29.4717 ], [ -102.9259, 29.4797 ] ] } },
{ "type": "Feature", "properties": { "faultType": "normal fault, certain" }, "geometry": { "type": "LineString", "coordinates": [ [ -103.0768, 29.4766 ], [ -103.0741, 29.4678 ] ] } },
{ "type": "Feature", "properties": { "faultType": "normal fault, certain" }, "geometry": { "type": "LineString", "coordinates": [ [ -98.4764, 29.5068 ], [ -98.485, 29.5018 ] ] } },
{ "type": "Feature", "properties": { "faultType": "normal fault, certain" }, "geometry": { "type": "LineString", "coordinates": [ [ -97.8235, 29.4892 ], [ -97.802, 29.5268 ] ] } },
{ "type": "Feature", "properties": { "faultType": "normal fault, certain" }, "geometry": { "type": "LineString", "coordinates": [ [ -103.4453, 29.4541 ], [ -103.4683, 29.4727 ] ] } },
{ "type": "Feature", "properties": { "faultType": "normal fault, certain" }, "geometry": { "type": "LineString", "coordinates": [ [ -100.8084, 29.5071 ], [ -100.7972, 29.5195 ] ] } },
{ "type": "Feature", "properties": { "faultType": "normal fault, certain" }, "geometry": { "type": "LineString", "coordinates": [ [ -98.8163, 29.5189 ], [ -98.8444, 29.5033 ] ] } },
{ "type": "Feature", "properties": { "faultType": "normal fault, certain" }, "geometry": { "type": "LineString", "coordinates": [ [ -103.5735, 29.4827 ], [ -103.5322, 29.4496 ] ] } },
{ "type": "Feature", "properties": { "faultType": "normal fault, certain" }, "geometry": { "type": "LineString", "coordinates": [ [ -98.8787, 29.5166 ], [ -98.9037, 29.5031 ] ] } },
{ "type": "Feature", "properties": { "faultType": "normal fault, certain" }, "geometry": { "type": "LineString", "coordinates": [ [ -104.104, 29.462 ], [ -104.0868, 29.4282 ] ] } },
{ "type": "Feature", "properties": { "faultType": "normal fault, certain" }, "geometry": { "type": "LineString", "coordinates": [ [ -103.6558, 29.4441 ], [ -103.6517, 29.4448 ] ] } },
{ "type": "Feature", "properties": { "faultType": "normal fault, certain" }, "geometry": { "type": "LineString", "coordinates": [ [ -103.6613, 29.4618 ], [ -103.6558, 29.4441 ] ] } },
{ "type": "Feature", "properties": { "faultType": "normal fault, certain" }, "geometry": { "type": "LineString", "coordinates": [ [ -103.6589, 29.4423 ], [ -103.6558, 29.4441 ] ] } },
{ "type": "Feature", "properties": { "faultType": "normal fault, certain" }, "geometry": { "type": "LineString", "coordinates": [ [ -103.1507, 29.4767 ], [ -103.1057, 29.4601 ] ] } },
{ "type": "Feature", "properties": { "faultType": "normal fault, certain" }, "geometry": { "type": "LineString", "coordinates": [ [ -103.1584, 29.4578 ], [ -103.172, 29.4704 ] ] } },
{ "type": "Feature", "properties": { "faultType": "normal fault, certain" }, "geometry": { "type": "LineString", "coordinates": [ [ -98.485, 29.5018 ], [ -98.4898, 29.4948 ] ] } },
{ "type": "Feature", "properties": { "faultType": "normal fault, certain" }, "geometry": { "type": "LineString", "coordinates": [ [ -102.857, 29.4756 ], [ -102.8523, 29.4665 ] ] } },
{ "type": "Feature", "properties": { "faultType": "normal fault, certain" }, "geometry": { "type": "LineString", "coordinates": [ [ -102.8914, 29.509 ], [ -102.8523, 29.4665 ] ] } },
{ "type": "Feature", "properties": { "faultType": "normal fault, certain" }, "geometry": { "type": "LineString", "coordinates": [ [ -100.8221, 29.5021 ], [ -100.8084, 29.5071 ] ] } },
{ "type": "Feature", "properties": { "faultType": "normal fault, certain" }, "geometry": { "type": "LineString", "coordinates": [ [ -97.7517, 29.5024 ], [ -97.7315, 29.48 ] ] } },
{ "type": "Feature", "properties": { "faultType": "normal fault, certain" }, "geometry": { "type": "LineString", "coordinates": [ [ -98.485, 29.5018 ], [ -98.5021, 29.4938 ] ] } },
{ "type": "Feature", "properties": { "faultType": "normal fault, certain" }, "geometry": { "type": "LineString", "coordinates": [ [ -102.8756, 29.4635 ], [ -102.8931, 29.4935 ], [ -102.8914, 29.509 ] ] } },
{ "type": "Feature", "properties": { "faultType": "normal fault, certain" }, "geometry": { "type": "LineString", "coordinates": [ [ -100.8099, 29.4996 ], [ -100.8084, 29.5071 ] ] } },
{ "type": "Feature", "properties": { "faultType": "normal fault, certain" }, "geometry": { "type": "LineString", "coordinates": [ [ -98.4764, 29.5068 ], [ -98.4843, 29.4916 ] ] } },
{ "type": "Feature", "properties": { "faultType": "normal fault, certain" }, "geometry": { "type": "LineString", "coordinates": [ [ -102.9627, 29.4619 ], [ -102.951, 29.458 ] ] } },
{ "type": "Feature", "properties": { "faultType": "normal fault, certain" }, "geometry": { "type": "LineString", "coordinates": [ [ -104.094, 29.4188 ], [ -104.1139, 29.4613 ] ] } },
{ "type": "Feature", "properties": { "faultType": "normal fault, certain" }, "geometry": { "type": "LineString", "coordinates": [ [ -102.8676, 29.4599 ], [ -102.8756, 29.4635 ] ] } },
{ "type": "Feature", "properties": { "faultType": "normal fault, certain" }, "geometry": { "type": "LineString", "coordinates": [ [ -99.2096, 29.5579 ], [ -99.3718, 29.4963 ] ] } },
{ "type": "Feature", "properties": { "faultType": "normal fault, certain" }, "geometry": { "type": "LineString", "coordinates": [ [ -98.5944, 29.5354 ], [ -98.6304, 29.4892 ] ] } },
{ "type": "Feature", "properties": { "faultType": "normal fault, certain" }, "geometry": { "type": "LineString", "coordinates": [ [ -103.0107, 29.4616 ], [ -103.0004, 29.4546 ] ] } },
{ "type": "Feature", "properties": { "faultType": "normal fault, certain" }, "geometry": { "type": "LineString", "coordinates": [ [ -99.4007, 29.5201 ], [ -99.4865, 29.4958 ] ] } },
{ "type": "Feature", "properties": { "faultType": "normal fault, certain" }, "geometry": { "type": "LineString", "coordinates": [ [ -98.8462, 29.5089 ], [ -98.8696, 29.4908 ] ] } },
{ "type": "Feature", "properties": { "faultType": "normal fault, certain" }, "geometry": { "type": "LineString", "coordinates": [ [ -99.5145, 29.5071 ], [ -99.5373, 29.4955 ] ] } },
{ "type": "Feature", "properties": { "faultType": "normal fault, certain" }, "geometry": { "type": "LineString", "coordinates": [ [ -102.9358, 29.4655 ], [ -102.9319, 29.4533 ] ] } },
{ "type": "Feature", "properties": { "faultType": "normal fault, certain" }, "geometry": { "type": "LineString", "coordinates": [ [ -103.03, 29.4505 ], [ -103.0497, 29.4617 ] ] } },
{ "type": "Feature", "properties": { "faultType": "normal fault, certain" }, "geometry": { "type": "LineString", "coordinates": [ [ -103.6591, 29.4849 ], [ -103.6325, 29.4629 ], [ -103.6224, 29.4313 ] ] } },
{ "type": "Feature", "properties": { "faultType": "normal fault, certain" }, "geometry": { "type": "LineString", "coordinates": [ [ -98.5741, 29.5178 ], [ -98.5955, 29.5152 ], [ -98.6212, 29.4852 ] ] } },
{ "type": "Feature", "properties": { "faultType": "normal fault, certain" }, "geometry": { "type": "LineString", "coordinates": [ [ -99.0995, 29.5054 ], [ -99.1356, 29.4898 ] ] } },
{ "type": "Feature", "properties": { "faultType": "normal fault, certain" }, "geometry": { "type": "LineString", "coordinates": [ [ -99.0003, 29.5439 ], [ -99.0575, 29.5318 ], [ -99.1356, 29.4898 ] ] } },
{ "type": "Feature", "properties": { "faultType": "normal fault, certain" }, "geometry": { "type": "LineString", "coordinates": [ [ -102.87, 29.4535 ], [ -102.8756, 29.4635 ] ] } },
{ "type": "Feature", "properties": { "faultType": "normal fault, certain" }, "geometry": { "type": "LineString", "coordinates": [ [ -103.766, 29.4727 ], [ -103.7882, 29.4235 ] ] } },
{ "type": "Feature", "properties": { "faultType": "normal fault, certain" }, "geometry": { "type": "LineString", "coordinates": [ [ -103.7967, 29.4262 ], [ -103.7882, 29.4235 ] ] } },
{ "type": "Feature", "properties": { "faultType": "normal fault, certain" }, "geometry": { "type": "LineString", "coordinates": [ [ -103.0897, 29.4464 ], [ -103.1005, 29.4635 ] ] } },
{ "type": "Feature", "properties": { "faultType": "normal fault, certain" }, "geometry": { "type": "LineString", "coordinates": [ [ -103.0897, 29.4464 ], [ -103.0973, 29.4471 ] ] } },
{ "type": "Feature", "properties": { "faultType": "normal fault, certain" }, "geometry": { "type": "LineString", "coordinates": [ [ -99.4006, 29.4971 ], [ -99.4376, 29.4894 ] ] } },
{ "type": "Feature", "properties": { "faultType": "normal fault, certain" }, "geometry": { "type": "LineString", "coordinates": [ [ -102.951, 29.458 ], [ -102.948, 29.4488 ] ] } },
{ "type": "Feature", "properties": { "faultType": "normal fault, certain" }, "geometry": { "type": "LineString", "coordinates": [ [ -103.6558, 29.4441 ], [ -103.6524, 29.426 ] ] } },
{ "type": "Feature", "properties": { "faultType": "normal fault, certain" }, "geometry": { "type": "LineString", "coordinates": [ [ -103.6535, 29.4314 ], [ -103.6524, 29.426 ] ] } },
{ "type": "Feature", "properties": { "faultType": "normal fault, certain" }, "geometry": { "type": "LineString", "coordinates": [ [ -103.7029, 29.4659 ], [ -103.6686, 29.4253 ] ] } },
{ "type": "Feature", "properties": { "faultType": "normal fault, certain" }, "geometry": { "type": "LineString", "coordinates": [ [ -103.3057, 29.4373 ], [ -103.3327, 29.4589 ] ] } },
{ "type": "Feature", "properties": { "faultType": "normal fault, certain" }, "geometry": { "type": "LineString", "coordinates": [ [ -104.1178, 29.4215 ], [ -104.1177, 29.4081 ] ] } },
{ "type": "Feature", "properties": { "faultType": "normal fault, certain" }, "geometry": { "type": "LineString", "coordinates": [ [ -99.4376, 29.4894 ], [ -99.4559, 29.4866 ] ] } },
{ "type": "Feature", "properties": { "faultType": "normal fault, certain" }, "geometry": { "type": "LineString", "coordinates": [ [ -102.9605, 29.4488 ], [ -102.9522, 29.4455 ] ] } },
{ "type": "Feature", "properties": { "faultType": "normal fault, certain" }, "geometry": { "type": "LineString", "coordinates": [ [ -103.2827, 29.4421 ], [ -103.2609, 29.4361 ] ] } },
{ "type": "Feature", "properties": { "faultType": "normal fault, certain" }, "geometry": { "type": "LineString", "coordinates": [ [ -103.2699, 29.4472 ], [ -103.2558, 29.4353 ] ] } },
{ "type": "Feature", "properties": { "faultType": "normal fault, certain" }, "geometry": { "type": "LineString", "coordinates": [ [ -100.1432, 29.4852 ], [ -100.0611, 29.5466 ] ] } },
{ "type": "Feature", "properties": { "faultType": "normal fault, certain" }, "geometry": { "type": "LineString", "coordinates": [ [ -100.1432, 29.4852 ], [ -100.1238, 29.4852 ] ] } },
{ "type": "Feature", "properties": { "faultType": "normal fault, certain" }, "geometry": { "type": "LineString", "coordinates": [ [ -104.1505, 29.479 ], [ -104.116, 29.4019 ] ] } },
{ "type": "Feature", "properties": { "faultType": "normal fault, certain" }, "geometry": { "type": "LineString", "coordinates": [ [ -98.4274, 29.4853 ], [ -98.4623, 29.4709 ] ] } },
{ "type": "Feature", "properties": { "faultType": "normal fault, certain" }, "geometry": { "type": "LineString", "coordinates": [ [ -98.4623, 29.4709 ], [ -98.4367, 29.5027 ] ] } },
{ "type": "Feature", "properties": { "faultType": "normal fault, certain" }, "geometry": { "type": "LineString", "coordinates": [ [ -103.3805, 29.4267 ], [ -103.4032, 29.4322 ] ] } },
{ "type": "Feature", "properties": { "faultType": "normal fault, certain" }, "geometry": { "type": "LineString", "coordinates": [ [ -99.0385, 29.4936 ], [ -99.079, 29.4776 ] ] } },
{ "type": "Feature", "properties": { "faultType": "normal fault, certain" }, "geometry": { "type": "LineString", "coordinates": [ [ -100.1936, 29.4807 ], [ -100.1432, 29.4852 ] ] } },
{ "type": "Feature", "properties": { "faultType": "normal fault, certain" }, "geometry": { "type": "LineString", "coordinates": [ [ -103.5368, 29.4491 ], [ -103.5202, 29.4211 ] ] } },
{ "type": "Feature", "properties": { "faultType": "normal fault, certain" }, "geometry": { "type": "LineString", "coordinates": [ [ -99.0416, 29.478 ], [ -99.061, 29.476 ] ] } },
{ "type": "Feature", "properties": { "faultType": "normal fault, certain" }, "geometry": { "type": "LineString", "coordinates": [ [ -99.0385, 29.4936 ], [ -99.061, 29.476 ] ] } },
{ "type": "Feature", "properties": { "faultType": "normal fault, certain" }, "geometry": { "type": "LineString", "coordinates": [ [ -103.6686, 29.4253 ], [ -103.6584, 29.4156 ] ] } },
{ "type": "Feature", "properties": { "faultType": "normal fault, certain" }, "geometry": { "type": "LineString", "coordinates": [ [ -103.7254, 29.4104 ], [ -103.7194, 29.4128 ] ] } },
{ "type": "Feature", "properties": { "faultType": "normal fault, certain" }, "geometry": { "type": "LineString", "coordinates": [ [ -99.4559, 29.4866 ], [ -99.4942, 29.4758 ] ] } },
{ "type": "Feature", "properties": { "faultType": "normal fault, certain" }, "geometry": { "type": "LineString", "coordinates": [ [ -103.7286, 29.4299 ], [ -103.7041, 29.4108 ] ] } },
{ "type": "Feature", "properties": { "faultType": "normal fault, certain" }, "geometry": { "type": "LineString", "coordinates": [ [ -103.4536, 29.4187 ], [ -103.4709, 29.4322 ] ] } },
{ "type": "Feature", "properties": { "faultType": "normal fault, certain" }, "geometry": { "type": "LineString", "coordinates": [ [ -103.7254, 29.4133 ], [ -103.7503, 29.4082 ] ] } },
{ "type": "Feature", "properties": { "faultType": "normal fault, certain" }, "geometry": { "type": "LineString", "coordinates": [ [ -104.0875, 29.3954 ], [ -104.0886, 29.4283 ] ] } },
{ "type": "Feature", "properties": { "faultType": "normal fault, certain" }, "geometry": { "type": "LineString", "coordinates": [ [ -103.6686, 29.4253 ], [ -103.6893, 29.4097 ] ] } },
{ "type": "Feature", "properties": { "faultType": "normal fault, certain" }, "geometry": { "type": "LineString", "coordinates": [ [ -99.4559, 29.4866 ], [ -99.4783, 29.4719 ] ] } },
{ "type": "Feature", "properties": { "faultType": "normal fault, certain" }, "geometry": { "type": "LineString", "coordinates": [ [ -99.0491, 29.5035 ], [ -99.1168, 29.4693 ] ] } },
{ "type": "Feature", "properties": { "faultType": "normal fault, certain" }, "geometry": { "type": "LineString", "coordinates": [ [ -103.2874, 29.421 ], [ -103.2953, 29.4417 ] ] } },
{ "type": "Feature", "properties": { "faultType": "normal fault, certain" }, "geometry": { "type": "LineString", "coordinates": [ [ -103.0784, 29.4273 ], [ -103.0897, 29.4464 ] ] } },
{ "type": "Feature", "properties": { "faultType": "normal fault, certain" }, "geometry": { "type": "LineString", "coordinates": [ [ -99.4962, 29.4911 ], [ -99.5861, 29.4721 ] ] } },
{ "type": "Feature", "properties": { "faultType": "normal fault, certain" }, "geometry": { "type": "LineString", "coordinates": [ [ -103.7882, 29.4235 ], [ -103.7712, 29.4042 ] ] } },
{ "type": "Feature", "properties": { "faultType": "normal fault, certain" }, "geometry": { "type": "LineString", "coordinates": [ [ -102.9116, 29.4698 ], [ -102.897, 29.4322 ] ] } },
{ "type": "Feature", "properties": { "faultType": "normal fault, certain" }, "geometry": { "type": "LineString", "coordinates": [ [ -99.1356, 29.4898 ], [ -99.1789, 29.4684 ] ] } },
{ "type": "Feature", "properties": { "faultType": "normal fault, certain" }, "geometry": { "type": "LineString", "coordinates": [ [ -103.0004, 29.4546 ], [ -102.9813, 29.4288 ] ] } },
{ "type": "Feature", "properties": { "faultType": "normal fault, certain" }, "geometry": { "type": "LineString", "coordinates": [ [ -100.925, 29.482 ], [ -100.9383, 29.4663 ] ] } },
{ "type": "Feature", "properties": { "faultType": "normal fault, certain" }, "geometry": { "type": "LineString", "coordinates": [ [ -100.9418, 29.4684 ], [ -100.9383, 29.4663 ] ] } },
{ "type": "Feature", "properties": { "faultType": "normal fault, certain" }, "geometry": { "type": "LineString", "coordinates": [ [ -100.9782, 29.4792 ], [ -100.9585, 29.4659 ] ] } },
{ "type": "Feature", "properties": { "faultType": "normal fault, certain" }, "geometry": { "type": "LineString", "coordinates": [ [ -99.4376, 29.4894 ], [ -99.4754, 29.468 ] ] } },
{ "type": "Feature", "properties": { "faultType": "normal fault, certain" }, "geometry": { "type": "LineString", "coordinates": [ [ -99.0202, 29.4812 ], [ -99.068, 29.464 ] ] } },
{ "type": "Feature", "properties": { "faultType": "normal fault, certain" }, "geometry": { "type": "LineString", "coordinates": [ [ -102.9836, 29.4518 ], [ -102.9735, 29.4256 ] ] } },
{ "type": "Feature", "properties": { "faultType": "normal fault, certain" }, "geometry": { "type": "LineString", "coordinates": [ [ -102.9813, 29.4288 ], [ -102.9735, 29.4256 ] ] } },
{ "type": "Feature", "properties": { "faultType": "normal fault, certain" }, "geometry": { "type": "LineString", "coordinates": [ [ -103.1035, 29.4207 ], [ -103.1183, 29.4318 ] ] } },
{ "type": "Feature", "properties": { "faultType": "normal fault, certain" }, "geometry": { "type": "LineString", "coordinates": [ [ -99.145, 29.4738 ], [ -99.1781, 29.4632 ] ] } },
{ "type": "Feature", "properties": { "faultType": "normal fault, certain" }, "geometry": { "type": "LineString", "coordinates": [ [ -103.6927, 29.4001 ], [ -103.6946, 29.4211 ] ] } },
{ "type": "Feature", "properties": { "faultType": "normal fault, certain" }, "geometry": { "type": "LineString", "coordinates": [ [ -100.1642, 29.4681 ], [ -100.1683, 29.4655 ] ] } },
{ "type": "Feature", "properties": { "faultType": "normal fault, certain" }, "geometry": { "type": "LineString", "coordinates": [ [ -102.8523, 29.4665 ], [ -102.8308, 29.4269 ] ] } },
{ "type": "Feature", "properties": { "faultType": "normal fault, certain" }, "geometry": { "type": "LineString", "coordinates": [ [ -99.2439, 29.4762 ], [ -99.2786, 29.463 ] ] } },
{ "type": "Feature", "properties": { "faultType": "normal fault, certain" }, "geometry": { "type": "LineString", "coordinates": [ [ -100.1683, 29.4655 ], [ -100.1413, 29.4709 ] ] } },
{ "type": "Feature", "properties": { "faultType": "normal fault, certain" }, "geometry": { "type": "LineString", "coordinates": [ [ -102.9735, 29.4256 ], [ -102.967, 29.4224 ] ] } },
{ "type": "Feature", "properties": { "faultType": "normal fault, certain" }, "geometry": { "type": "LineString", "coordinates": [ [ -103.5972, 29.4246 ], [ -103.5803, 29.4027 ] ] } },
{ "type": "Feature", "properties": { "faultType": "normal fault, certain" }, "geometry": { "type": "LineString", "coordinates": [ [ -103.667, 29.409 ], [ -103.668, 29.3995 ] ] } },
{ "type": "Feature", "properties": { "faultType": "normal fault, certain" }, "geometry": { "type": "LineString", "coordinates": [ [ -103.6719, 29.4069 ], [ -103.668, 29.3995 ] ] } },
{ "type": "Feature", "properties": { "faultType": "normal fault, certain" }, "geometry": { "type": "LineString", "coordinates": [ [ -100.92, 29.467 ], [ -100.9274, 29.46 ] ] } },
{ "type": "Feature", "properties": { "faultType": "normal fault, certain" }, "geometry": { "type": "LineString", "coordinates": [ [ -100.9383, 29.4663 ], [ -100.9274, 29.46 ] ] } },
{ "type": "Feature", "properties": { "faultType": "normal fault, certain" }, "geometry": { "type": "LineString", "coordinates": [ [ -102.8573, 29.4248 ], [ -102.8655, 29.4401 ] ] } },
{ "type": "Feature", "properties": { "faultType": "normal fault, certain" }, "geometry": { "type": "LineString", "coordinates": [ [ -103.7527, 29.3959 ], [ -103.7254, 29.4104 ] ] } },
{ "type": "Feature", "properties": { "faultType": "normal fault, certain" }, "geometry": { "type": "LineString", "coordinates": [ [ -99.061, 29.476 ], [ -99.1032, 29.4596 ] ] } },
{ "type": "Feature", "properties": { "faultType": "normal fault, certain" }, "geometry": { "type": "LineString", "coordinates": [ [ -99.1377, 29.5176 ], [ -99.2653, 29.4608 ] ] } },
{ "type": "Feature", "properties": { "faultType": "normal fault, certain" }, "geometry": { "type": "LineString", "coordinates": [ [ -104.0879, 29.3828 ], [ -104.0939, 29.4055 ] ] } },
{ "type": "Feature", "properties": { "faultType": "normal fault, certain" }, "geometry": { "type": "LineString", "coordinates": [ [ -104.0879, 29.3828 ], [ -104.0977, 29.3887 ] ] } },
{ "type": "Feature", "properties": { "faultType": "normal fault, certain" }, "geometry": { "type": "LineString", "coordinates": [ [ -103.6865, 29.3976 ], [ -103.6874, 29.4021 ] ] } },
{ "type": "Feature", "properties": { "faultType": "normal fault, certain" }, "geometry": { "type": "LineString", "coordinates": [ [ -100.121, 29.469 ], [ -100.1528, 29.462 ] ] } },
{ "type": "Feature", "properties": { "faultType": "normal fault, certain" }, "geometry": { "type": "LineString", "coordinates": [ [ -103.6594, 29.3975 ], [ -103.656, 29.4031 ] ] } },
{ "type": "Feature", "properties": { "faultType": "normal fault, certain" }, "geometry": { "type": "LineString", "coordinates": [ [ -103.6569, 29.4081 ], [ -103.6594, 29.3975 ] ] } },
{ "type": "Feature", "properties": { "faultType": "normal fault, certain" }, "geometry": { "type": "LineString", "coordinates": [ [ -102.8652, 29.4686 ], [ -102.8466, 29.4227 ] ] } },
{ "type": "Feature", "properties": { "faultType": "normal fault, certain" }, "geometry": { "type": "LineString", "coordinates": [ [ -103.6865, 29.3976 ], [ -103.6913, 29.3954 ] ] } },
{ "type": "Feature", "properties": { "faultType": "normal fault, certain" }, "geometry": { "type": "LineString", "coordinates": [ [ -103.6927, 29.4001 ], [ -103.6913, 29.3954 ] ] } },
{ "type": "Feature", "properties": { "faultType": "normal fault, certain" }, "geometry": { "type": "LineString", "coordinates": [ [ -99.1259, 29.4809 ], [ -99.1719, 29.4576 ] ] } },
{ "type": "Feature", "properties": { "faultType": "normal fault, certain" }, "geometry": { "type": "LineString", "coordinates": [ [ -103.6611, 29.3962 ], [ -103.6594, 29.3975 ] ] } },
{ "type": "Feature", "properties": { "faultType": "normal fault, certain" }, "geometry": { "type": "LineString", "coordinates": [ [ -103.6615, 29.41 ], [ -103.6611, 29.3962 ] ] } },
{ "type": "Feature", "properties": { "faultType": "normal fault, certain" }, "geometry": { "type": "LineString", "coordinates": [ [ -100.1683, 29.4655 ], [ -100.1751, 29.4603 ] ] } },
{ "type": "Feature", "properties": { "faultType": "normal fault, certain" }, "geometry": { "type": "LineString", "coordinates": [ [ -99.1524, 29.4614 ], [ -99.1719, 29.4565 ] ] } },
{ "type": "Feature", "properties": { "faultType": "normal fault, certain" }, "geometry": { "type": "LineString", "coordinates": [ [ -103.0748, 29.4213 ], [ -103.0686, 29.4141 ] ] } },
{ "type": "Feature", "properties": { "faultType": "normal fault, certain" }, "geometry": { "type": "LineString", "coordinates": [ [ -100.9274, 29.46 ], [ -100.9192, 29.4547 ] ] } },
{ "type": "Feature", "properties": { "faultType": "normal fault, certain" }, "geometry": { "type": "LineString", "coordinates": [ [ -103.6998, 29.3928 ], [ -103.6927, 29.4001 ] ] } },
{ "type": "Feature", "properties": { "faultType": "normal fault, certain" }, "geometry": { "type": "LineString", "coordinates": [ [ -103.6643, 29.394 ], [ -103.6611, 29.3962 ] ] } },
{ "type": "Feature", "properties": { "faultType": "normal fault, certain" }, "geometry": { "type": "LineString", "coordinates": [ [ -103.668, 29.3995 ], [ -103.6643, 29.394 ] ] } },
{ "type": "Feature", "properties": { "faultType": "normal fault, certain" }, "geometry": { "type": "LineString", "coordinates": [ [ -103.6644, 29.3939 ], [ -103.6643, 29.394 ] ] } },
{ "type": "Feature", "properties": { "faultType": "normal fault, certain" }, "geometry": { "type": "LineString", "coordinates": [ [ -102.967, 29.4224 ], [ -102.9568, 29.4158 ] ] } },
{ "type": "Feature", "properties": { "faultType": "normal fault, certain" }, "geometry": { "type": "LineString", "coordinates": [ [ -102.973, 29.4341 ], [ -102.9534, 29.4157 ] ] } },
{ "type": "Feature", "properties": { "faultType": "normal fault, certain" }, "geometry": { "type": "LineString", "coordinates": [ [ -102.9568, 29.4158 ], [ -102.9534, 29.4157 ] ] } },
{ "type": "Feature", "properties": { "faultType": "normal fault, certain" }, "geometry": { "type": "LineString", "coordinates": [ [ -103.7128, 29.3913 ], [ -103.7254, 29.4104 ] ] } },
{ "type": "Feature", "properties": { "faultType": "normal fault, certain" }, "geometry": { "type": "LineString", "coordinates": [ [ -103.6643, 29.394 ], [ -103.6634, 29.3927 ] ] } },
{ "type": "Feature", "properties": { "faultType": "normal fault, certain" }, "geometry": { "type": "LineString", "coordinates": [ [ -98.6703, 29.4505 ], [ -98.6779, 29.4487 ] ] } },
{ "type": "Feature", "properties": { "faultType": "normal fault, certain" }, "geometry": { "type": "LineString", "coordinates": [ [ -103.6913, 29.3954 ], [ -103.7006, 29.3912 ] ] } },
{ "type": "Feature", "properties": { "faultType": "normal fault, certain" }, "geometry": { "type": "LineString", "coordinates": [ [ -103.7006, 29.3912 ], [ -103.7109, 29.405 ] ] } },
{ "type": "Feature", "properties": { "faultType": "normal fault, certain" }, "geometry": { "type": "LineString", "coordinates": [ [ -103.7005, 29.3911 ], [ -103.7006, 29.3912 ] ] } },
{ "type": "Feature", "properties": { "faultType": "normal fault, certain" }, "geometry": { "type": "LineString", "coordinates": [ [ -99.1377, 29.5176 ], [ -99.268, 29.4541 ] ] } },
{ "type": "Feature", "properties": { "faultType": "normal fault, certain" }, "geometry": { "type": "LineString", "coordinates": [ [ -103.1654, 29.4128 ], [ -103.1582, 29.4086 ] ] } },
{ "type": "Feature", "properties": { "faultType": "normal fault, certain" }, "geometry": { "type": "LineString", "coordinates": [ [ -103.4159, 29.4003 ], [ -103.4271, 29.4102 ] ] } },
{ "type": "Feature", "properties": { "faultType": "normal fault, certain" }, "geometry": { "type": "LineString", "coordinates": [ [ -98.5117, 29.4901 ], [ -98.5489, 29.4767 ], [ -98.5894, 29.4469 ] ] } },
{ "type": "Feature", "properties": { "faultType": "normal fault, certain" }, "geometry": { "type": "LineString", "coordinates": [ [ -100.9949, 29.4515 ], [ -100.9585, 29.4659 ] ] } },
{ "type": "Feature", "properties": { "faultType": "normal fault, certain" }, "geometry": { "type": "LineString", "coordinates": [ [ -103.4151, 29.3999 ], [ -103.4179, 29.4162 ] ] } },
{ "type": "Feature", "properties": { "faultType": "normal fault, certain" }, "geometry": { "type": "LineString", "coordinates": [ [ -102.8644, 29.444 ], [ -102.848, 29.4163 ] ] } },
{ "type": "Feature", "properties": { "faultType": "normal fault, certain" }, "geometry": { "type": "LineString", "coordinates": [ [ -98.5046, 29.4444 ], [ -98.4623, 29.4709 ] ] } },
{ "type": "Feature", "properties": { "faultType": "normal fault, certain" }, "geometry": { "type": "LineString", "coordinates": [ [ -98.5046, 29.4444 ], [ -98.487, 29.4816 ] ] } },
{ "type": "Feature", "properties": { "faultType": "normal fault, certain" }, "geometry": { "type": "LineString", "coordinates": [ [ -99.483, 29.4834 ], [ -99.5913, 29.4534 ] ] } },
{ "type": "Feature", "properties": { "faultType": "normal fault, certain" }, "geometry": { "type": "LineString", "coordinates": [ [ -99.5226, 29.4528 ], [ -99.4942, 29.4758 ] ] } },
{ "type": "Feature", "properties": { "faultType": "normal fault, certain" }, "geometry": { "type": "LineString", "coordinates": [ [ -99.4942, 29.4758 ], [ -99.5306, 29.4517 ] ] } },
{ "type": "Feature", "properties": { "faultType": "normal fault, certain" }, "geometry": { "type": "LineString", "coordinates": [ [ -100.9585, 29.4659 ], [ -100.9282, 29.4476 ] ] } },
{ "type": "Feature", "properties": { "faultType": "normal fault, certain" }, "geometry": { "type": "LineString", "coordinates": [ [ -103.6825, 29.3857 ], [ -103.6865, 29.3976 ] ] } },
{ "type": "Feature", "properties": { "faultType": "normal fault, certain" }, "geometry": { "type": "LineString", "coordinates": [ [ -103.7005, 29.3911 ], [ -103.6987, 29.3847 ] ] } },
{ "type": "Feature", "properties": { "faultType": "normal fault, certain" }, "geometry": { "type": "LineString", "coordinates": [ [ -103.7006, 29.3912 ], [ -103.7173, 29.384 ] ] } },
{ "type": "Feature", "properties": { "faultType": "normal fault, certain" }, "geometry": { "type": "LineString", "coordinates": [ [ -103.7315, 29.4027 ], [ -103.7173, 29.384 ] ] } },
{ "type": "Feature", "properties": { "faultType": "normal fault, certain" }, "geometry": { "type": "LineString", "coordinates": [ [ -102.8795, 29.4256 ], [ -102.8772, 29.4387 ], [ -102.8624, 29.41 ] ] } },
{ "type": "Feature", "properties": { "faultType": "normal fault, certain" }, "geometry": { "type": "LineString", "coordinates": [ [ -100.1845, 29.4575 ], [ -100.1996, 29.4492 ] ] } },
{ "type": "Feature", "properties": { "faultType": "normal fault, certain" }, "geometry": { "type": "LineString", "coordinates": [ [ -99.4524, 29.4468 ], [ -99.3835, 29.4727 ] ] } },
{ "type": "Feature", "properties": { "faultType": "normal fault, certain" }, "geometry": { "type": "LineString", "coordinates": [ [ -102.951, 29.458 ], [ -102.9313, 29.4498 ], [ -102.9136, 29.4066 ] ] } },
{ "type": "Feature", "properties": { "faultType": "normal fault, certain" }, "geometry": { "type": "LineString", "coordinates": [ [ -102.9136, 29.4066 ], [ -102.9218, 29.4222 ] ] } },
{ "type": "Feature", "properties": { "faultType": "normal fault, certain" }, "geometry": { "type": "LineString", "coordinates": [ [ -99.5444, 29.4487 ], [ -99.5503, 29.4464 ] ] } },
{ "type": "Feature", "properties": { "faultType": "normal fault, certain" }, "geometry": { "type": "LineString", "coordinates": [ [ -103.4052, 29.4038 ], [ -103.3837, 29.3918 ] ] } },
{ "type": "Feature", "properties": { "faultType": "normal fault, certain" }, "geometry": { "type": "LineString", "coordinates": [ [ -104.1074, 29.3861 ], [ -104.0933, 29.3661 ] ] } },
{ "type": "Feature", "properties": { "faultType": "normal fault, certain" }, "geometry": { "type": "LineString", "coordinates": [ [ -99.493, 29.4453 ], [ -99.3996, 29.4881 ] ] } },
{ "type": "Feature", "properties": { "faultType": "normal fault, certain" }, "geometry": { "type": "LineString", "coordinates": [ [ -99.5229, 29.4466 ], [ -99.4813, 29.458 ], [ -99.493, 29.4453 ] ] } },
{ "type": "Feature", "properties": { "faultType": "normal fault, certain" }, "geometry": { "type": "LineString", "coordinates": [ [ -103.4915, 29.3876 ], [ -103.5577, 29.4522 ] ] } },
{ "type": "Feature", "properties": { "faultType": "normal fault, certain" }, "geometry": { "type": "LineString", "coordinates": [ [ -103.6707, 29.381 ], [ -103.6529, 29.3924 ] ] } },
{ "type": "Feature", "properties": { "faultType": "normal fault, certain" }, "geometry": { "type": "LineString", "coordinates": [ [ -103.6829, 29.404 ], [ -103.6707, 29.381 ] ] } },
{ "type": "Feature", "properties": { "faultType": "normal fault, certain" }, "geometry": { "type": "LineString", "coordinates": [ [ -102.9156, 29.4256 ], [ -102.9097, 29.4046 ] ] } },
{ "type": "Feature", "properties": { "faultType": "normal fault, certain" }, "geometry": { "type": "LineString", "coordinates": [ [ -102.9097, 29.4046 ], [ -102.9136, 29.4066 ] ] } },
{ "type": "Feature", "properties": { "faultType": "normal fault, certain" }, "geometry": { "type": "LineString", "coordinates": [ [ -103.0592, 29.4145 ], [ -103.037, 29.4008 ] ] } },
{ "type": "Feature", "properties": { "faultType": "normal fault, certain" }, "geometry": { "type": "LineString", "coordinates": [ [ -103.0449, 29.4319 ], [ -103.0117, 29.4015 ] ] } },
{ "type": "Feature", "properties": { "faultType": "normal fault, certain" }, "geometry": { "type": "LineString", "coordinates": [ [ -100.8909, 29.4413 ], [ -100.8601, 29.4554 ] ] } },
{ "type": "Feature", "properties": { "faultType": "normal fault, certain" }, "geometry": { "type": "LineString", "coordinates": [ [ -99.0043, 29.4432 ], [ -99.0137, 29.4402 ] ] } },
{ "type": "Feature", "properties": { "faultType": "normal fault, certain" }, "geometry": { "type": "LineString", "coordinates": [ [ -103.6736, 29.3798 ], [ -103.6707, 29.381 ] ] } },
{ "type": "Feature", "properties": { "faultType": "normal fault, certain" }, "geometry": { "type": "LineString", "coordinates": [ [ -103.9092, 29.3711 ], [ -103.9191, 29.3747 ] ] } },
{ "type": "Feature", "properties": { "faultType": "normal fault, certain" }, "geometry": { "type": "LineString", "coordinates": [ [ -99.332, 29.4468 ], [ -99.3582, 29.442 ] ] } },
{ "type": "Feature", "properties": { "faultType": "normal fault, certain" }, "geometry": { "type": "LineString", "coordinates": [ [ -99.2003, 29.4657 ], [ -99.2504, 29.4409 ] ] } },
{ "type": "Feature", "properties": { "faultType": "normal fault, certain" }, "geometry": { "type": "LineString", "coordinates": [ [ -99.1406, 29.4568 ], [ -99.1767, 29.4403 ] ] } },
{ "type": "Feature", "properties": { "faultType": "normal fault, certain" }, "geometry": { "type": "LineString", "coordinates": [ [ -103.0961, 29.4054 ], [ -103.0872, 29.3974 ] ] } },
{ "type": "Feature", "properties": { "faultType": "normal fault, certain" }, "geometry": { "type": "LineString", "coordinates": [ [ -99.2794, 29.44 ], [ -99.2565, 29.4411 ] ] } },
{ "type": "Feature", "properties": { "faultType": "normal fault, certain" }, "geometry": { "type": "LineString", "coordinates": [ [ -104.0933, 29.3661 ], [ -104.0943, 29.3616 ] ] } },
{ "type": "Feature", "properties": { "faultType": "normal fault, certain" }, "geometry": { "type": "LineString", "coordinates": [ [ -99.8536, 29.4693 ], [ -99.9354, 29.4418 ] ] } },
{ "type": "Feature", "properties": { "faultType": "normal fault, certain" }, "geometry": { "type": "LineString", "coordinates": [ [ -98.5295, 29.4306 ], [ -98.5046, 29.4444 ] ] } },
{ "type": "Feature", "properties": { "faultType": "normal fault, certain" }, "geometry": { "type": "LineString", "coordinates": [ [ -98.5295, 29.4306 ], [ -98.4951, 29.4854 ] ] } },
{ "type": "Feature", "properties": { "faultType": "normal fault, certain" }, "geometry": { "type": "LineString", "coordinates": [ [ -103.7173, 29.384 ], [ -103.7364, 29.3735 ] ] } },
{ "type": "Feature", "properties": { "faultType": "normal fault, certain" }, "geometry": { "type": "LineString", "coordinates": [ [ -102.8961, 29.4004 ], [ -102.9097, 29.4046 ] ] } },
{ "type": "Feature", "properties": { "faultType": "normal fault, certain" }, "geometry": { "type": "LineString", "coordinates": [ [ -100.3729, 29.439 ], [ -100.3388, 29.4509 ] ] } },
{ "type": "Feature", "properties": { "faultType": "normal fault, certain" }, "geometry": { "type": "LineString", "coordinates": [ [ -102.9534, 29.4157 ], [ -102.9434, 29.3979 ] ] } },
{ "type": "Feature", "properties": { "faultType": "normal fault, certain" }, "geometry": { "type": "LineString", "coordinates": [ [ -103.155, 29.4081 ], [ -103.1289, 29.392 ] ] } },
{ "type": "Feature", "properties": { "faultType": "normal fault, certain" }, "geometry": { "type": "LineString", "coordinates": [ [ -102.9568, 29.4158 ], [ -102.9491, 29.3972 ] ] } },
{ "type": "Feature", "properties": { "faultType": "normal fault, certain" }, "geometry": { "type": "LineString", "coordinates": [ [ -99.1284, 29.4405 ], [ -99.1514, 29.4345 ] ] } },
{ "type": "Feature", "properties": { "faultType": "normal fault, certain" }, "geometry": { "type": "LineString", "coordinates": [ [ -99.1256, 29.4474 ], [ -99.1514, 29.4345 ] ] } },
{ "type": "Feature", "properties": { "faultType": "normal fault, certain" }, "geometry": { "type": "LineString", "coordinates": [ [ -103.9213, 29.3632 ], [ -103.9572, 29.3962 ] ] } },
{ "type": "Feature", "properties": { "faultType": "normal fault, certain" }, "geometry": { "type": "LineString", "coordinates": [ [ -98.5356, 29.4269 ], [ -98.5295, 29.4306 ] ] } },
{ "type": "Feature", "properties": { "faultType": "normal fault, certain" }, "geometry": { "type": "LineString", "coordinates": [ [ -103.0872, 29.3974 ], [ -103.0826, 29.3892 ] ] } },
{ "type": "Feature", "properties": { "faultType": "normal fault, certain" }, "geometry": { "type": "LineString", "coordinates": [ [ -103.109, 29.4016 ], [ -103.0826, 29.3892 ] ] } },
{ "type": "Feature", "properties": { "faultType": "normal fault, certain" }, "geometry": { "type": "LineString", "coordinates": [ [ -99.0334, 29.4521 ], [ -99.0732, 29.4308 ] ] } },
{ "type": "Feature", "properties": { "faultType": "normal fault, certain" }, "geometry": { "type": "LineString", "coordinates": [ [ -103.8959, 29.3614 ], [ -103.9065, 29.3711 ] ] } },
{ "type": "Feature", "properties": { "faultType": "normal fault, certain" }, "geometry": { "type": "LineString", "coordinates": [ [ -100.8506, 29.4303 ], [ -100.8243, 29.4489 ] ] } },
{ "type": "Feature", "properties": { "faultType": "normal fault, certain" }, "geometry": { "type": "LineString", "coordinates": [ [ -99.493, 29.4453 ], [ -99.5069, 29.4325 ] ] } },
{ "type": "Feature", "properties": { "faultType": "normal fault, certain" }, "geometry": { "type": "LineString", "coordinates": [ [ -103.0807, 29.3878 ], [ -103.0826, 29.3892 ] ] } },
{ "type": "Feature", "properties": { "faultType": "normal fault, certain" }, "geometry": { "type": "LineString", "coordinates": [ [ -103.0321, 29.4028 ], [ -103.0216, 29.3892 ] ] } },
{ "type": "Feature", "properties": { "faultType": "normal fault, certain" }, "geometry": { "type": "LineString", "coordinates": [ [ -103.6524, 29.426 ], [ -103.6302, 29.3695 ] ] } },
{ "type": "Feature", "properties": { "faultType": "normal fault, certain" }, "geometry": { "type": "LineString", "coordinates": [ [ -103.2011, 29.3971 ], [ -103.1843, 29.3826 ] ] } },
{ "type": "Feature", "properties": { "faultType": "normal fault, certain" }, "geometry": { "type": "LineString", "coordinates": [ [ -103.7173, 29.384 ], [ -103.6973, 29.3645 ] ] } },
{ "type": "Feature", "properties": { "faultType": "normal fault, certain" }, "geometry": { "type": "LineString", "coordinates": [ [ -104.0146, 29.352 ], [ -104.0879, 29.3828 ] ] } },
{ "type": "Feature", "properties": { "faultType": "normal fault, certain" }, "geometry": { "type": "LineString", "coordinates": [ [ -103.621, 29.3664 ], [ -103.6009, 29.38 ] ] } },
{ "type": "Feature", "properties": { "faultType": "normal fault, certain" }, "geometry": { "type": "LineString", "coordinates": [ [ -103.8871, 29.3749 ], [ -103.8561, 29.3576 ] ] } },
{ "type": "Feature", "properties": { "faultType": "normal fault, certain" }, "geometry": { "type": "LineString", "coordinates": [ [ -99.1514, 29.4345 ], [ -99.1733, 29.4245 ] ] } },
{ "type": "Feature", "properties": { "faultType": "normal fault, certain" }, "geometry": { "type": "LineString", "coordinates": [ [ -99.0778, 29.4294 ], [ -99.0942, 29.4225 ] ] } },
{ "type": "Feature", "properties": { "faultType": "normal fault, certain" }, "geometry": { "type": "LineString", "coordinates": [ [ -103.0868, 29.4089 ], [ -103.043, 29.3812 ] ] } },
{ "type": "Feature", "properties": { "faultType": "normal fault, certain" }, "geometry": { "type": "LineString", "coordinates": [ [ -100.0482, 29.4462 ], [ -100.0416, 29.4249 ] ] } },
{ "type": "Feature", "properties": { "faultType": "normal fault, certain" }, "geometry": { "type": "LineString", "coordinates": [ [ -103.0269, 29.381 ], [ -103.0268, 29.3806 ] ] } },
{ "type": "Feature", "properties": { "faultType": "normal fault, certain" }, "geometry": { "type": "LineString", "coordinates": [ [ -103.0396, 29.3904 ], [ -103.0268, 29.3806 ] ] } },
{ "type": "Feature", "properties": { "faultType": "normal fault, certain" }, "geometry": { "type": "LineString", "coordinates": [ [ -103.6736, 29.3798 ], [ -103.6677, 29.3598 ] ] } },
{ "type": "Feature", "properties": { "faultType": "normal fault, certain" }, "geometry": { "type": "LineString", "coordinates": [ [ -103.0216, 29.3892 ], [ -103.0044, 29.3808 ] ] } },
{ "type": "Feature", "properties": { "faultType": "normal fault, certain" }, "geometry": { "type": "LineString", "coordinates": [ [ -97.4603, 29.4007 ], [ -97.4847, 29.3938 ] ] } },
{ "type": "Feature", "properties": { "faultType": "normal fault, certain" }, "geometry": { "type": "LineString", "coordinates": [ [ -103.6713, 29.3584 ], [ -103.6736, 29.3798 ] ] } },
{ "type": "Feature", "properties": { "faultType": "normal fault, certain" }, "geometry": { "type": "LineString", "coordinates": [ [ -99.2046, 29.4252 ], [ -99.2263, 29.4205 ] ] } },
{ "type": "Feature", "properties": { "faultType": "normal fault, certain" }, "geometry": { "type": "LineString", "coordinates": [ [ -103.0268, 29.3806 ], [ -103.0229, 29.3786 ] ] } },
{ "type": "Feature", "properties": { "faultType": "normal fault, certain" }, "geometry": { "type": "LineString", "coordinates": [ [ -99.0269, 29.4348 ], [ -99.0667, 29.4178 ] ] } },
{ "type": "Feature", "properties": { "faultType": "normal fault, certain" }, "geometry": { "type": "LineString", "coordinates": [ [ -103.0314, 29.3766 ], [ -103.0658, 29.4123 ] ] } },
{ "type": "Feature", "properties": { "faultType": "normal fault, certain" }, "geometry": { "type": "LineString", "coordinates": [ [ -104.0103, 29.3506 ], [ -104.0067, 29.3431 ] ] } },
{ "type": "Feature", "properties": { "faultType": "normal fault, certain" }, "geometry": { "type": "LineString", "coordinates": [ [ -103.3956, 29.3645 ], [ -103.4407, 29.404 ] ] } },
{ "type": "Feature", "properties": { "faultType": "normal fault, certain" }, "geometry": { "type": "LineString", "coordinates": [ [ -97.5045, 29.3897 ], [ -97.4744, 29.4064 ] ] } },
{ "type": "Feature", "properties": { "faultType": "normal fault, certain" }, "geometry": { "type": "LineString", "coordinates": [ [ -102.9214, 29.407 ], [ -102.9123, 29.3786 ] ] } },
{ "type": "Feature", "properties": { "faultType": "normal fault, certain" }, "geometry": { "type": "LineString", "coordinates": [ [ -102.8995, 29.3774 ], [ -102.9059, 29.3888 ] ] } },
{ "type": "Feature", "properties": { "faultType": "normal fault, certain" }, "geometry": { "type": "LineString", "coordinates": [ [ -98.6587, 29.4313 ], [ -98.706, 29.4098 ] ] } },
{ "type": "Feature", "properties": { "faultType": "normal fault, certain" }, "geometry": { "type": "LineString", "coordinates": [ [ -104.0067, 29.3431 ], [ -104.0068, 29.3401 ] ] } },
{ "type": "Feature", "properties": { "faultType": "normal fault, certain" }, "geometry": { "type": "LineString", "coordinates": [ [ -104.0068, 29.3401 ], [ -104.0609, 29.3555 ] ] } },
{ "type": "Feature", "properties": { "faultType": "normal fault, certain" }, "geometry": { "type": "LineString", "coordinates": [ [ -102.967, 29.4224 ], [ -102.9766, 29.3744 ] ] } },
{ "type": "Feature", "properties": { "faultType": "normal fault, certain" }, "geometry": { "type": "LineString", "coordinates": [ [ -102.9813, 29.4288 ], [ -102.9766, 29.3744 ] ] } },
{ "type": "Feature", "properties": { "faultType": "normal fault, certain" }, "geometry": { "type": "LineString", "coordinates": [ [ -99.8438, 29.4163 ], [ -99.784, 29.4335 ] ] } },
{ "type": "Feature", "properties": { "faultType": "normal fault, certain" }, "geometry": { "type": "LineString", "coordinates": [ [ -103.9939, 29.3392 ], [ -104.0067, 29.3431 ] ] } },
{ "type": "Feature", "properties": { "faultType": "normal fault, certain" }, "geometry": { "type": "LineString", "coordinates": [ [ -103.9939, 29.3392 ], [ -104.0068, 29.3401 ] ] } },
{ "type": "Feature", "properties": { "faultType": "normal fault, certain" }, "geometry": { "type": "LineString", "coordinates": [ [ -103.4799, 29.3664 ], [ -103.4786, 29.3575 ] ] } },
{ "type": "Feature", "properties": { "faultType": "normal fault, certain" }, "geometry": { "type": "LineString", "coordinates": [ [ -103.7616, 29.3469 ], [ -103.7356, 29.3545 ] ] } },
{ "type": "Feature", "properties": { "faultType": "normal fault, certain" }, "geometry": { "type": "LineString", "coordinates": [ [ -99.775, 29.4265 ], [ -99.7969, 29.4145 ] ] } },
{ "type": "Feature", "properties": { "faultType": "normal fault, certain" }, "geometry": { "type": "LineString", "coordinates": [ [ -104.0386, 29.3348 ], [ -104.0286, 29.3363 ] ] } },
{ "type": "Feature", "properties": { "faultType": "normal fault, certain" }, "geometry": { "type": "LineString", "coordinates": [ [ -104.0933, 29.3661 ], [ -104.0639, 29.3399 ], [ -104.0386, 29.3348 ] ] } },
{ "type": "Feature", "properties": { "faultType": "normal fault, certain" }, "geometry": { "type": "LineString", "coordinates": [ [ -103.775, 29.3446 ], [ -103.7616, 29.3469 ] ] } },
{ "type": "Feature", "properties": { "faultType": "normal fault, certain" }, "geometry": { "type": "LineString", "coordinates": [ [ -103.0514, 29.3758 ], [ -103.0416, 29.3686 ] ] } },
{ "type": "Feature", "properties": { "faultType": "normal fault, certain" }, "geometry": { "type": "LineString", "coordinates": [ [ -97.4739, 29.3824 ], [ -97.4336, 29.4027 ] ] } },
{ "type": "Feature", "properties": { "faultType": "normal fault, certain" }, "geometry": { "type": "LineString", "coordinates": [ [ -100.2827, 29.4207 ], [ -100.2997, 29.4127 ] ] } },
{ "type": "Feature", "properties": { "faultType": "normal fault, certain" }, "geometry": { "type": "LineString", "coordinates": [ [ -98.8077, 29.4426 ], [ -98.8801, 29.4071 ] ] } },
{ "type": "Feature", "properties": { "faultType": "normal fault, certain" }, "geometry": { "type": "LineString", "coordinates": [ [ -102.9529, 29.3837 ], [ -102.961, 29.37 ] ] } },
{ "type": "Feature", "properties": { "faultType": "normal fault, certain" }, "geometry": { "type": "LineString", "coordinates": [ [ -103.734, 29.3501 ], [ -103.7597, 29.3438 ] ] } },
{ "type": "Feature", "properties": { "faultType": "normal fault, certain" }, "geometry": { "type": "LineString", "coordinates": [ [ -103.7616, 29.3469 ], [ -103.7597, 29.3438 ] ] } },
{ "type": "Feature", "properties": { "faultType": "normal fault, certain" }, "geometry": { "type": "LineString", "coordinates": [ [ -104.0386, 29.3348 ], [ -104.0389, 29.3323 ] ] } },
{ "type": "Feature", "properties": { "faultType": "normal fault, certain" }, "geometry": { "type": "LineString", "coordinates": [ [ -104.0389, 29.3323 ], [ -104.057, 29.335 ] ] } },
{ "type": "Feature", "properties": { "faultType": "normal fault, certain" }, "geometry": { "type": "LineString", "coordinates": [ [ -99.2011, 29.4161 ], [ -99.231, 29.4074 ] ] } },
{ "type": "Feature", "properties": { "faultType": "normal fault, certain" }, "geometry": { "type": "LineString", "coordinates": [ [ -103.7597, 29.3438 ], [ -103.767, 29.3417 ] ] } },
{ "type": "Feature", "properties": { "faultType": "normal fault, certain" }, "geometry": { "type": "LineString", "coordinates": [ [ -103.8193, 29.3418 ], [ -103.767, 29.3417 ] ] } },
{ "type": "Feature", "properties": { "faultType": "normal fault, certain" }, "geometry": { "type": "LineString", "coordinates": [ [ -99.77, 29.42 ], [ -99.7933, 29.4087 ] ] } },
{ "type": "Feature", "properties": { "faultType": "normal fault, certain" }, "geometry": { "type": "LineString", "coordinates": [ [ -103.9446, 29.359 ], [ -103.8942, 29.3353 ] ] } },
{ "type": "Feature", "properties": { "faultType": "normal fault, certain" }, "geometry": { "type": "LineString", "coordinates": [ [ -104.0328, 29.3299 ], [ -104.0389, 29.3323 ] ] } },
{ "type": "Feature", "properties": { "faultType": "normal fault, certain" }, "geometry": { "type": "LineString", "coordinates": [ [ -102.9798, 29.3651 ], [ -102.9766, 29.3744 ] ] } },
{ "type": "Feature", "properties": { "faultType": "normal fault, certain" }, "geometry": { "type": "LineString", "coordinates": [ [ -102.9858, 29.3765 ], [ -102.9798, 29.3651 ] ] } },
{ "type": "Feature", "properties": { "faultType": "normal fault, certain" }, "geometry": { "type": "LineString", "coordinates": [ [ -103.6319, 29.3665 ], [ -103.6176, 29.3442 ] ] } },
{ "type": "Feature", "properties": { "faultType": "normal fault, certain" }, "geometry": { "type": "LineString", "coordinates": [ [ -100.2997, 29.4127 ], [ -100.3166, 29.4058 ] ] } },
{ "type": "Feature", "properties": { "faultType": "normal fault, certain" }, "geometry": { "type": "LineString", "coordinates": [ [ -100.3919, 29.4052 ], [ -100.3667, 29.4151 ] ] } },
{ "type": "Feature", "properties": { "faultType": "normal fault, certain" }, "geometry": { "type": "LineString", "coordinates": [ [ -99.3982, 29.4164 ], [ -99.4299, 29.4043 ] ] } },
{ "type": "Feature", "properties": { "faultType": "normal fault, certain" }, "geometry": { "type": "LineString", "coordinates": [ [ -100.2504, 29.4044 ], [ -100.2278, 29.4122 ] ] } },
{ "type": "Feature", "properties": { "faultType": "normal fault, certain" }, "geometry": { "type": "LineString", "coordinates": [ [ -100.3801, 29.422 ], [ -100.4206, 29.4034 ] ] } },
{ "type": "Feature", "properties": { "faultType": "normal fault, certain" }, "geometry": { "type": "LineString", "coordinates": [ [ -98.6779, 29.4487 ], [ -98.7885, 29.397 ] ] } },
{ "type": "Feature", "properties": { "faultType": "normal fault, certain" }, "geometry": { "type": "LineString", "coordinates": [ [ -100.0604, 29.4016 ], [ -100.0319, 29.4172 ] ] } },
{ "type": "Feature", "properties": { "faultType": "normal fault, certain" }, "geometry": { "type": "LineString", "coordinates": [ [ -100.3509, 29.4009 ], [ -100.3404, 29.4116 ] ] } },
{ "type": "Feature", "properties": { "faultType": "normal fault, certain" }, "geometry": { "type": "LineString", "coordinates": [ [ -103.69, 29.3393 ], [ -103.6895, 29.3352 ] ] } },
{ "type": "Feature", "properties": { "faultType": "normal fault, certain" }, "geometry": { "type": "LineString", "coordinates": [ [ -103.6895, 29.3352 ], [ -103.7093, 29.3524 ] ] } },
{ "type": "Feature", "properties": { "faultType": "normal fault, certain" }, "geometry": { "type": "LineString", "coordinates": [ [ -102.8969, 29.3713 ], [ -102.8922, 29.3596 ] ] } },
{ "type": "Feature", "properties": { "faultType": "normal fault, certain" }, "geometry": { "type": "LineString", "coordinates": [ [ -102.903, 29.3677 ], [ -102.8922, 29.3596 ] ] } },
{ "type": "Feature", "properties": { "faultType": "normal fault, certain" }, "geometry": { "type": "LineString", "coordinates": [ [ -102.9798, 29.3651 ], [ -102.977, 29.3565 ] ] } },
{ "type": "Feature", "properties": { "faultType": "normal fault, certain" }, "geometry": { "type": "LineString", "coordinates": [ [ -103.6223, 29.3466 ], [ -103.6156, 29.3361 ] ] } },
{ "type": "Feature", "properties": { "faultType": "normal fault, certain" }, "geometry": { "type": "LineString", "coordinates": [ [ -99.2001, 29.4083 ], [ -99.245, 29.3949 ] ] } },
{ "type": "Feature", "properties": { "faultType": "normal fault, certain" }, "geometry": { "type": "LineString", "coordinates": [ [ -98.7722, 29.3901 ], [ -98.7179, 29.4061 ] ] } },
{ "type": "Feature", "properties": { "faultType": "normal fault, certain" }, "geometry": { "type": "LineString", "coordinates": [ [ -99.2831, 29.4078 ], [ -99.3308, 29.3945 ] ] } },
{ "type": "Feature", "properties": { "faultType": "normal fault, certain" }, "geometry": { "type": "LineString", "coordinates": [ [ -99.1957, 29.3986 ], [ -99.2182, 29.3937 ] ] } },
{ "type": "Feature", "properties": { "faultType": "normal fault, certain" }, "geometry": { "type": "LineString", "coordinates": [ [ -103.0268, 29.3806 ], [ -103.0179, 29.3526 ] ] } },
{ "type": "Feature", "properties": { "faultType": "normal fault, certain" }, "geometry": { "type": "LineString", "coordinates": [ [ -103.0416, 29.3686 ], [ -103.0179, 29.3526 ] ] } },
{ "type": "Feature", "properties": { "faultType": "normal fault, certain" }, "geometry": { "type": "LineString", "coordinates": [ [ -103.8028, 29.3264 ], [ -103.7929, 29.3345 ] ] } },
{ "type": "Feature", "properties": { "faultType": "normal fault, certain" }, "geometry": { "type": "LineString", "coordinates": [ [ -103.9002, 29.3219 ], [ -103.9386, 29.3506 ] ] } },
{ "type": "Feature", "properties": { "faultType": "normal fault, certain" }, "geometry": { "type": "LineString", "coordinates": [ [ -103.4884, 29.3588 ], [ -103.4797, 29.3363 ] ] } },
{ "type": "Feature", "properties": { "faultType": "normal fault, certain" }, "geometry": { "type": "LineString", "coordinates": [ [ -98.6779, 29.4487 ], [ -98.8601, 29.3878 ] ] } },
{ "type": "Feature", "properties": { "faultType": "normal fault, certain" }, "geometry": { "type": "LineString", "coordinates": [ [ -99.7957, 29.3936 ], [ -99.7468, 29.4129 ] ] } },
{ "type": "Feature", "properties": { "faultType": "normal fault, certain" }, "geometry": { "type": "LineString", "coordinates": [ [ -100.2997, 29.4127 ], [ -100.3173, 29.3929 ] ] } },
{ "type": "Feature", "properties": { "faultType": "normal fault, certain" }, "geometry": { "type": "LineString", "coordinates": [ [ -103.0087, 29.3497 ], [ -103.0154, 29.3782 ], [ -103.0491, 29.4162 ] ] } },
{ "type": "Feature", "properties": { "faultType": "normal fault, certain" }, "geometry": { "type": "LineString", "coordinates": [ [ -100.2785, 29.3929 ], [ -100.2623, 29.3983 ] ] } },
{ "type": "Feature", "properties": { "faultType": "normal fault, certain" }, "geometry": { "type": "LineString", "coordinates": [ [ -103.6868, 29.3413 ], [ -103.6814, 29.3278 ] ] } },
{ "type": "Feature", "properties": { "faultType": "normal fault, certain" }, "geometry": { "type": "LineString", "coordinates": [ [ -103.059, 29.3479 ], [ -103.0807, 29.3878 ] ] } },
{ "type": "Feature", "properties": { "faultType": "normal fault, certain" }, "geometry": { "type": "LineString", "coordinates": [ [ -99.2511, 29.3928 ], [ -99.2599, 29.3903 ] ] } },
{ "type": "Feature", "properties": { "faultType": "normal fault, certain" }, "geometry": { "type": "LineString", "coordinates": [ [ -99.3174, 29.3884 ], [ -99.283, 29.3977 ] ] } },
{ "type": "Feature", "properties": { "faultType": "normal fault, certain" }, "geometry": { "type": "LineString", "coordinates": [ [ -103.9178, 29.3565 ], [ -103.846, 29.3191 ] ] } },
{ "type": "Feature", "properties": { "faultType": "normal fault, certain" }, "geometry": { "type": "LineString", "coordinates": [ [ -103.0416, 29.3686 ], [ -103.0318, 29.3457 ] ] } },
{ "type": "Feature", "properties": { "faultType": "normal fault, certain" }, "geometry": { "type": "LineString", "coordinates": [ [ -103.0807, 29.3878 ], [ -103.0318, 29.3457 ] ] } },
{ "type": "Feature", "properties": { "faultType": "normal fault, certain" }, "geometry": { "type": "LineString", "coordinates": [ [ -100.1911, 29.3892 ], [ -100.2019, 29.4111 ] ] } },
{ "type": "Feature", "properties": { "faultType": "normal fault, certain" }, "geometry": { "type": "LineString", "coordinates": [ [ -103.6895, 29.3352 ], [ -103.6849, 29.3239 ] ] } },
{ "type": "Feature", "properties": { "faultType": "normal fault, certain" }, "geometry": { "type": "LineString", "coordinates": [ [ -103.9009, 29.3157 ], [ -103.9909, 29.3633 ] ] } },
{ "type": "Feature", "properties": { "faultType": "normal fault, certain" }, "geometry": { "type": "LineString", "coordinates": [ [ -103.6876, 29.3224 ], [ -103.6849, 29.3239 ] ] } },
{ "type": "Feature", "properties": { "faultType": "normal fault, certain" }, "geometry": { "type": "LineString", "coordinates": [ [ -103.7052, 29.3411 ], [ -103.6876, 29.3224 ] ] } },
{ "type": "Feature", "properties": { "faultType": "normal fault, certain" }, "geometry": { "type": "LineString", "coordinates": [ [ -100.2826, 29.387 ], [ -100.2662, 29.3939 ] ] } },
{ "type": "Feature", "properties": { "faultType": "normal fault, certain" }, "geometry": { "type": "LineString", "coordinates": [ [ -104.0158, 29.3236 ], [ -103.9869, 29.3102 ] ] } },
{ "type": "Feature", "properties": { "faultType": "normal fault, certain" }, "geometry": { "type": "LineString", "coordinates": [ [ -100.309, 29.3852 ], [ -100.2956, 29.4018 ] ] } },
{ "type": "Feature", "properties": { "faultType": "normal fault, certain" }, "geometry": { "type": "LineString", "coordinates": [ [ -103.6785, 29.3319 ], [ -103.6686, 29.3206 ] ] } },
{ "type": "Feature", "properties": { "faultType": "normal fault, certain" }, "geometry": { "type": "LineString", "coordinates": [ [ -103.6688, 29.3301 ], [ -103.6657, 29.3205 ] ] } },
{ "type": "Feature", "properties": { "faultType": "normal fault, certain" }, "geometry": { "type": "LineString", "coordinates": [ [ -99.4444, 29.4061 ], [ -99.4694, 29.3819 ] ] } },
{ "type": "Feature", "properties": { "faultType": "normal fault, certain" }, "geometry": { "type": "LineString", "coordinates": [ [ -103.0532, 29.3382 ], [ -103.0798, 29.3519 ] ] } },
{ "type": "Feature", "properties": { "faultType": "normal fault, certain" }, "geometry": { "type": "LineString", "coordinates": [ [ -103.6849, 29.3239 ], [ -103.6797, 29.3169 ] ] } },
{ "type": "Feature", "properties": { "faultType": "normal fault, certain" }, "geometry": { "type": "LineString", "coordinates": [ [ -103.8927, 29.3183 ], [ -103.8804, 29.3093 ] ] } },
{ "type": "Feature", "properties": { "faultType": "normal fault, certain" }, "geometry": { "type": "LineString", "coordinates": [ [ -103.9957, 29.3042 ], [ -103.9869, 29.3102 ] ] } },
{ "type": "Feature", "properties": { "faultType": "normal fault, certain" }, "geometry": { "type": "LineString", "coordinates": [ [ -103.8099, 29.3105 ], [ -103.8115, 29.3128 ] ] } },
{ "type": "Feature", "properties": { "faultType": "normal fault, certain" }, "geometry": { "type": "LineString", "coordinates": [ [ -103.7038, 29.3173 ], [ -103.6797, 29.3169 ] ] } },
{ "type": "Feature", "properties": { "faultType": "normal fault, certain" }, "geometry": { "type": "LineString", "coordinates": [ [ -103.9552, 29.3039 ], [ -104.0126, 29.3395 ] ] } },
{ "type": "Feature", "properties": { "faultType": "normal fault, certain" }, "geometry": { "type": "LineString", "coordinates": [ [ -103.9109, 29.3052 ], [ -103.9356, 29.3267 ] ] } },
{ "type": "Feature", "properties": { "faultType": "normal fault, certain" }, "geometry": { "type": "LineString", "coordinates": [ [ -99.2794, 29.3921 ], [ -99.3139, 29.3764 ] ] } },
{ "type": "Feature", "properties": { "faultType": "normal fault, certain" }, "geometry": { "type": "LineString", "coordinates": [ [ -103.8145, 29.3078 ], [ -103.8099, 29.3105 ] ] } },
{ "type": "Feature", "properties": { "faultType": "normal fault, certain" }, "geometry": { "type": "LineString", "coordinates": [ [ -98.6786, 29.3711 ], [ -98.682, 29.3696 ] ] } },
{ "type": "Feature", "properties": { "faultType": "normal fault, certain" }, "geometry": { "type": "LineString", "coordinates": [ [ -100.3023, 29.3772 ], [ -100.2774, 29.3851 ] ] } },
{ "type": "Feature", "properties": { "faultType": "normal fault, certain" }, "geometry": { "type": "LineString", "coordinates": [ [ -103.8669, 29.3094 ], [ -103.8568, 29.3049 ] ] } },
{ "type": "Feature", "properties": { "faultType": "normal fault, certain" }, "geometry": { "type": "LineString", "coordinates": [ [ -99.6647, 29.3829 ], [ -99.6778, 29.3761 ] ] } },
{ "type": "Feature", "properties": { "faultType": "thrust fault, certain" }, "geometry": { "type": "LineString", "coordinates": [ [ -99.7397, 29.4037 ], [ -99.7812, 29.3763 ] ] } },
{ "type": "Feature", "properties": { "faultType": "normal fault, certain" }, "geometry": { "type": "LineString", "coordinates": [ [ -98.7124, 29.3913 ], [ -98.7488, 29.369 ] ] } },
{ "type": "Feature", "properties": { "faultType": "normal fault, certain" }, "geometry": { "type": "LineString", "coordinates": [ [ -103.9869, 29.3102 ], [ -103.9737, 29.2982 ] ] } },
{ "type": "Feature", "properties": { "faultType": "normal fault, certain" }, "geometry": { "type": "LineString", "coordinates": [ [ -98.375, 29.3609 ], [ -98.2876, 29.4015 ] ] } },
{ "type": "Feature", "properties": { "faultType": "normal fault, certain" }, "geometry": { "type": "LineString", "coordinates": [ [ -103.8719, 29.3113 ], [ -103.8571, 29.3019 ] ] } },
{ "type": "Feature", "properties": { "faultType": "normal fault, certain" }, "geometry": { "type": "LineString", "coordinates": [ [ -103.6797, 29.3169 ], [ -103.6775, 29.3083 ] ] } },
{ "type": "Feature", "properties": { "faultType": "normal fault, certain" }, "geometry": { "type": "LineString", "coordinates": [ [ -102.961, 29.37 ], [ -102.9402, 29.3312 ] ] } },
{ "type": "Feature", "properties": { "faultType": "normal fault, certain" }, "geometry": { "type": "LineString", "coordinates": [ [ -102.9449, 29.3372 ], [ -102.9402, 29.3312 ] ] } },
{ "type": "Feature", "properties": { "faultType": "normal fault, certain" }, "geometry": { "type": "LineString", "coordinates": [ [ -98.6868, 29.3665 ], [ -98.6915, 29.3645 ] ] } },
{ "type": "Feature", "properties": { "faultType": "normal fault, certain" }, "geometry": { "type": "LineString", "coordinates": [ [ -103.8099, 29.3105 ], [ -103.7885, 29.3018 ] ] } },
{ "type": "Feature", "properties": { "faultType": "normal fault, certain" }, "geometry": { "type": "LineString", "coordinates": [ [ -103.8513, 29.3034 ], [ -103.8448, 29.299 ] ] } },
{ "type": "Feature", "properties": { "faultType": "normal fault, certain" }, "geometry": { "type": "LineString", "coordinates": [ [ -99.8091, 29.3855 ], [ -99.8345, 29.37 ] ] } },
{ "type": "Feature", "properties": { "faultType": "normal fault, certain" }, "geometry": { "type": "LineString", "coordinates": [ [ -102.8922, 29.3596 ], [ -102.8832, 29.3287 ] ] } },
{ "type": "Feature", "properties": { "faultType": "normal fault, certain" }, "geometry": { "type": "LineString", "coordinates": [ [ -98.3723, 29.355 ], [ -98.3152, 29.3553 ] ] } },
{ "type": "Feature", "properties": { "faultType": "normal fault, certain" }, "geometry": { "type": "LineString", "coordinates": [ [ -100.4011, 29.3756 ], [ -100.4208, 29.3666 ] ] } },
{ "type": "Feature", "properties": { "faultType": "normal fault, certain" }, "geometry": { "type": "LineString", "coordinates": [ [ -98.6952, 29.3622 ], [ -98.7006, 29.3591 ] ] } },
{ "type": "Feature", "properties": { "faultType": "normal fault, certain" }, "geometry": { "type": "LineString", "coordinates": [ [ -99.6732, 29.3664 ], [ -99.6543, 29.3792 ] ] } },
{ "type": "Feature", "properties": { "faultType": "normal fault, certain" }, "geometry": { "type": "LineString", "coordinates": [ [ -100.2628, 29.3923 ], [ -100.2921, 29.3656 ] ] } },
{ "type": "Feature", "properties": { "faultType": "normal fault, certain" }, "geometry": { "type": "LineString", "coordinates": [ [ -103.7415, 29.302 ], [ -103.7383, 29.2974 ] ] } },
{ "type": "Feature", "properties": { "faultType": "normal fault, certain" }, "geometry": { "type": "LineString", "coordinates": [ [ -103.8927, 29.3123 ], [ -103.8592, 29.2929 ] ] } },
{ "type": "Feature", "properties": { "faultType": "normal fault, certain" }, "geometry": { "type": "LineString", "coordinates": [ [ -99.5364, 29.3724 ], [ -99.5565, 29.3635 ] ] } },
{ "type": "Feature", "properties": { "faultType": "normal fault, certain" }, "geometry": { "type": "LineString", "coordinates": [ [ -100.3013, 29.3639 ], [ -100.2922, 29.3732 ] ] } },
{ "type": "Feature", "properties": { "faultType": "normal fault, certain" }, "geometry": { "type": "LineString", "coordinates": [ [ -100.4179, 29.3765 ], [ -100.4366, 29.3634 ] ] } },
{ "type": "Feature", "properties": { "faultType": "normal fault, certain" }, "geometry": { "type": "LineString", "coordinates": [ [ -99.2822, 29.3688 ], [ -99.2982, 29.3609 ] ] } },
{ "type": "Feature", "properties": { "faultType": "normal fault, certain" }, "geometry": { "type": "LineString", "coordinates": [ [ -103.9118, 29.2878 ], [ -103.9422, 29.3142 ], [ -103.9939, 29.3392 ] ] } },
{ "type": "Feature", "properties": { "faultType": "normal fault, certain" }, "geometry": { "type": "LineString", "coordinates": [ [ -99.5617, 29.3624 ], [ -99.5676, 29.3605 ] ] } },
{ "type": "Feature", "properties": { "faultType": "normal fault, certain" }, "geometry": { "type": "LineString", "coordinates": [ [ -103.869, 29.2884 ], [ -103.8841, 29.2998 ] ] } },
{ "type": "Feature", "properties": { "faultType": "normal fault, certain" }, "geometry": { "type": "LineString", "coordinates": [ [ -103.8542, 29.294 ], [ -103.8458, 29.2883 ] ] } },
{ "type": "Feature", "properties": { "faultType": "normal fault, certain" }, "geometry": { "type": "LineString", "coordinates": [ [ -103.7383, 29.2974 ], [ -103.7182, 29.2922 ] ] } },
{ "type": "Feature", "properties": { "faultType": "normal fault, certain" }, "geometry": { "type": "LineString", "coordinates": [ [ -99.3191, 29.3539 ], [ -99.3109, 29.3564 ] ] } },
{ "type": "Feature", "properties": { "faultType": "normal fault, certain" }, "geometry": { "type": "LineString", "coordinates": [ [ -102.912, 29.3508 ], [ -102.8889, 29.3153 ] ] } },
{ "type": "Feature", "properties": { "faultType": "normal fault, certain" }, "geometry": { "type": "LineString", "coordinates": [ [ -103.0179, 29.3526 ], [ -103.0065, 29.3109 ] ] } },
{ "type": "Feature", "properties": { "faultType": "normal fault, certain" }, "geometry": { "type": "LineString", "coordinates": [ [ -103.0318, 29.3457 ], [ -103.0065, 29.3109 ] ] } },
{ "type": "Feature", "properties": { "faultType": "normal fault, certain" }, "geometry": { "type": "LineString", "coordinates": [ [ -103.7158, 29.2883 ], [ -103.6983, 29.287 ] ] } },
{ "type": "Feature", "properties": { "faultType": "normal fault, certain" }, "geometry": { "type": "LineString", "coordinates": [ [ -100.2911, 29.3521 ], [ -100.2665, 29.379 ] ] } },
{ "type": "Feature", "properties": { "faultType": "normal fault, certain" }, "geometry": { "type": "LineString", "coordinates": [ [ -103.0289, 29.31 ], [ -103.0272, 29.3072 ] ] } },
{ "type": "Feature", "properties": { "faultType": "normal fault, certain" }, "geometry": { "type": "LineString", "coordinates": [ [ -103.0589, 29.3169 ], [ -103.0272, 29.3072 ] ] } },
{ "type": "Feature", "properties": { "faultType": "normal fault, certain" }, "geometry": { "type": "LineString", "coordinates": [ [ -100.1397, 29.3575 ], [ -100.1635, 29.351 ] ] } },
{ "type": "Feature", "properties": { "faultType": "normal fault, certain" }, "geometry": { "type": "LineString", "coordinates": [ [ -99.3068, 29.3479 ], [ -99.2925, 29.3501 ] ] } },
{ "type": "Feature", "properties": { "faultType": "normal fault, certain" }, "geometry": { "type": "LineString", "coordinates": [ [ -99.3092, 29.3481 ], [ -99.3188, 29.3465 ] ] } },
{ "type": "Feature", "properties": { "faultType": "normal fault, certain" }, "geometry": { "type": "LineString", "coordinates": [ [ -103.8392, 29.2941 ], [ -103.8123, 29.2777 ] ] } },
{ "type": "Feature", "properties": { "faultType": "normal fault, certain" }, "geometry": { "type": "LineString", "coordinates": [ [ -103.8123, 29.2777 ], [ -103.8435, 29.2856 ] ] } },
{ "type": "Feature", "properties": { "faultType": "normal fault, certain" }, "geometry": { "type": "LineString", "coordinates": [ [ -103.0065, 29.3109 ], [ -103.0107, 29.3036 ], [ -103.0199, 29.31 ] ] } },
{ "type": "Feature", "properties": { "faultType": "normal fault, certain" }, "geometry": { "type": "LineString", "coordinates": [ [ -98.4345, 29.3424 ], [ -98.4509, 29.3339 ] ] } },
{ "type": "Feature", "properties": { "faultType": "normal fault, certain" }, "geometry": { "type": "LineString", "coordinates": [ [ -100.1856, 29.3615 ], [ -100.2017, 29.3451 ] ] } },
{ "type": "Feature", "properties": { "faultType": "normal fault, certain" }, "geometry": { "type": "LineString", "coordinates": [ [ -103.7383, 29.2974 ], [ -103.721, 29.2782 ] ] } },
{ "type": "Feature", "properties": { "faultType": "normal fault, certain" }, "geometry": { "type": "LineString", "coordinates": [ [ -103.7167, 29.2775 ], [ -103.7186, 29.2893 ] ] } },
{ "type": "Feature", "properties": { "faultType": "normal fault, certain" }, "geometry": { "type": "LineString", "coordinates": [ [ -103.0004, 29.3205 ], [ -102.9866, 29.2988 ] ] } },
{ "type": "Feature", "properties": { "faultType": "normal fault, certain" }, "geometry": { "type": "LineString", "coordinates": [ [ -99.7019, 29.3421 ], [ -99.711, 29.341 ] ] } },
{ "type": "Feature", "properties": { "faultType": "normal fault, certain" }, "geometry": { "type": "LineString", "coordinates": [ [ -103.0004, 29.3094 ], [ -102.9922, 29.2967 ] ] } },
{ "type": "Feature", "properties": { "faultType": "normal fault, certain" }, "geometry": { "type": "LineString", "coordinates": [ [ -100.1125, 29.3493 ], [ -100.1425, 29.3397 ] ] } },
{ "type": "Feature", "properties": { "faultType": "normal fault, certain" }, "geometry": { "type": "LineString", "coordinates": [ [ -100.1521, 29.3386 ], [ -100.1208, 29.3593 ] ] } },
{ "type": "Feature", "properties": { "faultType": "normal fault, certain" }, "geometry": { "type": "LineString", "coordinates": [ [ -100.2814, 29.3493 ], [ -100.3463, 29.3368 ] ] } },
{ "type": "Feature", "properties": { "faultType": "normal fault, certain" }, "geometry": { "type": "LineString", "coordinates": [ [ -99.961, 29.3481 ], [ -100.0004, 29.3364 ] ] } },
{ "type": "Feature", "properties": { "faultType": "normal fault, certain" }, "geometry": { "type": "LineString", "coordinates": [ [ -103.7582, 29.2747 ], [ -103.7487, 29.2665 ] ] } },
{ "type": "Feature", "properties": { "faultType": "normal fault, certain" }, "geometry": { "type": "LineString", "coordinates": [ [ -103.7487, 29.2665 ], [ -103.7666, 29.2708 ] ] } },
{ "type": "Feature", "properties": { "faultType": "normal fault, certain" }, "geometry": { "type": "LineString", "coordinates": [ [ -103.8123, 29.2777 ], [ -103.7958, 29.2647 ] ] } },
{ "type": "Feature", "properties": { "faultType": "normal fault, certain" }, "geometry": { "type": "LineString", "coordinates": [ [ -100.1771, 29.3392 ], [ -100.186, 29.3327 ] ] } },
{ "type": "Feature", "properties": { "faultType": "normal fault, certain" }, "geometry": { "type": "LineString", "coordinates": [ [ -103.8108, 29.2628 ], [ -103.7958, 29.2647 ] ] } },
{ "type": "Feature", "properties": { "faultType": "normal fault, certain" }, "geometry": { "type": "LineString", "coordinates": [ [ -103.7611, 29.2641 ], [ -103.7795, 29.281 ] ] } },
{ "type": "Feature", "properties": { "faultType": "normal fault, certain" }, "geometry": { "type": "LineString", "coordinates": [ [ -103.0272, 29.3072 ], [ -103.0196, 29.2878 ] ] } },
{ "type": "Feature", "properties": { "faultType": "normal fault, certain" }, "geometry": { "type": "LineString", "coordinates": [ [ -103.0285, 29.2919 ], [ -103.0196, 29.2878 ] ] } },
{ "type": "Feature", "properties": { "faultType": "normal fault, certain" }, "geometry": { "type": "LineString", "coordinates": [ [ -102.9247, 29.3288 ], [ -102.9062, 29.3192 ], [ -102.9043, 29.29 ] ] } },
{ "type": "Feature", "properties": { "faultType": "normal fault, certain" }, "geometry": { "type": "LineString", "coordinates": [ [ -102.9402, 29.3312 ], [ -102.9043, 29.29 ] ] } },
{ "type": "Feature", "properties": { "faultType": "normal fault, certain" }, "geometry": { "type": "LineString", "coordinates": [ [ -100.167, 29.3343 ], [ -100.1681, 29.3291 ] ] } },
{ "type": "Feature", "properties": { "faultType": "normal fault, certain" }, "geometry": { "type": "LineString", "coordinates": [ [ -100.1222, 29.3611 ], [ -100.1856, 29.3274 ] ] } },
{ "type": "Feature", "properties": { "faultType": "normal fault, certain" }, "geometry": { "type": "LineString", "coordinates": [ [ -103.3688, 29.2728 ], [ -103.415, 29.3294 ], [ -103.4233, 29.362 ] ] } },
{ "type": "Feature", "properties": { "faultType": "normal fault, certain" }, "geometry": { "type": "LineString", "coordinates": [ [ -99.6985, 29.3281 ], [ -99.7094, 29.3268 ] ] } },
{ "type": "Feature", "properties": { "faultType": "normal fault, certain" }, "geometry": { "type": "LineString", "coordinates": [ [ -103.7375, 29.2656 ], [ -103.7295, 29.2594 ] ] } },
{ "type": "Feature", "properties": { "faultType": "normal fault, certain" }, "geometry": { "type": "LineString", "coordinates": [ [ -99.8577, 29.3644 ], [ -99.9307, 29.3262 ] ] } },
{ "type": "Feature", "properties": { "faultType": "normal fault, certain" }, "geometry": { "type": "LineString", "coordinates": [ [ -99.7596, 29.3278 ], [ -99.7831, 29.3257 ] ] } },
{ "type": "Feature", "properties": { "faultType": "normal fault, certain" }, "geometry": { "type": "LineString", "coordinates": [ [ -99.7487, 29.3502 ], [ -99.7831, 29.3257 ] ] } },
{ "type": "Feature", "properties": { "faultType": "normal fault, certain" }, "geometry": { "type": "LineString", "coordinates": [ [ -100.2136, 29.3432 ], [ -100.2261, 29.3255 ] ] } },
{ "type": "Feature", "properties": { "faultType": "normal fault, certain" }, "geometry": { "type": "LineString", "coordinates": [ [ -103.0159, 29.2901 ], [ -103.0059, 29.282 ] ] } },
{ "type": "Feature", "properties": { "faultType": "normal fault, certain" }, "geometry": { "type": "LineString", "coordinates": [ [ -102.9043, 29.29 ], [ -102.896, 29.2846 ] ] } },
{ "type": "Feature", "properties": { "faultType": "normal fault, certain" }, "geometry": { "type": "LineString", "coordinates": [ [ -100.1681, 29.3291 ], [ -100.1849, 29.3234 ] ] } },
{ "type": "Feature", "properties": { "faultType": "normal fault, certain" }, "geometry": { "type": "LineString", "coordinates": [ [ -103.7229, 29.2562 ], [ -103.7252, 29.2596 ] ] } },
{ "type": "Feature", "properties": { "faultType": "normal fault, certain" }, "geometry": { "type": "LineString", "coordinates": [ [ -103.708, 29.2655 ], [ -103.7032, 29.2561 ] ] } },
{ "type": "Feature", "properties": { "faultType": "normal fault, certain" }, "geometry": { "type": "LineString", "coordinates": [ [ -103.7229, 29.2562 ], [ -103.7032, 29.2561 ] ] } },
{ "type": "Feature", "properties": { "faultType": "normal fault, certain" }, "geometry": { "type": "LineString", "coordinates": [ [ -100.4371, 29.3196 ], [ -100.4212, 29.3401 ] ] } },
{ "type": "Feature", "properties": { "faultType": "normal fault, certain" }, "geometry": { "type": "LineString", "coordinates": [ [ -103.7032, 29.2561 ], [ -103.6991, 29.2541 ] ] } },
{ "type": "Feature", "properties": { "faultType": "normal fault, certain" }, "geometry": { "type": "LineString", "coordinates": [ [ -99.7625, 29.3225 ], [ -99.7707, 29.3196 ] ] } },
{ "type": "Feature", "properties": { "faultType": "normal fault, certain" }, "geometry": { "type": "LineString", "coordinates": [ [ -103.7247, 29.2523 ], [ -103.7353, 29.2594 ] ] } },
{ "type": "Feature", "properties": { "faultType": "normal fault, certain" }, "geometry": { "type": "LineString", "coordinates": [ [ -100.1687, 29.3168 ], [ -100.1145, 29.3394 ] ] } },
{ "type": "Feature", "properties": { "faultType": "normal fault, certain" }, "geometry": { "type": "LineString", "coordinates": [ [ -100.1681, 29.3291 ], [ -100.1687, 29.3168 ] ] } },
{ "type": "Feature", "properties": { "faultType": "normal fault, certain" }, "geometry": { "type": "LineString", "coordinates": [ [ -103.7139, 29.25 ], [ -103.7229, 29.2562 ] ] } },
{ "type": "Feature", "properties": { "faultType": "normal fault, certain" }, "geometry": { "type": "LineString", "coordinates": [ [ -100.1849, 29.3234 ], [ -100.1985, 29.3163 ] ] } },
{ "type": "Feature", "properties": { "faultType": "normal fault, certain" }, "geometry": { "type": "LineString", "coordinates": [ [ -99.0114, 29.3188 ], [ -99.032, 29.3117 ] ] } },
{ "type": "Feature", "properties": { "faultType": "normal fault, certain" }, "geometry": { "type": "LineString", "coordinates": [ [ -100.4378, 29.3143 ], [ -100.4251, 29.3144 ] ] } },
{ "type": "Feature", "properties": { "faultType": "normal fault, certain" }, "geometry": { "type": "LineString", "coordinates": [ [ -99.7707, 29.3196 ], [ -99.7963, 29.3139 ] ] } },
{ "type": "Feature", "properties": { "faultType": "normal fault, certain" }, "geometry": { "type": "LineString", "coordinates": [ [ -103.5485, 29.2681 ], [ -103.5498, 29.2529 ] ] } },
{ "type": "Feature", "properties": { "faultType": "normal fault, certain" }, "geometry": { "type": "LineString", "coordinates": [ [ -99.6949, 29.3208 ], [ -99.7069, 29.3124 ] ] } },
{ "type": "Feature", "properties": { "faultType": "normal fault, certain" }, "geometry": { "type": "LineString", "coordinates": [ [ -103.4743, 29.2545 ], [ -103.4812, 29.2822 ] ] } },
{ "type": "Feature", "properties": { "faultType": "normal fault, certain" }, "geometry": { "type": "LineString", "coordinates": [ [ -99.7831, 29.3257 ], [ -99.8343, 29.3115 ] ] } },
{ "type": "Feature", "properties": { "faultType": "normal fault, certain" }, "geometry": { "type": "LineString", "coordinates": [ [ -100.35, 29.3109 ], [ -100.3193, 29.3272 ] ] } },
{ "type": "Feature", "properties": { "faultType": "normal fault, certain" }, "geometry": { "type": "LineString", "coordinates": [ [ -103.7591, 29.2612 ], [ -103.7424, 29.2432 ] ] } },
{ "type": "Feature", "properties": { "faultType": "normal fault, certain" }, "geometry": { "type": "LineString", "coordinates": [ [ -103.5005, 29.2512 ], [ -103.5108, 29.264 ] ] } },
{ "type": "Feature", "properties": { "faultType": "normal fault, certain" }, "geometry": { "type": "LineString", "coordinates": [ [ -98.9745, 29.3052 ], [ -98.9581, 29.3117 ] ] } },
{ "type": "Feature", "properties": { "faultType": "normal fault, certain" }, "geometry": { "type": "LineString", "coordinates": [ [ -103.7424, 29.2432 ], [ -103.7392, 29.241 ] ] } },
{ "type": "Feature", "properties": { "faultType": "normal fault, certain" }, "geometry": { "type": "LineString", "coordinates": [ [ -103.764, 29.259 ], [ -103.7392, 29.241 ] ] } },
{ "type": "Feature", "properties": { "faultType": "normal fault, certain" }, "geometry": { "type": "LineString", "coordinates": [ [ -102.9878, 29.2645 ], [ -102.9908, 29.2819 ] ] } },
{ "type": "Feature", "properties": { "faultType": "normal fault, certain" }, "geometry": { "type": "LineString", "coordinates": [ [ -103.508, 29.276 ], [ -103.4972, 29.2485 ] ] } },
{ "type": "Feature", "properties": { "faultType": "normal fault, certain" }, "geometry": { "type": "LineString", "coordinates": [ [ -103.7342, 29.2399 ], [ -103.7475, 29.2627 ] ] } },
{ "type": "Feature", "properties": { "faultType": "normal fault, certain" }, "geometry": { "type": "LineString", "coordinates": [ [ -103.7392, 29.241 ], [ -103.7342, 29.2399 ] ] } },
{ "type": "Feature", "properties": { "faultType": "normal fault, certain" }, "geometry": { "type": "LineString", "coordinates": [ [ -100.2057, 29.3352 ], [ -100.2704, 29.3056 ] ] } },
{ "type": "Feature", "properties": { "faultType": "normal fault, certain" }, "geometry": { "type": "LineString", "coordinates": [ [ -100.2704, 29.3056 ], [ -100.2947, 29.3068 ] ] } },
{ "type": "Feature", "properties": { "faultType": "normal fault, certain" }, "geometry": { "type": "LineString", "coordinates": [ [ -100.1741, 29.3052 ], [ -100.156, 29.3094 ] ] } },
{ "type": "Feature", "properties": { "faultType": "normal fault, certain" }, "geometry": { "type": "LineString", "coordinates": [ [ -99.7961, 29.3051 ], [ -99.7707, 29.3196 ] ] } },
{ "type": "Feature", "properties": { "faultType": "normal fault, certain" }, "geometry": { "type": "LineString", "coordinates": [ [ -99.7963, 29.3139 ], [ -99.7961, 29.3051 ] ] } },
{ "type": "Feature", "properties": { "faultType": "normal fault, certain" }, "geometry": { "type": "LineString", "coordinates": [ [ -100.0959, 29.3085 ], [ -100.1263, 29.305 ] ] } },
{ "type": "Feature", "properties": { "faultType": "normal fault, certain" }, "geometry": { "type": "LineString", "coordinates": [ [ -103.7809, 29.2457 ], [ -103.7675, 29.2353 ] ] } },
{ "type": "Feature", "properties": { "faultType": "normal fault, certain" }, "geometry": { "type": "LineString", "coordinates": [ [ -100.4229, 29.3078 ], [ -100.4368, 29.3017 ] ] } },
{ "type": "Feature", "properties": { "faultType": "normal fault, certain" }, "geometry": { "type": "LineString", "coordinates": [ [ -98.5374, 29.2922 ], [ -98.4706, 29.3269 ] ] } },
{ "type": "Feature", "properties": { "faultType": "normal fault, certain" }, "geometry": { "type": "LineString", "coordinates": [ [ -103.6896, 29.2368 ], [ -103.702, 29.2463 ] ] } },
{ "type": "Feature", "properties": { "faultType": "normal fault, certain" }, "geometry": { "type": "LineString", "coordinates": [ [ -103.7225, 29.2482 ], [ -103.7028, 29.2362 ] ] } },
{ "type": "Feature", "properties": { "faultType": "normal fault, certain" }, "geometry": { "type": "LineString", "coordinates": [ [ -100.1839, 29.3016 ], [ -100.1687, 29.3168 ] ] } },
{ "type": "Feature", "properties": { "faultType": "normal fault, certain" }, "geometry": { "type": "LineString", "coordinates": [ [ -103.7124, 29.2348 ], [ -103.7487, 29.2665 ] ] } },
{ "type": "Feature", "properties": { "faultType": "normal fault, certain" }, "geometry": { "type": "LineString", "coordinates": [ [ -103.7342, 29.2399 ], [ -103.7124, 29.2348 ] ] } },
{ "type": "Feature", "properties": { "faultType": "normal fault, certain" }, "geometry": { "type": "LineString", "coordinates": [ [ -102.9628, 29.3242 ], [ -102.9538, 29.3076 ], [ -102.9564, 29.2585 ] ] } },
{ "type": "Feature", "properties": { "faultType": "normal fault, certain" }, "geometry": { "type": "LineString", "coordinates": [ [ -102.9759, 29.2856 ], [ -102.9564, 29.2585 ] ] } },
{ "type": "Feature", "properties": { "faultType": "normal fault, certain" }, "geometry": { "type": "LineString", "coordinates": [ [ -100.2704, 29.3056 ], [ -100.2861, 29.2991 ] ] } },
{ "type": "Feature", "properties": { "faultType": "normal fault, certain" }, "geometry": { "type": "LineString", "coordinates": [ [ -103.6991, 29.2541 ], [ -103.68, 29.2334 ] ] } },
{ "type": "Feature", "properties": { "faultType": "normal fault, certain" }, "geometry": { "type": "LineString", "coordinates": [ [ -103.68, 29.2334 ], [ -103.6896, 29.2368 ] ] } },
{ "type": "Feature", "properties": { "faultType": "normal fault, certain" }, "geometry": { "type": "LineString", "coordinates": [ [ -103.6953, 29.232 ], [ -103.6896, 29.2368 ] ] } },
{ "type": "Feature", "properties": { "faultType": "normal fault, certain" }, "geometry": { "type": "LineString", "coordinates": [ [ -100.1971, 29.2975 ], [ -100.1831, 29.3201 ] ] } },
{ "type": "Feature", "properties": { "faultType": "normal fault, certain" }, "geometry": { "type": "LineString", "coordinates": [ [ -98.4452, 29.291 ], [ -98.4617, 29.2852 ] ] } },
{ "type": "Feature", "properties": { "faultType": "normal fault, certain" }, "geometry": { "type": "LineString", "coordinates": [ [ -103.6965, 29.2303 ], [ -103.6953, 29.232 ] ] } },
{ "type": "Feature", "properties": { "faultType": "normal fault, certain" }, "geometry": { "type": "LineString", "coordinates": [ [ -103.6761, 29.2305 ], [ -103.68, 29.2334 ] ] } },
{ "type": "Feature", "properties": { "faultType": "normal fault, certain" }, "geometry": { "type": "LineString", "coordinates": [ [ -103.7843, 29.2379 ], [ -103.7703, 29.2271 ] ] } },
{ "type": "Feature", "properties": { "faultType": "normal fault, certain" }, "geometry": { "type": "LineString", "coordinates": [ [ -99.0767, 29.2951 ], [ -99.0841, 29.2912 ] ] } },
{ "type": "Feature", "properties": { "faultType": "normal fault, certain" }, "geometry": { "type": "LineString", "coordinates": [ [ -103.7124, 29.2348 ], [ -103.6965, 29.2303 ] ] } },
{ "type": "Feature", "properties": { "faultType": "normal fault, certain" }, "geometry": { "type": "LineString", "coordinates": [ [ -98.4751, 29.2826 ], [ -98.4826, 29.2791 ] ] } },
{ "type": "Feature", "properties": { "faultType": "normal fault, certain" }, "geometry": { "type": "LineString", "coordinates": [ [ -103.0196, 29.2878 ], [ -103.0004, 29.2458 ] ] } },
{ "type": "Feature", "properties": { "faultType": "normal fault, certain" }, "geometry": { "type": "LineString", "coordinates": [ [ -100.1849, 29.3234 ], [ -100.2312, 29.2881 ] ] } },
{ "type": "Feature", "properties": { "faultType": "normal fault, certain" }, "geometry": { "type": "LineString", "coordinates": [ [ -99.7963, 29.3139 ], [ -99.8352, 29.288 ] ] } },
{ "type": "Feature", "properties": { "faultType": "normal fault, certain" }, "geometry": { "type": "LineString", "coordinates": [ [ -102.9564, 29.2585 ], [ -102.9462, 29.246 ] ] } },
{ "type": "Feature", "properties": { "faultType": "normal fault, certain" }, "geometry": { "type": "LineString", "coordinates": [ [ -103.6815, 29.2224 ], [ -103.6953, 29.232 ] ] } },
{ "type": "Feature", "properties": { "faultType": "normal fault, certain" }, "geometry": { "type": "LineString", "coordinates": [ [ -99.0935, 29.288 ], [ -99.1112, 29.2833 ] ] } },
{ "type": "Feature", "properties": { "faultType": "normal fault, certain" }, "geometry": { "type": "LineString", "coordinates": [ [ -98.8375, 29.2865 ], [ -98.8547, 29.279 ] ] } },
{ "type": "Feature", "properties": { "faultType": "normal fault, certain" }, "geometry": { "type": "LineString", "coordinates": [ [ -103.7267, 29.2177 ], [ -103.7712, 29.2479 ] ] } },
{ "type": "Feature", "properties": { "faultType": "normal fault, certain" }, "geometry": { "type": "LineString", "coordinates": [ [ -99.8302, 29.2816 ], [ -99.7961, 29.3051 ] ] } },
{ "type": "Feature", "properties": { "faultType": "normal fault, certain" }, "geometry": { "type": "LineString", "coordinates": [ [ -102.9803, 29.2384 ], [ -102.9878, 29.2645 ] ] } },
{ "type": "Feature", "properties": { "faultType": "normal fault, certain" }, "geometry": { "type": "LineString", "coordinates": [ [ -102.9462, 29.246 ], [ -102.9409, 29.239 ] ] } },
{ "type": "Feature", "properties": { "faultType": "normal fault, certain" }, "geometry": { "type": "LineString", "coordinates": [ [ -99.7151, 29.2826 ], [ -99.7214, 29.2787 ] ] } },
{ "type": "Feature", "properties": { "faultType": "normal fault, certain" }, "geometry": { "type": "LineString", "coordinates": [ [ -99.7353, 29.2833 ], [ -99.7214, 29.2787 ] ] } },
{ "type": "Feature", "properties": { "faultType": "normal fault, certain" }, "geometry": { "type": "LineString", "coordinates": [ [ -103.6387, 29.2152 ], [ -103.6187, 29.2186 ] ] } },
{ "type": "Feature", "properties": { "faultType": "normal fault, certain" }, "geometry": { "type": "LineString", "coordinates": [ [ -103.0004, 29.2458 ], [ -102.9926, 29.2358 ] ] } },
{ "type": "Feature", "properties": { "faultType": "normal fault, certain" }, "geometry": { "type": "LineString", "coordinates": [ [ -102.9403, 29.2489 ], [ -102.9372, 29.2373 ] ] } },
{ "type": "Feature", "properties": { "faultType": "normal fault, certain" }, "geometry": { "type": "LineString", "coordinates": [ [ -102.9372, 29.2373 ], [ -102.9409, 29.239 ] ] } },
{ "type": "Feature", "properties": { "faultType": "normal fault, certain" }, "geometry": { "type": "LineString", "coordinates": [ [ -102.9337, 29.2367 ], [ -102.9372, 29.2373 ] ] } },
{ "type": "Feature", "properties": { "faultType": "normal fault, certain" }, "geometry": { "type": "LineString", "coordinates": [ [ -100.0785, 29.2777 ], [ -100.0434, 29.2812 ] ] } },
{ "type": "Feature", "properties": { "faultType": "normal fault, certain" }, "geometry": { "type": "LineString", "coordinates": [ [ -100.052, 29.3062 ], [ -100.0785, 29.2777 ] ] } },
{ "type": "Feature", "properties": { "faultType": "normal fault, certain" }, "geometry": { "type": "LineString", "coordinates": [ [ -102.9315, 29.2354 ], [ -102.9337, 29.2367 ] ] } },
{ "type": "Feature", "properties": { "faultType": "normal fault, certain" }, "geometry": { "type": "LineString", "coordinates": [ [ -102.9462, 29.246 ], [ -102.9476, 29.2347 ] ] } },
{ "type": "Feature", "properties": { "faultType": "normal fault, certain" }, "geometry": { "type": "LineString", "coordinates": [ [ -100.0913, 29.2754 ], [ -100.0785, 29.2777 ] ] } },
{ "type": "Feature", "properties": { "faultType": "normal fault, certain" }, "geometry": { "type": "LineString", "coordinates": [ [ -103.7231, 29.2199 ], [ -103.7061, 29.2091 ] ] } },
{ "type": "Feature", "properties": { "faultType": "normal fault, certain" }, "geometry": { "type": "LineString", "coordinates": [ [ -103.4823, 29.2305 ], [ -103.4814, 29.2168 ] ] } },
{ "type": "Feature", "properties": { "faultType": "normal fault, certain" }, "geometry": { "type": "LineString", "coordinates": [ [ -99.7214, 29.2787 ], [ -99.728, 29.274 ] ] } },
{ "type": "Feature", "properties": { "faultType": "normal fault, certain" }, "geometry": { "type": "LineString", "coordinates": [ [ -102.9152, 29.2718 ], [ -102.9139, 29.2583 ], [ -102.883, 29.2328 ] ] } },
{ "type": "Feature", "properties": { "faultType": "normal fault, certain" }, "geometry": { "type": "LineString", "coordinates": [ [ -102.8879, 29.2453 ], [ -102.8824, 29.2326 ] ] } },
{ "type": "Feature", "properties": { "faultType": "normal fault, certain" }, "geometry": { "type": "LineString", "coordinates": [ [ -102.883, 29.2328 ], [ -102.8824, 29.2326 ] ] } },
{ "type": "Feature", "properties": { "faultType": "normal fault, certain" }, "geometry": { "type": "LineString", "coordinates": [ [ -100.2123, 29.2957 ], [ -100.243, 29.2724 ] ] } },
{ "type": "Feature", "properties": { "faultType": "normal fault, certain" }, "geometry": { "type": "LineString", "coordinates": [ [ -103.4905, 29.2281 ], [ -103.4843, 29.2134 ] ] } },
{ "type": "Feature", "properties": { "faultType": "normal fault, certain" }, "geometry": { "type": "LineString", "coordinates": [ [ -100.0599, 29.2765 ], [ -100.0904, 29.2719 ] ] } },
{ "type": "Feature", "properties": { "faultType": "normal fault, certain" }, "geometry": { "type": "LineString", "coordinates": [ [ -103.6965, 29.2303 ], [ -103.6664, 29.206 ] ] } },
{ "type": "Feature", "properties": { "faultType": "normal fault, certain" }, "geometry": { "type": "LineString", "coordinates": [ [ -102.921, 29.229 ], [ -102.9315, 29.2354 ] ] } },
{ "type": "Feature", "properties": { "faultType": "normal fault, certain" }, "geometry": { "type": "LineString", "coordinates": [ [ -103.6489, 29.2047 ], [ -103.645, 29.2095 ] ] } },
{ "type": "Feature", "properties": { "faultType": "normal fault, certain" }, "geometry": { "type": "LineString", "coordinates": [ [ -103.6991, 29.2541 ], [ -103.6794, 29.2436 ], [ -103.6489, 29.2047 ] ] } },
{ "type": "Feature", "properties": { "faultType": "normal fault, certain" }, "geometry": { "type": "LineString", "coordinates": [ [ -103.5108, 29.2281 ], [ -103.4958, 29.2094 ] ] } },
{ "type": "Feature", "properties": { "faultType": "normal fault, certain" }, "geometry": { "type": "LineString", "coordinates": [ [ -98.0565, 29.2743 ], [ -98.0606, 29.2497 ] ] } },
{ "type": "Feature", "properties": { "faultType": "normal fault, certain" }, "geometry": { "type": "LineString", "coordinates": [ [ -100.0443, 29.2792 ], [ -100.0713, 29.2674 ] ] } },
{ "type": "Feature", "properties": { "faultType": "normal fault, certain" }, "geometry": { "type": "LineString", "coordinates": [ [ -103.6511, 29.2028 ], [ -103.6489, 29.2047 ] ] } },
{ "type": "Feature", "properties": { "faultType": "normal fault, certain" }, "geometry": { "type": "LineString", "coordinates": [ [ -103.6667, 29.2156 ], [ -103.6511, 29.2028 ] ] } },
{ "type": "Feature", "properties": { "faultType": "normal fault, certain" }, "geometry": { "type": "LineString", "coordinates": [ [ -102.9409, 29.239 ], [ -102.9413, 29.2235 ] ] } },
{ "type": "Feature", "properties": { "faultType": "normal fault, certain" }, "geometry": { "type": "LineString", "coordinates": [ [ -102.9413, 29.2235 ], [ -102.9476, 29.2347 ] ] } },
{ "type": "Feature", "properties": { "faultType": "normal fault, certain" }, "geometry": { "type": "LineString", "coordinates": [ [ -103.3759, 29.2138 ], [ -103.374, 29.2086 ] ] } },
{ "type": "Feature", "properties": { "faultType": "normal fault, certain" }, "geometry": { "type": "LineString", "coordinates": [ [ -103.7122, 29.1969 ], [ -103.7604, 29.2328 ] ] } },
{ "type": "Feature", "properties": { "faultType": "normal fault, certain" }, "geometry": { "type": "LineString", "coordinates": [ [ -102.9379, 29.2214 ], [ -102.9337, 29.2367 ] ] } },
{ "type": "Feature", "properties": { "faultType": "normal fault, certain" }, "geometry": { "type": "LineString", "coordinates": [ [ -102.9379, 29.2214 ], [ -102.9413, 29.2235 ] ] } },
{ "type": "Feature", "properties": { "faultType": "normal fault, certain" }, "geometry": { "type": "LineString", "coordinates": [ [ -100.0525, 29.2623 ], [ -100.0148, 29.2838 ] ] } },
{ "type": "Feature", "properties": { "faultType": "normal fault, certain" }, "geometry": { "type": "LineString", "coordinates": [ [ -98.8655, 29.2743 ], [ -98.9137, 29.2563 ] ] } },
{ "type": "Feature", "properties": { "faultType": "normal fault, certain" }, "geometry": { "type": "LineString", "coordinates": [ [ -103.3766, 29.2203 ], [ -103.3779, 29.2066 ] ] } },
{ "type": "Feature", "properties": { "faultType": "normal fault, certain" }, "geometry": { "type": "LineString", "coordinates": [ [ -100.1219, 29.3212 ], [ -100.1817, 29.2896 ], [ -100.2025, 29.2609 ] ] } },
{ "type": "Feature", "properties": { "faultType": "normal fault, certain" }, "geometry": { "type": "LineString", "coordinates": [ [ -102.9312, 29.2195 ], [ -102.9315, 29.2354 ] ] } },
{ "type": "Feature", "properties": { "faultType": "normal fault, certain" }, "geometry": { "type": "LineString", "coordinates": [ [ -102.9312, 29.2195 ], [ -102.9379, 29.2214 ] ] } },
{ "type": "Feature", "properties": { "faultType": "normal fault, certain" }, "geometry": { "type": "LineString", "coordinates": [ [ -100.3114, 29.2614 ], [ -100.2916, 29.259 ] ] } },
{ "type": "Feature", "properties": { "faultType": "normal fault, certain" }, "geometry": { "type": "LineString", "coordinates": [ [ -100.0836, 29.295 ], [ -100.1549, 29.257 ] ] } },
{ "type": "Feature", "properties": { "faultType": "normal fault, certain" }, "geometry": { "type": "LineString", "coordinates": [ [ -103.3455, 29.203 ], [ -103.3735, 29.2552 ] ] } },
{ "type": "Feature", "properties": { "faultType": "normal fault, certain" }, "geometry": { "type": "LineString", "coordinates": [ [ -103.6965, 29.1906 ], [ -103.703, 29.1948 ] ] } },
{ "type": "Feature", "properties": { "faultType": "normal fault, certain" }, "geometry": { "type": "LineString", "coordinates": [ [ -100.0252, 29.2705 ], [ -100.0418, 29.2565 ] ] } },
{ "type": "Feature", "properties": { "faultType": "normal fault, certain" }, "geometry": { "type": "LineString", "coordinates": [ [ -102.9176, 29.2147 ], [ -102.921, 29.229 ] ] } },
{ "type": "Feature", "properties": { "faultType": "normal fault, certain" }, "geometry": { "type": "LineString", "coordinates": [ [ -103.6855, 29.19 ], [ -103.7153, 29.2196 ] ] } },
{ "type": "Feature", "properties": { "faultType": "normal fault, certain" }, "geometry": { "type": "LineString", "coordinates": [ [ -103.6855, 29.19 ], [ -103.6965, 29.1906 ] ] } },
{ "type": "Feature", "properties": { "faultType": "normal fault, certain" }, "geometry": { "type": "LineString", "coordinates": [ [ -97.4961, 29.224 ], [ -97.5079, 29.2527 ] ] } },
{ "type": "Feature", "properties": { "faultType": "normal fault, certain" }, "geometry": { "type": "LineString", "coordinates": [ [ -102.8824, 29.2326 ], [ -102.8803, 29.2135 ] ] } },
{ "type": "Feature", "properties": { "faultType": "normal fault, certain" }, "geometry": { "type": "LineString", "coordinates": [ [ -102.9626, 29.2106 ], [ -102.9878, 29.2645 ] ] } },
{ "type": "Feature", "properties": { "faultType": "normal fault, certain" }, "geometry": { "type": "LineString", "coordinates": [ [ -100.2916, 29.259 ], [ -100.2735, 29.2525 ] ] } },
{ "type": "Feature", "properties": { "faultType": "normal fault, certain" }, "geometry": { "type": "LineString", "coordinates": [ [ -103.3728, 29.2332 ], [ -103.3485, 29.1979 ] ] } },
{ "type": "Feature", "properties": { "faultType": "normal fault, certain" }, "geometry": { "type": "LineString", "coordinates": [ [ -100.2916, 29.259 ], [ -100.2981, 29.2516 ] ] } },
{ "type": "Feature", "properties": { "faultType": "normal fault, certain" }, "geometry": { "type": "LineString", "coordinates": [ [ -103.7104, 29.1852 ], [ -103.7122, 29.1969 ] ] } },
{ "type": "Feature", "properties": { "faultType": "normal fault, certain" }, "geometry": { "type": "LineString", "coordinates": [ [ -102.923, 29.2103 ], [ -102.9312, 29.2195 ] ] } },
{ "type": "Feature", "properties": { "faultType": "normal fault, certain" }, "geometry": { "type": "LineString", "coordinates": [ [ -99.0096, 29.2628 ], [ -99.0523, 29.2453 ] ] } },
{ "type": "Feature", "properties": { "faultType": "normal fault, certain" }, "geometry": { "type": "LineString", "coordinates": [ [ -98.0954, 29.2597 ], [ -98.1067, 29.232 ] ] } },
{ "type": "Feature", "properties": { "faultType": "normal fault, certain" }, "geometry": { "type": "LineString", "coordinates": [ [ -102.8983, 29.2082 ], [ -102.921, 29.229 ] ] } },
{ "type": "Feature", "properties": { "faultType": "normal fault, certain" }, "geometry": { "type": "LineString", "coordinates": [ [ -98.9198, 29.2545 ], [ -98.958, 29.241 ] ] } },
{ "type": "Feature", "properties": { "faultType": "normal fault, certain" }, "geometry": { "type": "LineString", "coordinates": [ [ -103.1056, 29.1987 ], [ -103.1116, 29.2345 ] ] } },
{ "type": "Feature", "properties": { "faultType": "normal fault, certain" }, "geometry": { "type": "LineString", "coordinates": [ [ -103.6917, 29.1777 ], [ -103.7122, 29.1969 ] ] } },
{ "type": "Feature", "properties": { "faultType": "normal fault, certain" }, "geometry": { "type": "LineString", "coordinates": [ [ -103.6839, 29.1779 ], [ -103.6965, 29.1906 ] ] } },
{ "type": "Feature", "properties": { "faultType": "normal fault, certain" }, "geometry": { "type": "LineString", "coordinates": [ [ -100.2735, 29.2525 ], [ -100.2931, 29.2423 ] ] } },
{ "type": "Feature", "properties": { "faultType": "normal fault, certain" }, "geometry": { "type": "LineString", "coordinates": [ [ -103.1056, 29.1987 ], [ -103.0846, 29.1964 ] ] } },
{ "type": "Feature", "properties": { "faultType": "normal fault, certain" }, "geometry": { "type": "LineString", "coordinates": [ [ -100.0493, 29.2414 ], [ -100.0076, 29.2761 ] ] } },
{ "type": "Feature", "properties": { "faultType": "normal fault, certain" }, "geometry": { "type": "LineString", "coordinates": [ [ -99.6946, 29.2629 ], [ -99.7295, 29.2403 ] ] } },
{ "type": "Feature", "properties": { "faultType": "normal fault, certain" }, "geometry": { "type": "LineString", "coordinates": [ [ -103.6728, 29.1755 ], [ -103.6855, 29.19 ] ] } },
{ "type": "Feature", "properties": { "faultType": "normal fault, certain" }, "geometry": { "type": "LineString", "coordinates": [ [ -103.0804, 29.1887 ], [ -103.0846, 29.1964 ] ] } },
{ "type": "Feature", "properties": { "faultType": "normal fault, certain" }, "geometry": { "type": "LineString", "coordinates": [ [ -103.4824, 29.1755 ], [ -103.5075, 29.2007 ] ] } },
{ "type": "Feature", "properties": { "faultType": "normal fault, certain" }, "geometry": { "type": "LineString", "coordinates": [ [ -103.3537, 29.1795 ], [ -103.3721, 29.2046 ] ] } },
{ "type": "Feature", "properties": { "faultType": "normal fault, certain" }, "geometry": { "type": "LineString", "coordinates": [ [ -103.5231, 29.2276 ], [ -103.5167, 29.2014 ], [ -103.4966, 29.1745 ] ] } },
{ "type": "Feature", "properties": { "faultType": "normal fault, certain" }, "geometry": { "type": "LineString", "coordinates": [ [ -102.9774, 29.1905 ], [ -102.9823, 29.2095 ] ] } },
{ "type": "Feature", "properties": { "faultType": "normal fault, certain" }, "geometry": { "type": "LineString", "coordinates": [ [ -102.9476, 29.2347 ], [ -102.9533, 29.215 ], [ -102.9402, 29.1908 ] ] } },
{ "type": "Feature", "properties": { "faultType": "normal fault, certain" }, "geometry": { "type": "LineString", "coordinates": [ [ -103.4552, 29.1727 ], [ -103.4938, 29.2017 ] ] } },
{ "type": "Feature", "properties": { "faultType": "normal fault, certain" }, "geometry": { "type": "LineString", "coordinates": [ [ -102.9782, 29.2083 ], [ -102.9757, 29.1869 ] ] } },
{ "type": "Feature", "properties": { "faultType": "normal fault, certain" }, "geometry": { "type": "LineString", "coordinates": [ [ -102.9847, 29.1949 ], [ -102.9848, 29.1854 ] ] } },
{ "type": "Feature", "properties": { "faultType": "normal fault, certain" }, "geometry": { "type": "LineString", "coordinates": [ [ -103.6511, 29.2028 ], [ -103.615, 29.1647 ] ] } },
{ "type": "Feature", "properties": { "faultType": "normal fault, certain" }, "geometry": { "type": "LineString", "coordinates": [ [ -103.4203, 29.1696 ], [ -103.4288, 29.1981 ] ] } },
{ "type": "Feature", "properties": { "faultType": "normal fault, certain" }, "geometry": { "type": "LineString", "coordinates": [ [ -103.3971, 29.1683 ], [ -103.4275, 29.1938 ] ] } },
{ "type": "Feature", "properties": { "faultType": "normal fault, certain" }, "geometry": { "type": "LineString", "coordinates": [ [ -103.4435, 29.1664 ], [ -103.4501, 29.1851 ] ] } },
{ "type": "Feature", "properties": { "faultType": "normal fault, certain" }, "geometry": { "type": "LineString", "coordinates": [ [ -99.9709, 29.2437 ], [ -100.0004, 29.2234 ] ] } },
{ "type": "Feature", "properties": { "faultType": "normal fault, certain" }, "geometry": { "type": "LineString", "coordinates": [ [ -103.489, 29.1758 ], [ -103.4789, 29.1642 ] ] } },
{ "type": "Feature", "properties": { "faultType": "normal fault, certain" }, "geometry": { "type": "LineString", "coordinates": [ [ -103.3494, 29.1678 ], [ -103.377, 29.2026 ] ] } },
{ "type": "Feature", "properties": { "faultType": "normal fault, certain" }, "geometry": { "type": "LineString", "coordinates": [ [ -102.9627, 29.1982 ], [ -102.9524, 29.1772 ] ] } },
{ "type": "Feature", "properties": { "faultType": "normal fault, certain" }, "geometry": { "type": "LineString", "coordinates": [ [ -103.0804, 29.1887 ], [ -103.0531, 29.1732 ] ] } },
{ "type": "Feature", "properties": { "faultType": "normal fault, certain" }, "geometry": { "type": "LineString", "coordinates": [ [ -97.9195, 29.2173 ], [ -97.9477, 29.1972 ] ] } },
{ "type": "Feature", "properties": { "faultType": "normal fault, certain" }, "geometry": { "type": "LineString", "coordinates": [ [ -103.0777, 29.1711 ], [ -103.1056, 29.1987 ] ] } },
{ "type": "Feature", "properties": { "faultType": "normal fault, certain" }, "geometry": { "type": "LineString", "coordinates": [ [ -103.0712, 29.1712 ], [ -103.0804, 29.1887 ] ] } },
{ "type": "Feature", "properties": { "faultType": "normal fault, certain" }, "geometry": { "type": "LineString", "coordinates": [ [ -103.1917, 29.1745 ], [ -103.1909, 29.1643 ] ] } },
{ "type": "Feature", "properties": { "faultType": "normal fault, certain" }, "geometry": { "type": "LineString", "coordinates": [ [ -97.9582, 29.2129 ], [ -97.9639, 29.1925 ] ] } },
{ "type": "Feature", "properties": { "faultType": "normal fault, certain" }, "geometry": { "type": "LineString", "coordinates": [ [ -103.4949, 29.1629 ], [ -103.4917, 29.1531 ] ] } },
{ "type": "Feature", "properties": { "faultType": "normal fault, certain" }, "geometry": { "type": "LineString", "coordinates": [ [ -103.4917, 29.1531 ], [ -103.4999, 29.1558 ] ] } },
{ "type": "Feature", "properties": { "faultType": "normal fault, certain" }, "geometry": { "type": "LineString", "coordinates": [ [ -103.543, 29.2037 ], [ -103.5211, 29.148 ] ] } },
{ "type": "Feature", "properties": { "faultType": "normal fault, certain" }, "geometry": { "type": "LineString", "coordinates": [ [ -103.1725, 29.1555 ], [ -103.1624, 29.1576 ] ] } },
{ "type": "Feature", "properties": { "faultType": "normal fault, certain" }, "geometry": { "type": "LineString", "coordinates": [ [ -100.0004, 29.2234 ], [ -100.0284, 29.2012 ] ] } },
{ "type": "Feature", "properties": { "faultType": "normal fault, certain" }, "geometry": { "type": "LineString", "coordinates": [ [ -99.6998, 29.2001 ], [ -99.6877, 29.2144 ] ] } },
{ "type": "Feature", "properties": { "faultType": "normal fault, certain" }, "geometry": { "type": "LineString", "coordinates": [ [ -103.5291, 29.1399 ], [ -103.5211, 29.148 ] ] } },
{ "type": "Feature", "properties": { "faultType": "normal fault, certain" }, "geometry": { "type": "LineString", "coordinates": [ [ -103.5211, 29.148 ], [ -103.5148, 29.135 ] ] } },
{ "type": "Feature", "properties": { "faultType": "normal fault, certain" }, "geometry": { "type": "LineString", "coordinates": [ [ -98.7301, 29.1845 ], [ -98.6212, 29.243 ] ] } },
{ "type": "Feature", "properties": { "faultType": "normal fault, certain" }, "geometry": { "type": "LineString", "coordinates": [ [ -103.1589, 29.156 ], [ -103.1589, 29.1434 ] ] } },
{ "type": "Feature", "properties": { "faultType": "normal fault, certain" }, "geometry": { "type": "LineString", "coordinates": [ [ -99.7176, 29.1973 ], [ -99.7441, 29.1885 ] ] } },
{ "type": "Feature", "properties": { "faultType": "normal fault, certain" }, "geometry": { "type": "LineString", "coordinates": [ [ -103.4024, 29.1319 ], [ -103.4244, 29.1603 ] ] } },
{ "type": "Feature", "properties": { "faultType": "normal fault, certain" }, "geometry": { "type": "LineString", "coordinates": [ [ -99.6759, 29.1987 ], [ -99.6752, 29.1845 ] ] } },
{ "type": "Feature", "properties": { "faultType": "normal fault, certain" }, "geometry": { "type": "LineString", "coordinates": [ [ -103.3504, 29.1295 ], [ -103.3809, 29.1533 ] ] } },
{ "type": "Feature", "properties": { "faultType": "normal fault, certain" }, "geometry": { "type": "LineString", "coordinates": [ [ -100.028, 29.2103 ], [ -100.0761, 29.1817 ] ] } },
{ "type": "Feature", "properties": { "faultType": "normal fault, certain" }, "geometry": { "type": "LineString", "coordinates": [ [ -103.4688, 29.1148 ], [ -103.4917, 29.1531 ] ] } },
{ "type": "Feature", "properties": { "faultType": "normal fault, certain" }, "geometry": { "type": "LineString", "coordinates": [ [ -103.5195, 29.1796 ], [ -103.4742, 29.1134 ] ] } },
{ "type": "Feature", "properties": { "faultType": "normal fault, certain" }, "geometry": { "type": "LineString", "coordinates": [ [ -103.3157, 29.1129 ], [ -103.3746, 29.172 ], [ -103.3857, 29.1991 ] ] } },
{ "type": "Feature", "properties": { "faultType": "normal fault, certain" }, "geometry": { "type": "LineString", "coordinates": [ [ -103.3157, 29.1129 ], [ -103.3658, 29.1284 ] ] } },
{ "type": "Feature", "properties": { "faultType": "normal fault, certain" }, "geometry": { "type": "LineString", "coordinates": [ [ -103.3099, 29.1115 ], [ -103.3157, 29.1129 ] ] } },
{ "type": "Feature", "properties": { "faultType": "normal fault, certain" }, "geometry": { "type": "LineString", "coordinates": [ [ -98.8133, 29.1565 ], [ -98.7592, 29.2222 ] ] } },
{ "type": "Feature", "properties": { "faultType": "normal fault, certain" }, "geometry": { "type": "LineString", "coordinates": [ [ -97.7873, 29.1482 ], [ -97.8025, 29.1353 ] ] } },
{ "type": "Feature", "properties": { "faultType": "normal fault, certain" }, "geometry": { "type": "LineString", "coordinates": [ [ -97.7722, 29.1472 ], [ -97.7938, 29.133 ] ] } },
{ "type": "Feature", "properties": { "faultType": "normal fault, certain" }, "geometry": { "type": "LineString", "coordinates": [ [ -103.4869, 29.1212 ], [ -103.4695, 29.0975 ] ] } },
{ "type": "Feature", "properties": { "faultType": "normal fault, certain" }, "geometry": { "type": "LineString", "coordinates": [ [ -103.3823, 29.1344 ], [ -103.3239, 29.1 ] ] } },
{ "type": "Feature", "properties": { "faultType": "normal fault, certain" }, "geometry": { "type": "LineString", "coordinates": [ [ -99.0098, 29.1701 ], [ -99.0003, 29.1477 ] ] } },
{ "type": "Feature", "properties": { "faultType": "normal fault, certain" }, "geometry": { "type": "LineString", "coordinates": [ [ -97.7331, 29.1653 ], [ -97.7647, 29.1256 ] ] } },
{ "type": "Feature", "properties": { "faultType": "normal fault, certain" }, "geometry": { "type": "LineString", "coordinates": [ [ -99.0141, 29.1715 ], [ -99.0279, 29.1426 ] ] } },
{ "type": "Feature", "properties": { "faultType": "normal fault, certain" }, "geometry": { "type": "LineString", "coordinates": [ [ -103.3777, 29.0914 ], [ -103.3996, 29.1233 ] ] } },
{ "type": "Feature", "properties": { "faultType": "normal fault, certain" }, "geometry": { "type": "LineString", "coordinates": [ [ -103.1103, 29.0997 ], [ -103.1167, 29.1414 ] ] } },
{ "type": "Feature", "properties": { "faultType": "normal fault, certain" }, "geometry": { "type": "LineString", "coordinates": [ [ -98.3079, 29.1856 ], [ -98.336, 29.1325 ] ] } },
{ "type": "Feature", "properties": { "faultType": "normal fault, certain" }, "geometry": { "type": "LineString", "coordinates": [ [ -103.3519, 29.1033 ], [ -103.3363, 29.0914 ] ] } },
{ "type": "Feature", "properties": { "faultType": "normal fault, certain" }, "geometry": { "type": "LineString", "coordinates": [ [ -98.394, 29.1666 ], [ -98.4029, 29.1323 ] ] } },
{ "type": "Feature", "properties": { "faultType": "normal fault, certain" }, "geometry": { "type": "LineString", "coordinates": [ [ -97.7515, 29.163 ], [ -97.776, 29.1205 ] ] } },
{ "type": "Feature", "properties": { "faultType": "normal fault, certain" }, "geometry": { "type": "LineString", "coordinates": [ [ -98.4095, 29.1732 ], [ -98.4238, 29.1277 ] ] } },
{ "type": "Feature", "properties": { "faultType": "normal fault, certain" }, "geometry": { "type": "LineString", "coordinates": [ [ -100.288, 29.1367 ], [ -100.2556, 29.1512 ] ] } },
{ "type": "Feature", "properties": { "faultType": "normal fault, certain" }, "geometry": { "type": "LineString", "coordinates": [ [ -103.3911, 29.0933 ], [ -103.3788, 29.0773 ] ] } },
{ "type": "Feature", "properties": { "faultType": "normal fault, certain" }, "geometry": { "type": "LineString", "coordinates": [ [ -97.8112, 29.1306 ], [ -97.8558, 29.1076 ] ] } },
{ "type": "Feature", "properties": { "faultType": "normal fault, certain" }, "geometry": { "type": "LineString", "coordinates": [ [ -97.8021, 29.1288 ], [ -97.8411, 29.1071 ] ] } },
{ "type": "Feature", "properties": { "faultType": "normal fault, certain" }, "geometry": { "type": "LineString", "coordinates": [ [ -103.4794, 29.1556 ], [ -103.454, 29.0926 ], [ -103.4223, 29.0696 ] ] } },
{ "type": "Feature", "properties": { "faultType": "normal fault, certain" }, "geometry": { "type": "LineString", "coordinates": [ [ -98.4374, 29.1519 ], [ -98.4632, 29.1131 ] ] } },
{ "type": "Feature", "properties": { "faultType": "normal fault, certain" }, "geometry": { "type": "LineString", "coordinates": [ [ -103.1063, 29.0772 ], [ -103.1103, 29.0997 ] ] } },
{ "type": "Feature", "properties": { "faultType": "normal fault, certain" }, "geometry": { "type": "LineString", "coordinates": [ [ -103.4017, 29.0646 ], [ -103.4338, 29.0886 ], [ -103.4721, 29.153 ] ] } },
{ "type": "Feature", "properties": { "faultType": "normal fault, certain" }, "geometry": { "type": "LineString", "coordinates": [ [ -103.4258, 29.0797 ], [ -103.4017, 29.0646 ] ] } },
{ "type": "Feature", "properties": { "faultType": "normal fault, certain" }, "geometry": { "type": "LineString", "coordinates": [ [ -103.3957, 29.0616 ], [ -103.4226, 29.0853 ] ] } },
{ "type": "Feature", "properties": { "faultType": "normal fault, certain" }, "geometry": { "type": "LineString", "coordinates": [ [ -103.3644, 29.0591 ], [ -103.4337, 29.1159 ], [ -103.4877, 29.1827 ] ] } },
{ "type": "Feature", "properties": { "faultType": "normal fault, certain" }, "geometry": { "type": "LineString", "coordinates": [ [ -98.0373, 29.1112 ], [ -98.0813, 29.0926 ] ] } },
{ "type": "Feature", "properties": { "faultType": "normal fault, certain" }, "geometry": { "type": "LineString", "coordinates": [ [ -99.1512, 29.1336 ], [ -99.1799, 29.1064 ] ] } },
{ "type": "Feature", "properties": { "faultType": "normal fault, certain" }, "geometry": { "type": "LineString", "coordinates": [ [ -103.1267, 29.074 ], [ -103.1217, 29.0451 ] ] } },
{ "type": "Feature", "properties": { "faultType": "normal fault, certain" }, "geometry": { "type": "LineString", "coordinates": [ [ -103.4017, 29.0646 ], [ -103.3897, 29.0349 ] ] } },
{ "type": "Feature", "properties": { "faultType": "normal fault, certain" }, "geometry": { "type": "LineString", "coordinates": [ [ -103.2676, 29.1568 ], [ -103.2113, 29.0311 ] ] } },
{ "type": "Feature", "properties": { "faultType": "normal fault, certain" }, "geometry": { "type": "LineString", "coordinates": [ [ -98.9907, 29.0743 ], [ -98.9682, 29.094 ] ] } },
{ "type": "Feature", "properties": { "faultType": "normal fault, certain" }, "geometry": { "type": "LineString", "coordinates": [ [ -103.1773, 29.0224 ], [ -103.2044, 29.0771 ] ] } },
{ "type": "Feature", "properties": { "faultType": "normal fault, certain" }, "geometry": { "type": "LineString", "coordinates": [ [ -98.8882, 29.0643 ], [ -98.8444, 29.1214 ] ] } },
{ "type": "Feature", "properties": { "faultType": "normal fault, certain" }, "geometry": { "type": "LineString", "coordinates": [ [ -103.2012, 29.0297 ], [ -103.1999, 29.0184 ] ] } },
{ "type": "Feature", "properties": { "faultType": "normal fault, certain" }, "geometry": { "type": "LineString", "coordinates": [ [ -98.203, 29.096 ], [ -98.2383, 29.0477 ] ] } },
{ "type": "Feature", "properties": { "faultType": "normal fault, certain" }, "geometry": { "type": "LineString", "coordinates": [ [ -103.1498, 29.0098 ], [ -103.1704, 29.0198 ] ] } },
{ "type": "Feature", "properties": { "faultType": "normal fault, certain" }, "geometry": { "type": "LineString", "coordinates": [ [ -103.1217, 29.0451 ], [ -103.1142, 29.0093 ] ] } },
{ "type": "Feature", "properties": { "faultType": "normal fault, certain" }, "geometry": { "type": "LineString", "coordinates": [ [ -98.5499, 29.0844 ], [ -98.5585, 29.0416 ] ] } },
{ "type": "Feature", "properties": { "faultType": "normal fault, certain" }, "geometry": { "type": "LineString", "coordinates": [ [ -98.3183, 29.0632 ], [ -98.3698, 29.0287 ] ] } },
{ "type": "Feature", "properties": { "faultType": "normal fault, certain" }, "geometry": { "type": "LineString", "coordinates": [ [ -98.3416, 29.0936 ], [ -98.3698, 29.0287 ] ] } },
{ "type": "Feature", "properties": { "faultType": "normal fault, certain" }, "geometry": { "type": "LineString", "coordinates": [ [ -103.1212, 28.9915 ], [ -103.1217, 29.0451 ] ] } },
{ "type": "Feature", "properties": { "faultType": "normal fault, certain" }, "geometry": { "type": "LineString", "coordinates": [ [ -103.1625, 29.0703 ], [ -103.1369, 29.0062 ], [ -103.1212, 28.9915 ] ] } },
{ "type": "Feature", "properties": { "faultType": "normal fault, certain" }, "geometry": { "type": "LineString", "coordinates": [ [ -98.3698, 29.0287 ], [ -98.3734, 29.0253 ] ] } },
{ "type": "Feature", "properties": { "faultType": "normal fault, certain" }, "geometry": { "type": "LineString", "coordinates": [ [ -99.7171, 29.0465 ], [ -99.7211, 29.036 ] ] } },
{ "type": "Feature", "properties": { "faultType": "normal fault, certain" }, "geometry": { "type": "LineString", "coordinates": [ [ -103.1212, 28.9915 ], [ -103.1162, 28.9878 ] ] } },
{ "type": "Feature", "properties": { "faultType": "normal fault, certain" }, "geometry": { "type": "LineString", "coordinates": [ [ -103.1414, 29.0052 ], [ -103.1322, 28.9855 ] ] } },
{ "type": "Feature", "properties": { "faultType": "normal fault, certain" }, "geometry": { "type": "LineString", "coordinates": [ [ -99.7232, 29.0335 ], [ -99.7346, 29.0126 ] ] } },
{ "type": "Feature", "properties": { "faultType": "normal fault, certain" }, "geometry": { "type": "LineString", "coordinates": [ [ -98.3877, 29.0229 ], [ -98.4203, 29.0002 ] ] } },
{ "type": "Feature", "properties": { "faultType": "normal fault, certain" }, "geometry": { "type": "LineString", "coordinates": [ [ -98.4074, 29.0156 ], [ -98.4257, 29.0002 ] ] } },
{ "type": "Feature", "properties": { "faultType": "normal fault, certain" }, "geometry": { "type": "LineString", "coordinates": [ [ -98.4203, 29.0002 ], [ -98.4376, 28.9839 ] ] } },
{ "type": "Feature", "properties": { "faultType": "normal fault, certain" }, "geometry": { "type": "LineString", "coordinates": [ [ -98.331, 28.9899 ], [ -98.3497, 28.9822 ] ] } },
{ "type": "Feature", "properties": { "faultType": "normal fault, certain" }, "geometry": { "type": "LineString", "coordinates": [ [ -98.4257, 29.0002 ], [ -98.4507, 28.9809 ] ] } },
{ "type": "Feature", "properties": { "faultType": "normal fault, certain" }, "geometry": { "type": "LineString", "coordinates": [ [ -98.367, 28.9627 ], [ -98.3887, 28.9486 ] ] } },
{ "type": "Feature", "properties": { "faultType": "normal fault, certain" }, "geometry": { "type": "LineString", "coordinates": [ [ -98.3576, 28.9789 ], [ -98.4108, 28.9435 ] ] } },
{ "type": "Feature", "properties": { "faultType": "normal fault, certain" }, "geometry": { "type": "LineString", "coordinates": [ [ -100.3302, 28.9534 ], [ -100.3128, 28.9651 ] ] } },
{ "type": "Feature", "properties": { "faultType": "normal fault, certain" }, "geometry": { "type": "LineString", "coordinates": [ [ -100.356, 28.9532 ], [ -100.3021, 29.0002 ] ] } },
{ "type": "Feature", "properties": { "faultType": "normal fault, certain" }, "geometry": { "type": "LineString", "coordinates": [ [ -98.0086, 28.9303 ], [ -97.999, 28.9501 ] ] } },
{ "type": "Feature", "properties": { "faultType": "normal fault, certain" }, "geometry": { "type": "LineString", "coordinates": [ [ -100.3102, 28.9614 ], [ -100.3181, 28.9489 ] ] } },
{ "type": "Feature", "properties": { "faultType": "normal fault, certain" }, "geometry": { "type": "LineString", "coordinates": [ [ -99.0913, 28.9358 ], [ -99.0599, 28.9467 ] ] } },
{ "type": "Feature", "properties": { "faultType": "normal fault, certain" }, "geometry": { "type": "LineString", "coordinates": [ [ -98.4939, 28.9511 ], [ -98.5493, 28.9171 ] ] } },
{ "type": "Feature", "properties": { "faultType": "normal fault, certain" }, "geometry": { "type": "LineString", "coordinates": [ [ -99.1006, 28.9329 ], [ -99.1432, 28.9194 ] ] } },
{ "type": "Feature", "properties": { "faultType": "normal fault, certain" }, "geometry": { "type": "LineString", "coordinates": [ [ -98.0938, 28.9486 ], [ -98.1218, 28.9312 ], [ -98.1531, 28.8945 ] ] } },
{ "type": "Feature", "properties": { "faultType": "normal fault, certain" }, "geometry": { "type": "LineString", "coordinates": [ [ -98.1915, 28.8843 ], [ -98.1742, 28.8997 ] ] } },
{ "type": "Feature", "properties": { "faultType": "normal fault, certain" }, "geometry": { "type": "LineString", "coordinates": [ [ -100.3489, 28.8928 ], [ -100.3022, 28.9551 ] ] } },
{ "type": "Feature", "properties": { "faultType": "normal fault, certain" }, "geometry": { "type": "LineString", "coordinates": [ [ -99.321, 28.8896 ], [ -99.3456, 28.9363 ] ] } },
{ "type": "Feature", "properties": { "faultType": "normal fault, certain" }, "geometry": { "type": "LineString", "coordinates": [ [ -98.4172, 28.9257 ], [ -98.4737, 28.8746 ] ] } },
{ "type": "Feature", "properties": { "faultType": "normal fault, certain" }, "geometry": { "type": "LineString", "coordinates": [ [ -99.172, 28.8797 ], [ -99.1092, 28.8897 ], [ -99.0467, 28.9219 ] ] } },
{ "type": "Feature", "properties": { "faultType": "normal fault, certain" }, "geometry": { "type": "LineString", "coordinates": [ [ -98.4954, 28.8717 ], [ -98.427, 28.931 ] ] } },
{ "type": "Feature", "properties": { "faultType": "normal fault, certain" }, "geometry": { "type": "LineString", "coordinates": [ [ -100.2651, 28.8784 ], [ -100.2498, 28.9112 ] ] } },
{ "type": "Feature", "properties": { "faultType": "normal fault, certain" }, "geometry": { "type": "LineString", "coordinates": [ [ -100.3715, 28.8622 ], [ -100.3536, 28.8883 ] ] } },
{ "type": "Feature", "properties": { "faultType": "normal fault, certain" }, "geometry": { "type": "LineString", "coordinates": [ [ -98.5648, 28.8571 ], [ -98.534, 28.8482 ] ] } },
{ "type": "Feature", "properties": { "faultType": "normal fault, certain" }, "geometry": { "type": "LineString", "coordinates": [ [ -98.6921, 28.9613 ], [ -98.8237, 28.8766 ], [ -98.9026, 28.8412 ] ] } },
{ "type": "Feature", "properties": { "faultType": "normal fault, certain" }, "geometry": { "type": "LineString", "coordinates": [ [ -98.9097, 28.8388 ], [ -98.9323, 28.8293 ] ] } },
{ "type": "Feature", "properties": { "faultType": "normal fault, certain" }, "geometry": { "type": "LineString", "coordinates": [ [ -99.1361, 28.8299 ], [ -99.1452, 28.8286 ] ] } },
{ "type": "Feature", "properties": { "faultType": "normal fault, certain" }, "geometry": { "type": "LineString", "coordinates": [ [ -99.1562, 28.8275 ], [ -99.1652, 28.8263 ] ] } },
{ "type": "Feature", "properties": { "faultType": "normal fault, certain" }, "geometry": { "type": "LineString", "coordinates": [ [ -99.2083, 28.8217 ], [ -99.2161, 28.8207 ] ] } },
{ "type": "Feature", "properties": { "faultType": "normal fault, certain" }, "geometry": { "type": "LineString", "coordinates": [ [ -99.234, 28.8186 ], [ -99.22, 28.8201 ] ] } },
{ "type": "Feature", "properties": { "faultType": "normal fault, certain" }, "geometry": { "type": "LineString", "coordinates": [ [ -99.2405, 28.8188 ], [ -99.2435, 28.8184 ] ] } },
{ "type": "Feature", "properties": { "faultType": "normal fault, certain" }, "geometry": { "type": "LineString", "coordinates": [ [ -99.1392, 28.8105 ], [ -99.0493, 28.8458 ] ] } },
{ "type": "Feature", "properties": { "faultType": "normal fault, certain" }, "geometry": { "type": "LineString", "coordinates": [ [ -98.1449, 28.8358 ], [ -98.1889, 28.7912 ] ] } },
{ "type": "Feature", "properties": { "faultType": "normal fault, certain" }, "geometry": { "type": "LineString", "coordinates": [ [ -99.1545, 28.8023 ], [ -99.1469, 28.8063 ] ] } },
{ "type": "Feature", "properties": { "faultType": "normal fault, certain" }, "geometry": { "type": "LineString", "coordinates": [ [ -99.2908, 28.801 ], [ -99.2864, 28.8023 ] ] } },
{ "type": "Feature", "properties": { "faultType": "normal fault, certain" }, "geometry": { "type": "LineString", "coordinates": [ [ -98.1862, 28.7861 ], [ -98.1349, 28.8184 ] ] } },
{ "type": "Feature", "properties": { "faultType": "normal fault, certain" }, "geometry": { "type": "LineString", "coordinates": [ [ -99.3557, 28.7749 ], [ -99.2943, 28.7999 ] ] } },
{ "type": "Feature", "properties": { "faultType": "normal fault, certain" }, "geometry": { "type": "LineString", "coordinates": [ [ -98.6706, 28.756 ], [ -98.6293, 28.8011 ] ] } },
{ "type": "Feature", "properties": { "faultType": "normal fault, certain" }, "geometry": { "type": "LineString", "coordinates": [ [ -99.737, 28.5838 ], [ -99.7475, 28.615 ] ] } },
{ "type": "Feature", "properties": { "faultType": "normal fault, certain" }, "geometry": { "type": "LineString", "coordinates": [ [ -99.8299, 28.5377 ], [ -99.8397, 28.5262 ] ] } },
{ "type": "Feature", "properties": { "faultType": "normal fault, certain" }, "geometry": { "type": "LineString", "coordinates": [ [ -99.7159, 28.5214 ], [ -99.7348, 28.579 ] ] } },
{ "type": "Feature", "properties": { "faultType": "normal fault, certain" }, "geometry": { "type": "LineString", "coordinates": [ [ -99.6735, 28.4243 ], [ -99.7041, 28.4837 ] ] } },
{ "type": "Feature", "properties": { "faultType": "normal fault, certain" }, "geometry": { "type": "LineString", "coordinates": [ [ -99.8441, 28.5197 ], [ -99.9258, 28.4222 ] ] } },
{ "type": "Feature", "properties": { "faultType": "normal fault, certain" }, "geometry": { "type": "LineString", "coordinates": [ [ -98.175, 28.4296 ], [ -98.2487, 28.3866 ] ] } },
{ "type": "Feature", "properties": { "faultType": "normal fault, certain" }, "geometry": { "type": "LineString", "coordinates": [ [ -99.5832, 28.39 ], [ -99.5757, 28.4233 ] ] } },
{ "type": "Feature", "properties": { "faultType": "normal fault, certain" }, "geometry": { "type": "LineString", "coordinates": [ [ -99.718, 28.3621 ], [ -99.6735, 28.4243 ] ] } },
{ "type": "Feature", "properties": { "faultType": "normal fault, certain" }, "geometry": { "type": "LineString", "coordinates": [ [ -99.5952, 28.3598 ], [ -99.5844, 28.3857 ] ] } },
{ "type": "Feature", "properties": { "faultType": "normal fault, certain" }, "geometry": { "type": "LineString", "coordinates": [ [ -99.6159, 28.32 ], [ -99.5983, 28.3532 ] ] } },
{ "type": "Feature", "properties": { "faultType": "normal fault, certain" }, "geometry": { "type": "LineString", "coordinates": [ [ -98.4584, 28.2933 ], [ -98.4754, 28.2907 ] ] } },
{ "type": "Feature", "properties": { "faultType": "normal fault, certain" }, "geometry": { "type": "LineString", "coordinates": [ [ -98.4803, 28.2895 ], [ -98.5161, 28.2839 ] ] } },
{ "type": "Feature", "properties": { "faultType": "normal fault, certain" }, "geometry": { "type": "LineString", "coordinates": [ [ -99.5614, 28.2905 ], [ -99.5062, 28.364 ] ] } },
{ "type": "Feature", "properties": { "faultType": "normal fault, certain" }, "geometry": { "type": "LineString", "coordinates": [ [ -98.1765, 28.2755 ], [ -98.1837, 28.2709 ] ] } },
{ "type": "Feature", "properties": { "faultType": "normal fault, certain" }, "geometry": { "type": "LineString", "coordinates": [ [ -98.4395, 28.2912 ], [ -98.49, 28.2714 ] ] } },
{ "type": "Feature", "properties": { "faultType": "normal fault, certain" }, "geometry": { "type": "LineString", "coordinates": [ [ -99.6839, 28.2796 ], [ -99.6253, 28.3449 ] ] } },
{ "type": "Feature", "properties": { "faultType": "normal fault, certain" }, "geometry": { "type": "LineString", "coordinates": [ [ -99.6957, 28.2647 ], [ -99.6851, 28.2756 ] ] } },
{ "type": "Feature", "properties": { "faultType": "normal fault, certain" }, "geometry": { "type": "LineString", "coordinates": [ [ -99.9562, 28.3498 ], [ -99.9202, 28.2442 ] ] } },
{ "type": "Feature", "properties": { "faultType": "normal fault, certain" }, "geometry": { "type": "LineString", "coordinates": [ [ -98.2883, 28.1493 ], [ -98.2743, 28.2031 ], [ -98.2048, 28.2562 ] ] } },
{ "type": "Feature", "properties": { "faultType": "normal fault, certain" }, "geometry": { "type": "LineString", "coordinates": [ [ -98.6429, 28.0002 ], [ -98.6525, 27.9931 ] ] } },
{ "type": "Feature", "properties": { "faultType": "normal fault, certain" }, "geometry": { "type": "LineString", "coordinates": [ [ -98.6713, 28.002 ], [ -98.7113, 27.9713 ] ] } },
{ "type": "Feature", "properties": { "faultType": "normal fault, certain" }, "geometry": { "type": "LineString", "coordinates": [ [ -98.5877, 28.018 ], [ -98.6742, 27.9394 ] ] } },
{ "type": "Feature", "properties": { "faultType": "normal fault, certain" }, "geometry": { "type": "LineString", "coordinates": [ [ -98.6663, 27.9316 ], [ -98.6207, 27.9727 ], [ -98.5947, 27.9831 ] ] } },
{ "type": "Feature", "properties": { "faultType": "normal fault, certain" }, "geometry": { "type": "LineString", "coordinates": [ [ -99.099, 27.9121 ], [ -99.1105, 27.9357 ] ] } },
{ "type": "Feature", "properties": { "faultType": "normal fault, certain" }, "geometry": { "type": "LineString", "coordinates": [ [ -98.7257, 27.8985 ], [ -98.6771, 27.9373 ] ] } },
{ "type": "Feature", "properties": { "faultType": "normal fault, certain" }, "geometry": { "type": "LineString", "coordinates": [ [ -99.1209, 27.8957 ], [ -99.1229, 27.9159 ] ] } },
{ "type": "Feature", "properties": { "faultType": "normal fault, certain" }, "geometry": { "type": "LineString", "coordinates": [ [ -99.1172, 27.8722 ], [ -99.1192, 27.8894 ] ] } },
{ "type": "Feature", "properties": { "faultType": "normal fault, certain" }, "geometry": { "type": "LineString", "coordinates": [ [ -99.0771, 27.8674 ], [ -99.0885, 27.8895 ] ] } },
{ "type": "Feature", "properties": { "faultType": "normal fault, certain" }, "geometry": { "type": "LineString", "coordinates": [ [ -99.1521, 27.8796 ], [ -99.1521, 27.8471 ] ] } },
{ "type": "Feature", "properties": { "faultType": "normal fault, certain" }, "geometry": { "type": "LineString", "coordinates": [ [ -98.5713, 27.8466 ], [ -98.6502, 27.8191 ] ] } },
{ "type": "Feature", "properties": { "faultType": "normal fault, certain" }, "geometry": { "type": "LineString", "coordinates": [ [ -98.6502, 27.8191 ], [ -98.6734, 27.8235 ] ] } },
{ "type": "Feature", "properties": { "faultType": "normal fault, certain" }, "geometry": { "type": "LineString", "coordinates": [ [ -98.7394, 27.8379 ], [ -98.7798, 27.8184 ] ] } },
{ "type": "Feature", "properties": { "faultType": "normal fault, certain" }, "geometry": { "type": "LineString", "coordinates": [ [ -98.6502, 27.8191 ], [ -98.6766, 27.7964 ] ] } },
{ "type": "Feature", "properties": { "faultType": "normal fault, certain" }, "geometry": { "type": "LineString", "coordinates": [ [ -98.6766, 27.7964 ], [ -98.7187, 27.8259 ], [ -98.7355, 27.8513 ] ] } },
{ "type": "Feature", "properties": { "faultType": "normal fault, certain" }, "geometry": { "type": "LineString", "coordinates": [ [ -98.5376, 27.8123 ], [ -98.6564, 27.7771 ] ] } },
{ "type": "Feature", "properties": { "faultType": "normal fault, certain" }, "geometry": { "type": "LineString", "coordinates": [ [ -98.6564, 27.7771 ], [ -98.6766, 27.7964 ] ] } },
{ "type": "Feature", "properties": { "faultType": "normal fault, certain" }, "geometry": { "type": "LineString", "coordinates": [ [ -98.5555, 27.75 ], [ -98.5191, 27.7697 ] ] } },
{ "type": "Feature", "properties": { "faultType": "normal fault, certain" }, "geometry": { "type": "LineString", "coordinates": [ [ -98.6915, 27.7203 ], [ -98.6498, 27.7485 ] ] } },
{ "type": "Feature", "properties": { "faultType": "normal fault, certain" }, "geometry": { "type": "LineString", "coordinates": [ [ -98.6564, 27.7771 ], [ -98.7118, 27.7535 ], [ -98.7763, 27.7032 ] ] } },
{ "type": "Feature", "properties": { "faultType": "normal fault, certain" }, "geometry": { "type": "LineString", "coordinates": [ [ -99.2409, 27.7049 ], [ -99.244, 27.7172 ] ] } },
{ "type": "Feature", "properties": { "faultType": "normal fault, certain" }, "geometry": { "type": "LineString", "coordinates": [ [ -98.7085, 27.7165 ], [ -98.7383, 27.6865 ] ] } },
{ "type": "Feature", "properties": { "faultType": "normal fault, certain" }, "geometry": { "type": "LineString", "coordinates": [ [ -99.3534, 27.6962 ], [ -99.362, 27.6868 ] ] } },
{ "type": "Feature", "properties": { "faultType": "normal fault, certain" }, "geometry": { "type": "LineString", "coordinates": [ [ -99.362, 27.6868 ], [ -99.3866, 27.7086 ] ] } },
{ "type": "Feature", "properties": { "faultType": "normal fault, certain" }, "geometry": { "type": "LineString", "coordinates": [ [ -98.733, 27.7149 ], [ -98.7731, 27.6802 ] ] } },
{ "type": "Feature", "properties": { "faultType": "normal fault, certain" }, "geometry": { "type": "LineString", "coordinates": [ [ -99.362, 27.6868 ], [ -99.3629, 27.6853 ] ] } },
{ "type": "Feature", "properties": { "faultType": "normal fault, certain" }, "geometry": { "type": "LineString", "coordinates": [ [ -99.3629, 27.6853 ], [ -99.3675, 27.6822 ] ] } },
{ "type": "Feature", "properties": { "faultType": "normal fault, certain" }, "geometry": { "type": "LineString", "coordinates": [ [ -99.3675, 27.6822 ], [ -99.3718, 27.679 ] ] } },
{ "type": "Feature", "properties": { "faultType": "normal fault, certain" }, "geometry": { "type": "LineString", "coordinates": [ [ -98.7, 27.6906 ], [ -98.7716, 27.6711 ] ] } },
{ "type": "Feature", "properties": { "faultType": "normal fault, certain" }, "geometry": { "type": "LineString", "coordinates": [ [ -99.336, 27.6841 ], [ -99.3542, 27.6741 ] ] } },
{ "type": "Feature", "properties": { "faultType": "normal fault, certain" }, "geometry": { "type": "LineString", "coordinates": [ [ -99.3629, 27.6853 ], [ -99.3542, 27.6741 ] ] } },
{ "type": "Feature", "properties": { "faultType": "normal fault, certain" }, "geometry": { "type": "LineString", "coordinates": [ [ -99.3542, 27.6741 ], [ -99.3593, 27.6719 ] ] } },
{ "type": "Feature", "properties": { "faultType": "normal fault, certain" }, "geometry": { "type": "LineString", "coordinates": [ [ -99.3593, 27.6719 ], [ -99.3675, 27.6822 ] ] } },
{ "type": "Feature", "properties": { "faultType": "normal fault, certain" }, "geometry": { "type": "LineString", "coordinates": [ [ -99.2332, 27.69 ], [ -99.22, 27.663 ] ] } },
{ "type": "Feature", "properties": { "faultType": "normal fault, certain" }, "geometry": { "type": "LineString", "coordinates": [ [ -99.3342, 27.6382 ], [ -99.332, 27.6846 ] ] } },
{ "type": "Feature", "properties": { "faultType": "normal fault, certain" }, "geometry": { "type": "LineString", "coordinates": [ [ -99.3225, 27.6458 ], [ -99.321, 27.637 ] ] } },
{ "type": "Feature", "properties": { "faultType": "normal fault, certain" }, "geometry": { "type": "LineString", "coordinates": [ [ -98.6759, 27.6483 ], [ -98.6876, 27.6298 ] ] } },
{ "type": "Feature", "properties": { "faultType": "normal fault, certain" }, "geometry": { "type": "LineString", "coordinates": [ [ -99.2865, 27.6629 ], [ -99.2989, 27.6248 ] ] } },
{ "type": "Feature", "properties": { "faultType": "normal fault, certain" }, "geometry": { "type": "LineString", "coordinates": [ [ -99.3042, 27.6226 ], [ -99.2989, 27.6248 ] ] } },
{ "type": "Feature", "properties": { "faultType": "normal fault, certain" }, "geometry": { "type": "LineString", "coordinates": [ [ -99.321, 27.637 ], [ -99.3042, 27.6226 ] ] } },
{ "type": "Feature", "properties": { "faultType": "normal fault, certain" }, "geometry": { "type": "LineString", "coordinates": [ [ -99.3175, 27.618 ], [ -99.3042, 27.6226 ] ] } },
{ "type": "Feature", "properties": { "faultType": "normal fault, certain" }, "geometry": { "type": "LineString", "coordinates": [ [ -99.321, 27.637 ], [ -99.3175, 27.618 ] ] } },
{ "type": "Feature", "properties": { "faultType": "normal fault, certain" }, "geometry": { "type": "LineString", "coordinates": [ [ -99.2414, 27.6236 ], [ -99.255, 27.6157 ] ] } },
{ "type": "Feature", "properties": { "faultType": "normal fault, certain" }, "geometry": { "type": "LineString", "coordinates": [ [ -99.255, 27.6157 ], [ -99.2629, 27.6138 ] ] } },
{ "type": "Feature", "properties": { "faultType": "normal fault, certain" }, "geometry": { "type": "LineString", "coordinates": [ [ -99.2762, 27.6536 ], [ -99.2901, 27.6116 ] ] } },
{ "type": "Feature", "properties": { "faultType": "normal fault, certain" }, "geometry": { "type": "LineString", "coordinates": [ [ -99.3175, 27.618 ], [ -99.3152, 27.6071 ] ] } },
{ "type": "Feature", "properties": { "faultType": "normal fault, certain" }, "geometry": { "type": "LineString", "coordinates": [ [ -99.2989, 27.6248 ], [ -99.3097, 27.606 ] ] } },
{ "type": "Feature", "properties": { "faultType": "normal fault, certain" }, "geometry": { "type": "LineString", "coordinates": [ [ -99.3152, 27.6071 ], [ -99.3097, 27.606 ] ] } },
{ "type": "Feature", "properties": { "faultType": "normal fault, certain" }, "geometry": { "type": "LineString", "coordinates": [ [ -99.2629, 27.6138 ], [ -99.2913, 27.6041 ] ] } },
{ "type": "Feature", "properties": { "faultType": "normal fault, certain" }, "geometry": { "type": "LineString", "coordinates": [ [ -99.2141, 27.6455 ], [ -99.1962, 27.6034 ] ] } },
{ "type": "Feature", "properties": { "faultType": "normal fault, certain" }, "geometry": { "type": "LineString", "coordinates": [ [ -99.3097, 27.606 ], [ -99.2985, 27.6008 ] ] } },
{ "type": "Feature", "properties": { "faultType": "normal fault, certain" }, "geometry": { "type": "LineString", "coordinates": [ [ -99.3152, 27.6071 ], [ -99.3126, 27.5921 ] ] } },
{ "type": "Feature", "properties": { "faultType": "normal fault, certain" }, "geometry": { "type": "LineString", "coordinates": [ [ -99.3314, 27.6082 ], [ -99.3126, 27.5921 ] ] } },
{ "type": "Feature", "properties": { "faultType": "normal fault, certain" }, "geometry": { "type": "LineString", "coordinates": [ [ -99.255, 27.6157 ], [ -99.2461, 27.5778 ] ] } },
{ "type": "Feature", "properties": { "faultType": "normal fault, certain" }, "geometry": { "type": "LineString", "coordinates": [ [ -99.2629, 27.6138 ], [ -99.2844, 27.568 ] ] } },
{ "type": "Feature", "properties": { "faultType": "normal fault, certain" }, "geometry": { "type": "LineString", "coordinates": [ [ -99.3222, 27.565 ], [ -99.3317, 27.5677 ] ] } },
{ "type": "Feature", "properties": { "faultType": "normal fault, certain" }, "geometry": { "type": "LineString", "coordinates": [ [ -99.3126, 27.5921 ], [ -99.3032, 27.5634 ] ] } },
{ "type": "Feature", "properties": { "faultType": "normal fault, certain" }, "geometry": { "type": "LineString", "coordinates": [ [ -99.3032, 27.5634 ], [ -99.29, 27.5629 ] ] } },
{ "type": "Feature", "properties": { "faultType": "normal fault, certain" }, "geometry": { "type": "LineString", "coordinates": [ [ -99.3032, 27.5634 ], [ -99.3008, 27.5564 ] ] } },
{ "type": "Feature", "properties": { "faultType": "normal fault, certain" }, "geometry": { "type": "LineString", "coordinates": [ [ -99.3008, 27.5564 ], [ -99.3222, 27.565 ] ] } },
{ "type": "Feature", "properties": { "faultType": "normal fault, certain" }, "geometry": { "type": "LineString", "coordinates": [ [ -99.2, 27.5555 ], [ -99.2168, 27.6224 ] ] } },
{ "type": "Feature", "properties": { "faultType": "normal fault, certain" }, "geometry": { "type": "LineString", "coordinates": [ [ -99.3008, 27.5564 ], [ -99.2986, 27.5491 ] ] } },
{ "type": "Feature", "properties": { "faultType": "normal fault, certain" }, "geometry": { "type": "LineString", "coordinates": [ [ -99.3222, 27.565 ], [ -99.3066, 27.5374 ] ] } },
{ "type": "Feature", "properties": { "faultType": "normal fault, certain" }, "geometry": { "type": "LineString", "coordinates": [ [ -99.2453, 27.5276 ], [ -99.2399, 27.576 ], [ -99.2165, 27.6229 ] ] } },
{ "type": "Feature", "properties": { "faultType": "normal fault, certain" }, "geometry": { "type": "LineString", "coordinates": [ [ -99.2128, 26.8435 ], [ -99.2034, 26.8645 ] ] } },
{ "type": "Feature", "properties": { "faultType": "normal fault, certain" }, "geometry": { "type": "LineString", "coordinates": [ [ -99.2128, 26.8435 ], [ -99.2158, 26.8626 ] ] } },
{ "type": "Feature", "properties": { "faultType": "normal fault, certain" }, "geometry": { "type": "LineString", "coordinates": [ [ -99.2167, 26.8211 ], [ -99.2128, 26.8435 ] ] } },
{ "type": "Feature", "properties": { "faultType": "normal fault, certain" }, "geometry": { "type": "LineString", "coordinates": [ [ -99.1596, 26.7859 ], [ -99.165, 26.7805 ] ] } },
{ "type": "Feature", "properties": { "faultType": "normal fault, certain" }, "geometry": { "type": "LineString", "coordinates": [ [ -99.165, 26.7805 ], [ -99.1725, 26.7721 ] ] } },
{ "type": "Feature", "properties": { "faultType": "normal fault, certain" }, "geometry": { "type": "LineString", "coordinates": [ [ -98.92, 26.7681 ], [ -98.9464, 26.7835 ] ] } },
{ "type": "Feature", "properties": { "faultType": "normal fault, certain" }, "geometry": { "type": "LineString", "coordinates": [ [ -99.1702, 26.7703 ], [ -99.175, 26.7653 ] ] } },
{ "type": "Feature", "properties": { "faultType": "normal fault, certain" }, "geometry": { "type": "LineString", "coordinates": [ [ -99.175, 26.7653 ], [ -99.1867, 26.7567 ] ] } },
{ "type": "Feature", "properties": { "faultType": "normal fault, certain" }, "geometry": { "type": "LineString", "coordinates": [ [ -99.175, 26.7653 ], [ -99.1572, 26.7483 ] ] } },
{ "type": "Feature", "properties": { "faultType": "normal fault, certain" }, "geometry": { "type": "LineString", "coordinates": [ [ -99.1543, 26.7477 ], [ -99.165, 26.7805 ] ] } },
{ "type": "Feature", "properties": { "faultType": "normal fault, certain" }, "geometry": { "type": "LineString", "coordinates": [ [ -98.9203, 26.7249 ], [ -98.9334, 26.7551 ] ] } },
{ "type": "Feature", "properties": { "faultType": "normal fault, certain" }, "geometry": { "type": "LineString", "coordinates": [ [ -98.9203, 26.7249 ], [ -98.935, 26.7294 ] ] } },
{ "type": "Feature", "properties": { "faultType": "normal fault, certain" }, "geometry": { "type": "LineString", "coordinates": [ [ -99.1201, 26.6905 ], [ -99.1152, 26.7232 ] ] } },
{ "type": "Feature", "properties": { "faultType": "normal fault, certain" }, "geometry": { "type": "LineString", "coordinates": [ [ -99.0995, 26.648 ], [ -99.0845, 26.6451 ] ] } },
{ "type": "Feature", "properties": { "faultType": "normal fault, certain" }, "geometry": { "type": "LineString", "coordinates": [ [ -99.0848, 26.6371 ], [ -99.1115, 26.6464 ] ] } },
{ "type": "Feature", "properties": { "faultType": "normal fault, certain" }, "geometry": { "type": "LineString", "coordinates": [ [ -99.059, 26.6236 ], [ -99.0476, 26.6285 ] ] } },
{ "type": "Feature", "properties": { "faultType": "normal fault, certain" }, "geometry": { "type": "LineString", "coordinates": [ [ -99.059, 26.6236 ], [ -99.0498, 26.6468 ] ] } },
{ "type": "Feature", "properties": { "faultType": "normal fault, certain" }, "geometry": { "type": "LineString", "coordinates": [ [ -99.059, 26.6236 ], [ -99.0479, 26.6199 ] ] } },
{ "type": "Feature", "properties": { "faultType": "normal fault, certain" }, "geometry": { "type": "LineString", "coordinates": [ [ -99.0725, 26.6043 ], [ -99.0798, 26.6238 ] ] } },
{ "type": "Feature", "properties": { "faultType": "normal fault, certain" }, "geometry": { "type": "LineString", "coordinates": [ [ -99.0699, 26.5968 ], [ -99.059, 26.6236 ] ] } },
{ "type": "Feature", "properties": { "faultType": "normal fault, certain" }, "geometry": { "type": "LineString", "coordinates": [ [ -99.0699, 26.5968 ], [ -99.0725, 26.6043 ] ] } },
{ "type": "Feature", "properties": { "faultType": "normal fault, certain" }, "geometry": { "type": "LineString", "coordinates": [ [ -99.0725, 26.6043 ], [ -99.0857, 26.592 ] ] } },
{ "type": "Feature", "properties": { "faultType": "normal fault, certain" }, "geometry": { "type": "LineString", "coordinates": [ [ -99.0522, 26.5931 ], [ -99.0564, 26.589 ] ] } },
{ "type": "Feature", "properties": { "faultType": "normal fault, certain" }, "geometry": { "type": "LineString", "coordinates": [ [ -99.0607, 26.6014 ], [ -99.0564, 26.589 ] ] } },
{ "type": "Feature", "properties": { "faultType": "normal fault, certain" }, "geometry": { "type": "LineString", "coordinates": [ [ -99.0564, 26.589 ], [ -99.0583, 26.5857 ] ] } },
{ "type": "Feature", "properties": { "faultType": "normal fault, certain" }, "geometry": { "type": "LineString", "coordinates": [ [ -99.0583, 26.5857 ], [ -99.0627, 26.6017 ] ] } },
{ "type": "Feature", "properties": { "faultType": "normal fault, certain" }, "geometry": { "type": "LineString", "coordinates": [ [ -99.0583, 26.5857 ], [ -99.0618, 26.5771 ] ] } },
{ "type": "Feature", "properties": { "faultType": "normal fault, certain" }, "geometry": { "type": "LineString", "coordinates": [ [ -99.0634, 26.5696 ], [ -99.0699, 26.5968 ] ] } },
{ "type": "Feature", "properties": { "faultType": "normal fault, certain" }, "geometry": { "type": "LineString", "coordinates": [ [ -99.1325, 26.5561 ], [ -99.1025, 26.5435 ] ] } }
]
}
